stat_month,region_level,sido_name,sigungu_name,vehicle_type,use_type,registration_count,unit,source_measure_key,source_form_id,source_row_no,is_aggregate
202604,시군구,서울,강남구,truck,private,13526,대,화물>자가용,5498,1,0
202604,시군구,서울,강남구,special,official,17,대,특수>관용,5498,1,0
202604,시군구,서울,강남구,truck,total,15767,대,화물>계,5498,1,1
202604,시군구,서울,강남구,total,private,235832,대,총계>자가용,5498,1,1
202604,시군구,서울,강남구,van,private,3672,대,승합>자가용,5498,1,0
202604,시군구,서울,강남구,special,total,558,대,특수>계,5498,1,1
202604,시군구,서울,강남구,passenger,business,11575,대,승용>영업용,5498,1,0
202604,시군구,서울,강남구,truck,official,191,대,화물>관용,5498,1,0
202604,시군구,서울,강남구,special,business,147,대,특수>영업용,5498,1,0
202604,시군구,서울,강남구,total,official,423,대,총계>관용,5498,1,1
202604,시군구,서울,강남구,total,business,14324,대,총계>영업용,5498,1,1
202604,시군구,서울,강남구,total,total,250579,대,총계>계,5498,1,1
202604,시군구,서울,강남구,van,official,59,대,승합>관용,5498,1,0
202604,시군구,서울,강남구,truck,business,2050,대,화물>영업용,5498,1,0
202604,시군구,서울,강남구,van,total,4283,대,승합>계,5498,1,1
202604,시군구,서울,강남구,passenger,official,156,대,승용>관용,5498,1,0
202604,시군구,서울,강남구,passenger,private,218240,대,승용>자가용,5498,1,0
202604,시군구,서울,강남구,passenger,total,229971,대,승용>계,5498,1,1
202604,시군구,서울,강남구,special,private,394,대,특수>자가용,5498,1,0
202604,시군구,서울,강남구,van,business,552,대,승합>영업용,5498,1,0
202604,시군구,서울,강동구,truck,private,11817,대,화물>자가용,5498,2,0
202604,시군구,서울,강동구,special,official,8,대,특수>관용,5498,2,0
202604,시군구,서울,강동구,truck,total,14542,대,화물>계,5498,2,1
202604,시군구,서울,강동구,total,private,160444,대,총계>자가용,5498,2,1
202604,시군구,서울,강동구,van,private,2986,대,승합>자가용,5498,2,0
202604,시군구,서울,강동구,special,total,476,대,특수>계,5498,2,1
202604,시군구,서울,강동구,passenger,business,4959,대,승용>영업용,5498,2,0
202604,시군구,서울,강동구,truck,official,148,대,화물>관용,5498,2,0
202604,시군구,서울,강동구,special,business,198,대,특수>영업용,5498,2,0
202604,시군구,서울,강동구,total,official,306,대,총계>관용,5498,2,1
202604,시군구,서울,강동구,total,business,8342,대,총계>영업용,5498,2,1
202604,시군구,서울,강동구,total,total,169092,대,총계>계,5498,2,1
202604,시군구,서울,강동구,van,official,41,대,승합>관용,5498,2,0
202604,시군구,서울,강동구,truck,business,2577,대,화물>영업용,5498,2,0
202604,시군구,서울,강동구,van,total,3635,대,승합>계,5498,2,1
202604,시군구,서울,강동구,passenger,official,109,대,승용>관용,5498,2,0
202604,시군구,서울,강동구,passenger,private,145371,대,승용>자가용,5498,2,0
202604,시군구,서울,강동구,passenger,total,150439,대,승용>계,5498,2,1
202604,시군구,서울,강동구,special,private,270,대,특수>자가용,5498,2,0
202604,시군구,서울,강동구,van,business,608,대,승합>영업용,5498,2,0
202604,시군구,서울,강북구,truck,private,6481,대,화물>자가용,5498,3,0
202604,시군구,서울,강북구,special,official,17,대,특수>관용,5498,3,0
202604,시군구,서울,강북구,truck,total,7828,대,화물>계,5498,3,1
202604,시군구,서울,강북구,total,private,67756,대,총계>자가용,5498,3,1
202604,시군구,서울,강북구,van,private,1841,대,승합>자가용,5498,3,0
202604,시군구,서울,강북구,special,total,269,대,특수>계,5498,3,1
202604,시군구,서울,강북구,passenger,business,2134,대,승용>영업용,5498,3,0
202604,시군구,서울,강북구,truck,official,128,대,화물>관용,5498,3,0
202604,시군구,서울,강북구,special,business,112,대,특수>영업용,5498,3,0
202604,시군구,서울,강북구,total,official,324,대,총계>관용,5498,3,1
202604,시군구,서울,강북구,total,business,4177,대,총계>영업용,5498,3,1
202604,시군구,서울,강북구,total,total,72257,대,총계>계,5498,3,1
202604,시군구,서울,강북구,van,official,66,대,승합>관용,5498,3,0
202604,시군구,서울,강북구,truck,business,1219,대,화물>영업용,5498,3,0
202604,시군구,서울,강북구,van,total,2619,대,승합>계,5498,3,1
202604,시군구,서울,강북구,passenger,official,113,대,승용>관용,5498,3,0
202604,시군구,서울,강북구,passenger,private,59294,대,승용>자가용,5498,3,0
202604,시군구,서울,강북구,passenger,total,61541,대,승용>계,5498,3,1
202604,시군구,서울,강북구,special,private,140,대,특수>자가용,5498,3,0
202604,시군구,서울,강북구,van,business,712,대,승합>영업용,5498,3,0
202604,시군구,서울,강서구,truck,private,15425,대,화물>자가용,5498,4,0
202604,시군구,서울,강서구,special,official,18,대,특수>관용,5498,4,0
202604,시군구,서울,강서구,truck,total,19950,대,화물>계,5498,4,1
202604,시군구,서울,강서구,total,private,186673,대,총계>자가용,5498,4,1
202604,시군구,서울,강서구,van,private,3718,대,승합>자가용,5498,4,0
202604,시군구,서울,강서구,special,total,758,대,특수>계,5498,4,1
202604,시군구,서울,강서구,passenger,business,11308,대,승용>영업용,5498,4,0
202604,시군구,서울,강서구,truck,official,157,대,화물>관용,5498,4,0
202604,시군구,서울,강서구,special,business,257,대,특수>영업용,5498,4,0
202604,시군구,서울,강서구,total,official,356,대,총계>관용,5498,4,1
202604,시군구,서울,강서구,total,business,17341,대,총계>영업용,5498,4,1
202604,시군구,서울,강서구,total,total,204370,대,총계>계,5498,4,1
202604,시군구,서울,강서구,van,official,44,대,승합>관용,5498,4,0
202604,시군구,서울,강서구,truck,business,4368,대,화물>영업용,5498,4,0
202604,시군구,서울,강서구,van,total,5170,대,승합>계,5498,4,1
202604,시군구,서울,강서구,passenger,official,137,대,승용>관용,5498,4,0
202604,시군구,서울,강서구,passenger,private,167047,대,승용>자가용,5498,4,0
202604,시군구,서울,강서구,passenger,total,178492,대,승용>계,5498,4,1
202604,시군구,서울,강서구,special,private,483,대,특수>자가용,5498,4,0
202604,시군구,서울,강서구,van,business,1408,대,승합>영업용,5498,4,0
202604,시군구,서울,관악구,truck,private,8459,대,화물>자가용,5498,5,0
202604,시군구,서울,관악구,special,official,12,대,특수>관용,5498,5,0
202604,시군구,서울,관악구,truck,total,10820,대,화물>계,5498,5,1
202604,시군구,서울,관악구,total,private,109161,대,총계>자가용,5498,5,1
202604,시군구,서울,관악구,van,private,2559,대,승합>자가용,5498,5,0
202604,시군구,서울,관악구,special,total,379,대,특수>계,5498,5,1
202604,시군구,서울,관악구,passenger,business,3132,대,승용>영업용,5498,5,0
202604,시군구,서울,관악구,truck,official,142,대,화물>관용,5498,5,0
202604,시군구,서울,관악구,special,business,166,대,특수>영업용,5498,5,0
202604,시군구,서울,관악구,total,official,286,대,총계>관용,5498,5,1
202604,시군구,서울,관악구,total,business,5875,대,총계>영업용,5498,5,1
202604,시군구,서울,관악구,total,total,115322,대,총계>계,5498,5,1
202604,시군구,서울,관악구,van,official,44,대,승합>관용,5498,5,0
202604,시군구,서울,관악구,truck,business,2219,대,화물>영업용,5498,5,0
202604,시군구,서울,관악구,van,total,2961,대,승합>계,5498,5,1
202604,시군구,서울,관악구,passenger,official,88,대,승용>관용,5498,5,0
202604,시군구,서울,관악구,passenger,private,97942,대,승용>자가용,5498,5,0
202604,시군구,서울,관악구,passenger,total,101162,대,승용>계,5498,5,1
202604,시군구,서울,관악구,special,private,201,대,특수>자가용,5498,5,0
202604,시군구,서울,관악구,van,business,358,대,승합>영업용,5498,5,0
202604,시군구,서울,광진구,truck,private,8242,대,화물>자가용,5498,6,0
202604,시군구,서울,광진구,special,official,9,대,특수>관용,5498,6,0
202604,시군구,서울,광진구,truck,total,9866,대,화물>계,5498,6,1
202604,시군구,서울,광진구,total,private,89926,대,총계>자가용,5498,6,1
202604,시군구,서울,광진구,van,private,1796,대,승합>자가용,5498,6,0
202604,시군구,서울,광진구,special,total,237,대,특수>계,5498,6,1
202604,시군구,서울,광진구,passenger,business,2928,대,승용>영업용,5498,6,0
202604,시군구,서울,광진구,truck,official,160,대,화물>관용,5498,6,0
202604,시군구,서울,광진구,special,business,90,대,특수>영업용,5498,6,0
202604,시군구,서울,광진구,total,official,296,대,총계>관용,5498,6,1
202604,시군구,서울,광진구,total,business,4812,대,총계>영업용,5498,6,1
202604,시군구,서울,광진구,total,total,95034,대,총계>계,5498,6,1
202604,시군구,서울,광진구,van,official,42,대,승합>관용,5498,6,0
202604,시군구,서울,광진구,truck,business,1464,대,화물>영업용,5498,6,0
202604,시군구,서울,광진구,van,total,2168,대,승합>계,5498,6,1
202604,시군구,서울,광진구,passenger,official,85,대,승용>관용,5498,6,0
202604,시군구,서울,광진구,passenger,private,79750,대,승용>자가용,5498,6,0
202604,시군구,서울,광진구,passenger,total,82763,대,승용>계,5498,6,1
202604,시군구,서울,광진구,special,private,138,대,특수>자가용,5498,6,0
202604,시군구,서울,광진구,van,business,330,대,승합>영업용,5498,6,0
202604,시군구,서울,구로구,truck,private,13166,대,화물>자가용,5498,7,0
202604,시군구,서울,구로구,special,official,6,대,특수>관용,5498,7,0
202604,시군구,서울,구로구,truck,total,15948,대,화물>계,5498,7,1
202604,시군구,서울,구로구,total,private,130301,대,총계>자가용,5498,7,1
202604,시군구,서울,구로구,van,private,3332,대,승합>자가용,5498,7,0
202604,시군구,서울,구로구,special,total,475,대,특수>계,5498,7,1
202604,시군구,서울,구로구,passenger,business,5549,대,승용>영업용,5498,7,0
202604,시군구,서울,구로구,truck,official,126,대,화물>관용,5498,7,0
202604,시군구,서울,구로구,special,business,166,대,특수>영업용,5498,7,0
202604,시군구,서울,구로구,total,official,302,대,총계>관용,5498,7,1
202604,시군구,서울,구로구,total,business,8919,대,총계>영업용,5498,7,1
202604,시군구,서울,구로구,total,total,139522,대,총계>계,5498,7,1
202604,시군구,서울,구로구,van,official,60,대,승합>관용,5498,7,0
202604,시군구,서울,구로구,truck,business,2656,대,화물>영업용,5498,7,0
202604,시군구,서울,구로구,van,total,3940,대,승합>계,5498,7,1
202604,시군구,서울,구로구,passenger,official,110,대,승용>관용,5498,7,0
202604,시군구,서울,구로구,passenger,private,113500,대,승용>자가용,5498,7,0
202604,시군구,서울,구로구,passenger,total,119159,대,승용>계,5498,7,1
202604,시군구,서울,구로구,special,private,303,대,특수>자가용,5498,7,0
202604,시군구,서울,구로구,van,business,548,대,승합>영업용,5498,7,0
202604,시군구,서울,금천구,truck,private,10227,대,화물>자가용,5498,8,0
202604,시군구,서울,금천구,special,official,13,대,특수>관용,5498,8,0
202604,시군구,서울,금천구,truck,total,12466,대,화물>계,5498,8,1
202604,시군구,서울,금천구,total,private,83870,대,총계>자가용,5498,8,1
202604,시군구,서울,금천구,van,private,2202,대,승합>자가용,5498,8,0
202604,시군구,서울,금천구,special,total,304,대,특수>계,5498,8,1
202604,시군구,서울,금천구,passenger,business,2859,대,승용>영업용,5498,8,0
202604,시군구,서울,금천구,truck,official,76,대,화물>관용,5498,8,0
202604,시군구,서울,금천구,special,business,92,대,특수>영업용,5498,8,0
202604,시군구,서울,금천구,total,official,178,대,총계>관용,5498,8,1
202604,시군구,서울,금천구,total,business,5548,대,총계>영업용,5498,8,1
202604,시군구,서울,금천구,total,total,89596,대,총계>계,5498,8,1
202604,시군구,서울,금천구,van,official,32,대,승합>관용,5498,8,0
202604,시군구,서울,금천구,truck,business,2163,대,화물>영업용,5498,8,0
202604,시군구,서울,금천구,van,total,2668,대,승합>계,5498,8,1
202604,시군구,서울,금천구,passenger,official,57,대,승용>관용,5498,8,0
202604,시군구,서울,금천구,passenger,private,71242,대,승용>자가용,5498,8,0
202604,시군구,서울,금천구,passenger,total,74158,대,승용>계,5498,8,1
202604,시군구,서울,금천구,special,private,199,대,특수>자가용,5498,8,0
202604,시군구,서울,금천구,van,business,434,대,승합>영업용,5498,8,0
202604,시군구,서울,노원구,truck,private,9291,대,화물>자가용,5498,9,0
202604,시군구,서울,노원구,special,official,12,대,특수>관용,5498,9,0
202604,시군구,서울,노원구,truck,total,11537,대,화물>계,5498,9,1
202604,시군구,서울,노원구,total,private,140121,대,총계>자가용,5498,9,1
202604,시군구,서울,노원구,van,private,2822,대,승합>자가용,5498,9,0
202604,시군구,서울,노원구,special,total,538,대,특수>계,5498,9,1
202604,시군구,서울,노원구,passenger,business,5601,대,승용>영업용,5498,9,0
202604,시군구,서울,노원구,truck,official,167,대,화물>관용,5498,9,0
202604,시군구,서울,노원구,special,business,241,대,특수>영업용,5498,9,0
202604,시군구,서울,노원구,total,official,312,대,총계>관용,5498,9,1
202604,시군구,서울,노원구,total,business,8630,대,총계>영업용,5498,9,1
202604,시군구,서울,노원구,total,total,149063,대,총계>계,5498,9,1
202604,시군구,서울,노원구,van,official,52,대,승합>관용,5498,9,0
202604,시군구,서울,노원구,truck,business,2079,대,화물>영업용,5498,9,0
202604,시군구,서울,노원구,van,total,3583,대,승합>계,5498,9,1
202604,시군구,서울,노원구,passenger,official,81,대,승용>관용,5498,9,0
202604,시군구,서울,노원구,passenger,private,127723,대,승용>자가용,5498,9,0
202604,시군구,서울,노원구,passenger,total,133405,대,승용>계,5498,9,1
202604,시군구,서울,노원구,special,private,285,대,특수>자가용,5498,9,0
202604,시군구,서울,노원구,van,business,709,대,승합>영업용,5498,9,0
202604,시군구,서울,도봉구,truck,private,7701,대,화물>자가용,5498,10,0
202604,시군구,서울,도봉구,special,official,12,대,특수>관용,5498,10,0
202604,시군구,서울,도봉구,truck,total,9896,대,화물>계,5498,10,1
202604,시군구,서울,도봉구,total,private,85390,대,총계>자가용,5498,10,1
202604,시군구,서울,도봉구,van,private,1984,대,승합>자가용,5498,10,0
202604,시군구,서울,도봉구,special,total,368,대,특수>계,5498,10,1
202604,시군구,서울,도봉구,passenger,business,4557,대,승용>영업용,5498,10,0
202604,시군구,서울,도봉구,truck,official,125,대,화물>관용,5498,10,0
202604,시군구,서울,도봉구,special,business,150,대,특수>영업용,5498,10,0
202604,시군구,서울,도봉구,total,official,276,대,총계>관용,5498,10,1
202604,시군구,서울,도봉구,total,business,7340,대,총계>영업용,5498,10,1
202604,시군구,서울,도봉구,total,total,93006,대,총계>계,5498,10,1
202604,시군구,서울,도봉구,van,official,48,대,승합>관용,5498,10,0
202604,시군구,서울,도봉구,truck,business,2070,대,화물>영업용,5498,10,0
202604,시군구,서울,도봉구,van,total,2595,대,승합>계,5498,10,1
202604,시군구,서울,도봉구,passenger,official,91,대,승용>관용,5498,10,0
202604,시군구,서울,도봉구,passenger,private,75499,대,승용>자가용,5498,10,0
202604,시군구,서울,도봉구,passenger,total,80147,대,승용>계,5498,10,1
202604,시군구,서울,도봉구,special,private,206,대,특수>자가용,5498,10,0
202604,시군구,서울,도봉구,van,business,563,대,승합>영업용,5498,10,0
202604,시군구,서울,동대문구,truck,private,9394,대,화물>자가용,5498,11,0
202604,시군구,서울,동대문구,special,official,15,대,특수>관용,5498,11,0
202604,시군구,서울,동대문구,truck,total,11759,대,화물>계,5498,11,1
202604,시군구,서울,동대문구,total,private,101286,대,총계>자가용,5498,11,1
202604,시군구,서울,동대문구,van,private,2231,대,승합>자가용,5498,11,0
202604,시군구,서울,동대문구,special,total,324,대,특수>계,5498,11,1
202604,시군구,서울,동대문구,passenger,business,2765,대,승용>영업용,5498,11,0
202604,시군구,서울,동대문구,truck,official,136,대,화물>관용,5498,11,0
202604,시군구,서울,동대문구,special,business,95,대,특수>영업용,5498,11,0
202604,시군구,서울,동대문구,total,official,322,대,총계>관용,5498,11,1
202604,시군구,서울,동대문구,total,business,5218,대,총계>영업용,5498,11,1
202604,시군구,서울,동대문구,total,total,106826,대,총계>계,5498,11,1
202604,시군구,서울,동대문구,van,official,62,대,승합>관용,5498,11,0
202604,시군구,서울,동대문구,truck,business,2229,대,화물>영업용,5498,11,0
202604,시군구,서울,동대문구,van,total,2422,대,승합>계,5498,11,1
202604,시군구,서울,동대문구,passenger,official,109,대,승용>관용,5498,11,0
202604,시군구,서울,동대문구,passenger,private,89447,대,승용>자가용,5498,11,0
202604,시군구,서울,동대문구,passenger,total,92321,대,승용>계,5498,11,1
202604,시군구,서울,동대문구,special,private,214,대,특수>자가용,5498,11,0
202604,시군구,서울,동대문구,van,business,129,대,승합>영업용,5498,11,0
202604,시군구,서울,동작구,truck,private,6128,대,화물>자가용,5498,12,0
202604,시군구,서울,동작구,special,official,17,대,특수>관용,5498,12,0
202604,시군구,서울,동작구,truck,total,7363,대,화물>계,5498,12,1
202604,시군구,서울,동작구,total,private,101865,대,총계>자가용,5498,12,1
202604,시군구,서울,동작구,van,private,1943,대,승합>자가용,5498,12,0
202604,시군구,서울,동작구,special,total,344,대,특수>계,5498,12,1
202604,시군구,서울,동작구,passenger,business,1268,대,승용>영업용,5498,12,0
202604,시군구,서울,동작구,truck,official,136,대,화물>관용,5498,12,0
202604,시군구,서울,동작구,special,business,173,대,특수>영업용,5498,12,0
202604,시군구,서울,동작구,total,official,321,대,총계>관용,5498,12,1
202604,시군구,서울,동작구,total,business,2669,대,총계>영업용,5498,12,1
202604,시군구,서울,동작구,total,total,104855,대,총계>계,5498,12,1
202604,시군구,서울,동작구,van,official,44,대,승합>관용,5498,12,0
202604,시군구,서울,동작구,truck,business,1099,대,화물>영업용,5498,12,0
202604,시군구,서울,동작구,van,total,2116,대,승합>계,5498,12,1
202604,시군구,서울,동작구,passenger,official,124,대,승용>관용,5498,12,0
202604,시군구,서울,동작구,passenger,private,93640,대,승용>자가용,5498,12,0
202604,시군구,서울,동작구,passenger,total,95032,대,승용>계,5498,12,1
202604,시군구,서울,동작구,special,private,154,대,특수>자가용,5498,12,0
202604,시군구,서울,동작구,van,business,129,대,승합>영업용,5498,12,0
202604,시군구,서울,마포구,truck,private,8864,대,화물>자가용,5498,13,0
202604,시군구,서울,마포구,special,official,22,대,특수>관용,5498,13,0
202604,시군구,서울,마포구,truck,total,11678,대,화물>계,5498,13,1
202604,시군구,서울,마포구,total,private,112114,대,총계>자가용,5498,13,1
202604,시군구,서울,마포구,van,private,2193,대,승합>자가용,5498,13,0
202604,시군구,서울,마포구,special,total,822,대,특수>계,5498,13,1
202604,시군구,서울,마포구,passenger,business,3858,대,승용>영업용,5498,13,0
202604,시군구,서울,마포구,truck,official,174,대,화물>관용,5498,13,0
202604,시군구,서울,마포구,special,business,516,대,특수>영업용,5498,13,0
202604,시군구,서울,마포구,total,official,345,대,총계>관용,5498,13,1
202604,시군구,서울,마포구,total,business,7595,대,총계>영업용,5498,13,1
202604,시군구,서울,마포구,total,total,120054,대,총계>계,5498,13,1
202604,시군구,서울,마포구,van,official,54,대,승합>관용,5498,13,0
202604,시군구,서울,마포구,truck,business,2640,대,화물>영업용,5498,13,0
202604,시군구,서울,마포구,van,total,2828,대,승합>계,5498,13,1
202604,시군구,서울,마포구,passenger,official,95,대,승용>관용,5498,13,0
202604,시군구,서울,마포구,passenger,private,100773,대,승용>자가용,5498,13,0
202604,시군구,서울,마포구,passenger,total,104726,대,승용>계,5498,13,1
202604,시군구,서울,마포구,special,private,284,대,특수>자가용,5498,13,0
202604,시군구,서울,마포구,van,business,581,대,승합>영업용,5498,13,0
202604,시군구,서울,서대문구,truck,private,5490,대,화물>자가용,5498,14,0
202604,시군구,서울,서대문구,special,official,6,대,특수>관용,5498,14,0
202604,시군구,서울,서대문구,truck,total,7380,대,화물>계,5498,14,1
202604,시군구,서울,서대문구,total,private,84603,대,총계>자가용,5498,14,1
202604,시군구,서울,서대문구,van,private,1748,대,승합>자가용,5498,14,0
202604,시군구,서울,서대문구,special,total,273,대,특수>계,5498,14,1
202604,시군구,서울,서대문구,passenger,business,3457,대,승용>영업용,5498,14,0
202604,시군구,서울,서대문구,truck,official,135,대,화물>관용,5498,14,0
202604,시군구,서울,서대문구,special,business,109,대,특수>영업용,5498,14,0
202604,시군구,서울,서대문구,total,official,460,대,총계>관용,5498,14,1
202604,시군구,서울,서대문구,total,business,5720,대,총계>영업용,5498,14,1
202604,시군구,서울,서대문구,total,total,90783,대,총계>계,5498,14,1
202604,시군구,서울,서대문구,van,official,100,대,승합>관용,5498,14,0
202604,시군구,서울,서대문구,truck,business,1755,대,화물>영업용,5498,14,0
202604,시군구,서울,서대문구,van,total,2247,대,승합>계,5498,14,1
202604,시군구,서울,서대문구,passenger,official,219,대,승용>관용,5498,14,0
202604,시군구,서울,서대문구,passenger,private,77207,대,승용>자가용,5498,14,0
202604,시군구,서울,서대문구,passenger,total,80883,대,승용>계,5498,14,1
202604,시군구,서울,서대문구,special,private,158,대,특수>자가용,5498,14,0
202604,시군구,서울,서대문구,van,business,399,대,승합>영업용,5498,14,0
202604,시군구,서울,서초구,truck,private,10205,대,화물>자가용,5498,15,0
202604,시군구,서울,서초구,special,official,14,대,특수>관용,5498,15,0
202604,시군구,서울,서초구,truck,total,14415,대,화물>계,5498,15,1
202604,시군구,서울,서초구,total,private,169725,대,총계>자가용,5498,15,1
202604,시군구,서울,서초구,van,private,2735,대,승합>자가용,5498,15,0
202604,시군구,서울,서초구,special,total,516,대,특수>계,5498,15,1
202604,시군구,서울,서초구,passenger,business,3046,대,승용>영업용,5498,15,0
202604,시군구,서울,서초구,truck,official,184,대,화물>관용,5498,15,0
202604,시군구,서울,서초구,special,business,226,대,특수>영업용,5498,15,0
202604,시군구,서울,서초구,total,official,497,대,총계>관용,5498,15,1
202604,시군구,서울,서초구,total,business,7936,대,총계>영업용,5498,15,1
202604,시군구,서울,서초구,total,total,178158,대,총계>계,5498,15,1
202604,시군구,서울,서초구,van,official,132,대,승합>관용,5498,15,0
202604,시군구,서울,서초구,truck,business,4026,대,화물>영업용,5498,15,0
202604,시군구,서울,서초구,van,total,3505,대,승합>계,5498,15,1
202604,시군구,서울,서초구,passenger,official,167,대,승용>관용,5498,15,0
202604,시군구,서울,서초구,passenger,private,156509,대,승용>자가용,5498,15,0
202604,시군구,서울,서초구,passenger,total,159722,대,승용>계,5498,15,1
202604,시군구,서울,서초구,special,private,276,대,특수>자가용,5498,15,0
202604,시군구,서울,서초구,van,business,638,대,승합>영업용,5498,15,0
202604,시군구,서울,성동구,truck,private,7964,대,화물>자가용,5498,16,0
202604,시군구,서울,성동구,special,official,17,대,특수>관용,5498,16,0
202604,시군구,서울,성동구,truck,total,10063,대,화물>계,5498,16,1
202604,시군구,서울,성동구,total,private,93573,대,총계>자가용,5498,16,1
202604,시군구,서울,성동구,van,private,1608,대,승합>자가용,5498,16,0
202604,시군구,서울,성동구,special,total,384,대,특수>계,5498,16,1
202604,시군구,서울,성동구,passenger,business,8017,대,승용>영업용,5498,16,0
202604,시군구,서울,성동구,truck,official,178,대,화물>관용,5498,16,0
202604,시군구,서울,성동구,special,business,150,대,특수>영업용,5498,16,0
202604,시군구,서울,성동구,total,official,378,대,총계>관용,5498,16,1
202604,시군구,서울,성동구,total,business,11030,대,총계>영업용,5498,16,1
202604,시군구,서울,성동구,total,total,104981,대,총계>계,5498,16,1
202604,시군구,서울,성동구,van,official,50,대,승합>관용,5498,16,0
202604,시군구,서울,성동구,truck,business,1921,대,화물>영업용,5498,16,0
202604,시군구,서울,성동구,van,total,2600,대,승합>계,5498,16,1
202604,시군구,서울,성동구,passenger,official,133,대,승용>관용,5498,16,0
202604,시군구,서울,성동구,passenger,private,83784,대,승용>자가용,5498,16,0
202604,시군구,서울,성동구,passenger,total,91934,대,승용>계,5498,16,1
202604,시군구,서울,성동구,special,private,217,대,특수>자가용,5498,16,0
202604,시군구,서울,성동구,van,business,942,대,승합>영업용,5498,16,0
202604,시군구,서울,성북구,truck,private,8107,대,화물>자가용,5498,17,0
202604,시군구,서울,성북구,special,official,10,대,특수>관용,5498,17,0
202604,시군구,서울,성북구,truck,total,9904,대,화물>계,5498,17,1
202604,시군구,서울,성북구,total,private,116946,대,총계>자가용,5498,17,1
202604,시군구,서울,성북구,van,private,2424,대,승합>자가용,5498,17,0
202604,시군구,서울,성북구,special,total,326,대,특수>계,5498,17,1
202604,시군구,서울,성북구,passenger,business,2008,대,승용>영업용,5498,17,0
202604,시군구,서울,성북구,truck,official,143,대,화물>관용,5498,17,0
202604,시군구,서울,성북구,special,business,101,대,특수>영업용,5498,17,0
202604,시군구,서울,성북구,total,official,292,대,총계>관용,5498,17,1
202604,시군구,서울,성북구,total,business,4834,대,총계>영업용,5498,17,1
202604,시군구,서울,성북구,total,total,122072,대,총계>계,5498,17,1
202604,시군구,서울,성북구,van,official,46,대,승합>관용,5498,17,0
202604,시군구,서울,성북구,truck,business,1654,대,화물>영업용,5498,17,0
202604,시군구,서울,성북구,van,total,3541,대,승합>계,5498,17,1
202604,시군구,서울,성북구,passenger,official,93,대,승용>관용,5498,17,0
202604,시군구,서울,성북구,passenger,private,106200,대,승용>자가용,5498,17,0
202604,시군구,서울,성북구,passenger,total,108301,대,승용>계,5498,17,1
202604,시군구,서울,성북구,special,private,215,대,특수>자가용,5498,17,0
202604,시군구,서울,성북구,van,business,1071,대,승합>영업용,5498,17,0
202604,시군구,서울,송파구,truck,private,16418,대,화물>자가용,5498,18,0
202604,시군구,서울,송파구,special,official,19,대,특수>관용,5498,18,0
202604,시군구,서울,송파구,truck,total,21529,대,화물>계,5498,18,1
202604,시군구,서울,송파구,total,private,228295,대,총계>자가용,5498,18,1
202604,시군구,서울,송파구,van,private,3591,대,승합>자가용,5498,18,0
202604,시군구,서울,송파구,special,total,811,대,특수>계,5498,18,1
202604,시군구,서울,송파구,passenger,business,7831,대,승용>영업용,5498,18,0
202604,시군구,서울,송파구,truck,official,157,대,화물>관용,5498,18,0
202604,시군구,서울,송파구,special,business,363,대,특수>영업용,5498,18,0
202604,시군구,서울,송파구,total,official,407,대,총계>관용,5498,18,1
202604,시군구,서울,송파구,total,business,14710,대,총계>영업용,5498,18,1
202604,시군구,서울,송파구,total,total,243412,대,총계>계,5498,18,1
202604,시군구,서울,송파구,van,official,101,대,승합>관용,5498,18,0
202604,시군구,서울,송파구,truck,business,4954,대,화물>영업용,5498,18,0
202604,시군구,서울,송파구,van,total,5254,대,승합>계,5498,18,1
202604,시군구,서울,송파구,passenger,official,130,대,승용>관용,5498,18,0
202604,시군구,서울,송파구,passenger,private,207857,대,승용>자가용,5498,18,0
202604,시군구,서울,송파구,passenger,total,215818,대,승용>계,5498,18,1
202604,시군구,서울,송파구,special,private,429,대,특수>자가용,5498,18,0
202604,시군구,서울,송파구,van,business,1562,대,승합>영업용,5498,18,0
202604,시군구,서울,양천구,truck,private,10444,대,화물>자가용,5498,19,0
202604,시군구,서울,양천구,special,official,7,대,특수>관용,5498,19,0
202604,시군구,서울,양천구,truck,total,13366,대,화물>계,5498,19,1
202604,시군구,서울,양천구,total,private,139316,대,총계>자가용,5498,19,1
202604,시군구,서울,양천구,van,private,2702,대,승합>자가용,5498,19,0
202604,시군구,서울,양천구,special,total,701,대,특수>계,5498,19,1
202604,시군구,서울,양천구,passenger,business,4858,대,승용>영업용,5498,19,0
202604,시군구,서울,양천구,truck,official,144,대,화물>관용,5498,19,0
202604,시군구,서울,양천구,special,business,422,대,특수>영업용,5498,19,0
202604,시군구,서울,양천구,total,official,342,대,총계>관용,5498,19,1
202604,시군구,서울,양천구,total,business,8797,대,총계>영업용,5498,19,1
202604,시군구,서울,양천구,total,total,148455,대,총계>계,5498,19,1
202604,시군구,서울,양천구,van,official,64,대,승합>관용,5498,19,0
202604,시군구,서울,양천구,truck,business,2778,대,화물>영업용,5498,19,0
202604,시군구,서울,양천구,van,total,3505,대,승합>계,5498,19,1
202604,시군구,서울,양천구,passenger,official,127,대,승용>관용,5498,19,0
202604,시군구,서울,양천구,passenger,private,125898,대,승용>자가용,5498,19,0
202604,시군구,서울,양천구,passenger,total,130883,대,승용>계,5498,19,1
202604,시군구,서울,양천구,special,private,272,대,특수>자가용,5498,19,0
202604,시군구,서울,양천구,van,business,739,대,승합>영업용,5498,19,0
202604,시군구,서울,영등포구,truck,private,12399,대,화물>자가용,5498,20,0
202604,시군구,서울,영등포구,special,official,17,대,특수>관용,5498,20,0
202604,시군구,서울,영등포구,truck,total,16924,대,화물>계,5498,20,1
202604,시군구,서울,영등포구,total,private,133555,대,총계>자가용,5498,20,1
202604,시군구,서울,영등포구,van,private,3197,대,승합>자가용,5498,20,0
202604,시군구,서울,영등포구,special,total,1129,대,특수>계,5498,20,1
202604,시군구,서울,영등포구,passenger,business,2785,대,승용>영업용,5498,20,0
202604,시군구,서울,영등포구,truck,official,177,대,화물>관용,5498,20,0
202604,시군구,서울,영등포구,special,business,649,대,특수>영업용,5498,20,0
202604,시군구,서울,영등포구,total,official,382,대,총계>관용,5498,20,1
202604,시군구,서울,영등포구,total,business,7981,대,총계>영업용,5498,20,1
202604,시군구,서울,영등포구,total,total,141918,대,총계>계,5498,20,1
202604,시군구,서울,영등포구,van,official,61,대,승합>관용,5498,20,0
202604,시군구,서울,영등포구,truck,business,4348,대,화물>영업용,5498,20,0
202604,시군구,서울,영등포구,van,total,3457,대,승합>계,5498,20,1
202604,시군구,서울,영등포구,passenger,official,127,대,승용>관용,5498,20,0
202604,시군구,서울,영등포구,passenger,private,117496,대,승용>자가용,5498,20,0
202604,시군구,서울,영등포구,passenger,total,120408,대,승용>계,5498,20,1
202604,시군구,서울,영등포구,special,private,463,대,특수>자가용,5498,20,0
202604,시군구,서울,영등포구,van,business,199,대,승합>영업용,5498,20,0
202604,시군구,서울,용산구,truck,private,4656,대,화물>자가용,5498,21,0
202604,시군구,서울,용산구,special,official,9,대,특수>관용,5498,21,0
202604,시군구,서울,용산구,truck,total,5853,대,화물>계,5498,21,1
202604,시군구,서울,용산구,total,private,68996,대,총계>자가용,5498,21,1
202604,시군구,서울,용산구,van,private,1543,대,승합>자가용,5498,21,0
202604,시군구,서울,용산구,special,total,188,대,특수>계,5498,21,1
202604,시군구,서울,용산구,passenger,business,1073,대,승용>영업용,5498,21,0
202604,시군구,서울,용산구,truck,official,128,대,화물>관용,5498,21,0
202604,시군구,서울,용산구,special,business,34,대,특수>영업용,5498,21,0
202604,시군구,서울,용산구,total,official,346,대,총계>관용,5498,21,1
202604,시군구,서울,용산구,total,business,2248,대,총계>영업용,5498,21,1
202604,시군구,서울,용산구,total,total,71590,대,총계>계,5498,21,1
202604,시군구,서울,용산구,van,official,56,대,승합>관용,5498,21,0
202604,시군구,서울,용산구,truck,business,1069,대,화물>영업용,5498,21,0
202604,시군구,서울,용산구,van,total,1671,대,승합>계,5498,21,1
202604,시군구,서울,용산구,passenger,official,153,대,승용>관용,5498,21,0
202604,시군구,서울,용산구,passenger,private,62652,대,승용>자가용,5498,21,0
202604,시군구,서울,용산구,passenger,total,63878,대,승용>계,5498,21,1
202604,시군구,서울,용산구,special,private,145,대,특수>자가용,5498,21,0
202604,시군구,서울,용산구,van,business,72,대,승합>영업용,5498,21,0
202604,시군구,서울,은평구,truck,private,9378,대,화물>자가용,5498,22,0
202604,시군구,서울,은평구,special,official,16,대,특수>관용,5498,22,0
202604,시군구,서울,은평구,truck,total,11544,대,화물>계,5498,22,1
202604,시군구,서울,은평구,total,private,125040,대,총계>자가용,5498,22,1
202604,시군구,서울,은평구,van,private,2562,대,승합>자가용,5498,22,0
202604,시군구,서울,은평구,special,total,403,대,특수>계,5498,22,1
202604,시군구,서울,은평구,passenger,business,4162,대,승용>영업용,5498,22,0
202604,시군구,서울,은평구,truck,official,141,대,화물>관용,5498,22,0
202604,시군구,서울,은평구,special,business,179,대,특수>영업용,5498,22,0
202604,시군구,서울,은평구,total,official,302,대,총계>관용,5498,22,1
202604,시군구,서울,은평구,total,business,7115,대,총계>영업용,5498,22,1
202604,시군구,서울,은평구,total,total,132457,대,총계>계,5498,22,1
202604,시군구,서울,은평구,van,official,45,대,승합>관용,5498,22,0
202604,시군구,서울,은평구,truck,business,2025,대,화물>영업용,5498,22,0
202604,시군구,서울,은평구,van,total,3356,대,승합>계,5498,22,1
202604,시군구,서울,은평구,passenger,official,100,대,승용>관용,5498,22,0
202604,시군구,서울,은평구,passenger,private,112892,대,승용>자가용,5498,22,0
202604,시군구,서울,은평구,passenger,total,117154,대,승용>계,5498,22,1
202604,시군구,서울,은평구,special,private,208,대,특수>자가용,5498,22,0
202604,시군구,서울,은평구,van,business,749,대,승합>영업용,5498,22,0
202604,시군구,서울,종로구,truck,private,3506,대,화물>자가용,5498,23,0
202604,시군구,서울,종로구,special,official,103,대,특수>관용,5498,23,0
202604,시군구,서울,종로구,truck,total,5594,대,화물>계,5498,23,1
202604,시군구,서울,종로구,total,private,43530,대,총계>자가용,5498,23,1
202604,시군구,서울,종로구,van,private,1270,대,승합>자가용,5498,23,0
202604,시군구,서울,종로구,special,total,300,대,특수>계,5498,23,1
202604,시군구,서울,종로구,passenger,business,292,대,승용>영업용,5498,23,0
202604,시군구,서울,종로구,truck,official,346,대,화물>관용,5498,23,0
202604,시군구,서울,종로구,special,business,98,대,특수>영업용,5498,23,0
202604,시군구,서울,종로구,total,official,3889,대,총계>관용,5498,23,1
202604,시군구,서울,종로구,total,business,2385,대,총계>영업용,5498,23,1
202604,시군구,서울,종로구,total,total,49804,대,총계>계,5498,23,1
202604,시군구,서울,종로구,van,official,1508,대,승합>관용,5498,23,0
202604,시군구,서울,종로구,truck,business,1742,대,화물>영업용,5498,23,0
202604,시군구,서울,종로구,van,total,3031,대,승합>계,5498,23,1
202604,시군구,서울,종로구,passenger,official,1932,대,승용>관용,5498,23,0
202604,시군구,서울,종로구,passenger,private,38655,대,승용>자가용,5498,23,0
202604,시군구,서울,종로구,passenger,total,40879,대,승용>계,5498,23,1
202604,시군구,서울,종로구,special,private,99,대,특수>자가용,5498,23,0
202604,시군구,서울,종로구,van,business,253,대,승합>영업용,5498,23,0
202604,시군구,서울,중구,truck,private,4407,대,화물>자가용,5498,24,0
202604,시군구,서울,중구,special,official,27,대,특수>관용,5498,24,0
202604,시군구,서울,중구,truck,total,5677,대,화물>계,5498,24,1
202604,시군구,서울,중구,total,private,44698,대,총계>자가용,5498,24,1
202604,시군구,서울,중구,van,private,1608,대,승합>자가용,5498,24,0
202604,시군구,서울,중구,special,total,291,대,특수>계,5498,24,1
202604,시군구,서울,중구,passenger,business,1238,대,승용>영업용,5498,24,0
202604,시군구,서울,중구,truck,official,176,대,화물>관용,5498,24,0
202604,시군구,서울,중구,special,business,86,대,특수>영업용,5498,24,0
202604,시군구,서울,중구,total,official,1305,대,총계>관용,5498,24,1
202604,시군구,서울,중구,total,business,2710,대,총계>영업용,5498,24,1
202604,시군구,서울,중구,total,total,48713,대,총계>계,5498,24,1
202604,시군구,서울,중구,van,official,810,대,승합>관용,5498,24,0
202604,시군구,서울,중구,truck,business,1094,대,화물>영업용,5498,24,0
202604,시군구,서울,중구,van,total,2710,대,승합>계,5498,24,1
202604,시군구,서울,중구,passenger,official,292,대,승용>관용,5498,24,0
202604,시군구,서울,중구,passenger,private,38505,대,승용>자가용,5498,24,0
202604,시군구,서울,중구,passenger,total,40035,대,승용>계,5498,24,1
202604,시군구,서울,중구,special,private,178,대,특수>자가용,5498,24,0
202604,시군구,서울,중구,van,business,292,대,승합>영업용,5498,24,0
202604,시군구,서울,중랑구,truck,private,11029,대,화물>자가용,5498,25,0
202604,시군구,서울,중랑구,special,official,13,대,특수>관용,5498,25,0
202604,시군구,서울,중랑구,truck,total,13880,대,화물>계,5498,25,1
202604,시군구,서울,중랑구,total,private,105048,대,총계>자가용,5498,25,1
202604,시군구,서울,중랑구,van,private,2588,대,승합>자가용,5498,25,0
202604,시군구,서울,중랑구,special,total,583,대,특수>계,5498,25,1
202604,시군구,서울,중랑구,passenger,business,5992,대,승용>영업용,5498,25,0
202604,시군구,서울,중랑구,truck,official,123,대,화물>관용,5498,25,0
202604,시군구,서울,중랑구,special,business,323,대,특수>영업용,5498,25,0
202604,시군구,서울,중랑구,total,official,247,대,총계>관용,5498,25,1
202604,시군구,서울,중랑구,total,business,9625,대,총계>영업용,5498,25,1
202604,시군구,서울,중랑구,total,total,114920,대,총계>계,5498,25,1
202604,시군구,서울,중랑구,van,official,32,대,승합>관용,5498,25,0
202604,시군구,서울,중랑구,truck,business,2728,대,화물>영업용,5498,25,0
202604,시군구,서울,중랑구,van,total,3202,대,승합>계,5498,25,1
202604,시군구,서울,중랑구,passenger,official,79,대,승용>관용,5498,25,0
202604,시군구,서울,중랑구,passenger,private,91184,대,승용>자가용,5498,25,0
202604,시군구,서울,중랑구,passenger,total,97255,대,승용>계,5498,25,1
202604,시군구,서울,중랑구,special,private,247,대,특수>자가용,5498,25,0
202604,시군구,서울,중랑구,van,business,582,대,승합>영업용,5498,25,0
202604,시도,서울,,truck,private,232724,대,화물>자가용,5498,26,0
202604,시도,서울,,special,official,436,대,특수>관용,5498,26,0
202604,시도,서울,,truck,total,295549,대,화물>계,5498,26,1
202604,시도,서울,,total,private,2958064,대,총계>자가용,5498,26,1
202604,시도,서울,,van,private,60855,대,승합>자가용,5498,26,0
202604,시도,서울,,special,total,11757,대,특수>계,5498,26,1
202604,시도,서울,,passenger,business,107252,대,승용>영업용,5498,26,0
202604,시도,서울,,truck,official,3898,대,화물>관용,5498,26,0
202604,시도,서울,,special,business,5143,대,특수>영업용,5498,26,0
202604,시도,서울,,total,official,12894,대,총계>관용,5498,26,1
202604,시도,서울,,total,business,185881,대,총계>영업용,5498,26,1
202604,시도,서울,,total,total,3156839,대,총계>계,5498,26,1
202604,시도,서울,,van,official,3653,대,승합>관용,5498,26,0
202604,시도,서울,,truck,business,58927,대,화물>영업용,5498,26,0
202604,시도,서울,,van,total,79067,대,승합>계,5498,26,1
202604,시도,서울,,passenger,official,4907,대,승용>관용,5498,26,0
202604,시도,서울,,passenger,private,2658307,대,승용>자가용,5498,26,0
202604,시도,서울,,passenger,total,2770466,대,승용>계,5498,26,1
202604,시도,서울,,special,private,6178,대,특수>자가용,5498,26,0
202604,시도,서울,,van,business,14559,대,승합>영업용,5498,26,0
202604,시군구,부산,강서구,truck,private,16198,대,화물>자가용,5498,27,0
202604,시군구,부산,강서구,special,official,10,대,특수>관용,5498,27,0
202604,시군구,부산,강서구,truck,total,19085,대,화물>계,5498,27,1
202604,시군구,부산,강서구,total,private,92696,대,총계>자가용,5498,27,1
202604,시군구,부산,강서구,van,private,1520,대,승합>자가용,5498,27,0
202604,시군구,부산,강서구,special,total,1128,대,특수>계,5498,27,1
202604,시군구,부산,강서구,passenger,business,1705,대,승용>영업용,5498,27,0
202604,시군구,부산,강서구,truck,official,132,대,화물>관용,5498,27,0
202604,시군구,부산,강서구,special,business,669,대,특수>영업용,5498,27,0
202604,시군구,부산,강서구,total,official,351,대,총계>관용,5498,27,1
202604,시군구,부산,강서구,total,business,5538,대,총계>영업용,5498,27,1
202604,시군구,부산,강서구,total,total,98585,대,총계>계,5498,27,1
202604,시군구,부산,강서구,van,official,80,대,승합>관용,5498,27,0
202604,시군구,부산,강서구,truck,business,2755,대,화물>영업용,5498,27,0
202604,시군구,부산,강서구,van,total,2009,대,승합>계,5498,27,1
202604,시군구,부산,강서구,passenger,official,129,대,승용>관용,5498,27,0
202604,시군구,부산,강서구,passenger,private,74529,대,승용>자가용,5498,27,0
202604,시군구,부산,강서구,passenger,total,76363,대,승용>계,5498,27,1
202604,시군구,부산,강서구,special,private,449,대,특수>자가용,5498,27,0
202604,시군구,부산,강서구,van,business,409,대,승합>영업용,5498,27,0
202604,시군구,부산,금정구,truck,private,9140,대,화물>자가용,5498,28,0
202604,시군구,부산,금정구,special,official,13,대,특수>관용,5498,28,0
202604,시군구,부산,금정구,truck,total,12158,대,화물>계,5498,28,1
202604,시군구,부산,금정구,total,private,75736,대,총계>자가용,5498,28,1
202604,시군구,부산,금정구,van,private,1827,대,승합>자가용,5498,28,0
202604,시군구,부산,금정구,special,total,816,대,특수>계,5498,28,1
202604,시군구,부산,금정구,passenger,business,2370,대,승용>영업용,5498,28,0
202604,시군구,부산,금정구,truck,official,102,대,화물>관용,5498,28,0
202604,시군구,부산,금정구,special,business,598,대,특수>영업용,5498,28,0
202604,시군구,부산,금정구,total,official,280,대,총계>관용,5498,28,1
202604,시군구,부산,금정구,total,business,6835,대,총계>영업용,5498,28,1
202604,시군구,부산,금정구,total,total,82851,대,총계>계,5498,28,1
202604,시군구,부산,금정구,van,official,60,대,승합>관용,5498,28,0
202604,시군구,부산,금정구,truck,business,2916,대,화물>영업용,5498,28,0
202604,시군구,부산,금정구,van,total,2838,대,승합>계,5498,28,1
202604,시군구,부산,금정구,passenger,official,105,대,승용>관용,5498,28,0
202604,시군구,부산,금정구,passenger,private,64564,대,승용>자가용,5498,28,0
202604,시군구,부산,금정구,passenger,total,67039,대,승용>계,5498,28,1
202604,시군구,부산,금정구,special,private,205,대,특수>자가용,5498,28,0
202604,시군구,부산,금정구,van,business,951,대,승합>영업용,5498,28,0
202604,시군구,부산,기장군,truck,private,10703,대,화물>자가용,5498,29,0
202604,시군구,부산,기장군,special,official,13,대,특수>관용,5498,29,0
202604,시군구,부산,기장군,truck,total,12237,대,화물>계,5498,29,1
202604,시군구,부산,기장군,total,private,89944,대,총계>자가용,5498,29,1
202604,시군구,부산,기장군,van,private,1875,대,승합>자가용,5498,29,0
202604,시군구,부산,기장군,special,total,566,대,특수>계,5498,29,1
202604,시군구,부산,기장군,passenger,business,873,대,승용>영업용,5498,29,0
202604,시군구,부산,기장군,truck,official,126,대,화물>관용,5498,29,0
202604,시군구,부산,기장군,special,business,274,대,특수>영업용,5498,29,0
202604,시군구,부산,기장군,total,official,269,대,총계>관용,5498,29,1
202604,시군구,부산,기장군,total,business,3098,대,총계>영업용,5498,29,1
202604,시군구,부산,기장군,total,total,93311,대,총계>계,5498,29,1
202604,시군구,부산,기장군,van,official,47,대,승합>관용,5498,29,0
202604,시군구,부산,기장군,truck,business,1408,대,화물>영업용,5498,29,0
202604,시군구,부산,기장군,van,total,2465,대,승합>계,5498,29,1
202604,시군구,부산,기장군,passenger,official,83,대,승용>관용,5498,29,0
202604,시군구,부산,기장군,passenger,private,77087,대,승용>자가용,5498,29,0
202604,시군구,부산,기장군,passenger,total,78043,대,승용>계,5498,29,1
202604,시군구,부산,기장군,special,private,279,대,특수>자가용,5498,29,0
202604,시군구,부산,기장군,van,business,543,대,승합>영업용,5498,29,0
202604,시군구,부산,남구,truck,private,8424,대,화물>자가용,5498,30,0
202604,시군구,부산,남구,special,official,4,대,특수>관용,5498,30,0
202604,시군구,부산,남구,truck,total,12987,대,화물>계,5498,30,1
202604,시군구,부산,남구,total,private,93943,대,총계>자가용,5498,30,1
202604,시군구,부산,남구,van,private,1881,대,승합>자가용,5498,30,0
202604,시군구,부산,남구,special,total,1802,대,특수>계,5498,30,1
202604,시군구,부산,남구,passenger,business,2826,대,승용>영업용,5498,30,0
202604,시군구,부산,남구,truck,official,57,대,화물>관용,5498,30,0
202604,시군구,부산,남구,special,business,1460,대,특수>영업용,5498,30,0
202604,시군구,부산,남구,total,official,215,대,총계>관용,5498,30,1
202604,시군구,부산,남구,total,business,9286,대,총계>영업용,5498,30,1
202604,시군구,부산,남구,total,total,103444,대,총계>계,5498,30,1
202604,시군구,부산,남구,van,official,53,대,승합>관용,5498,30,0
202604,시군구,부산,남구,truck,business,4506,대,화물>영업용,5498,30,0
202604,시군구,부산,남구,van,total,2428,대,승합>계,5498,30,1
202604,시군구,부산,남구,passenger,official,101,대,승용>관용,5498,30,0
202604,시군구,부산,남구,passenger,private,83300,대,승용>자가용,5498,30,0
202604,시군구,부산,남구,passenger,total,86227,대,승용>계,5498,30,1
202604,시군구,부산,남구,special,private,338,대,특수>자가용,5498,30,0
202604,시군구,부산,남구,van,business,494,대,승합>영업용,5498,30,0
202604,시군구,부산,동구,truck,private,3452,대,화물>자가용,5498,31,0
202604,시군구,부산,동구,special,official,5,대,특수>관용,5498,31,0
202604,시군구,부산,동구,truck,total,5764,대,화물>계,5498,31,1
202604,시군구,부산,동구,total,private,48472,대,총계>자가용,5498,31,1
202604,시군구,부산,동구,van,private,767,대,승합>자가용,5498,31,0
202604,시군구,부산,동구,special,total,1136,대,특수>계,5498,31,1
202604,시군구,부산,동구,passenger,business,1036,대,승용>영업용,5498,31,0
202604,시군구,부산,동구,truck,official,63,대,화물>관용,5498,31,0
202604,시군구,부산,동구,special,business,1038,대,특수>영업용,5498,31,0
202604,시군구,부산,동구,total,official,198,대,총계>관용,5498,31,1
202604,시군구,부산,동구,total,business,4500,대,총계>영업용,5498,31,1
202604,시군구,부산,동구,total,total,53170,대,총계>계,5498,31,1
202604,시군구,부산,동구,van,official,45,대,승합>관용,5498,31,0
202604,시군구,부산,동구,truck,business,2249,대,화물>영업용,5498,31,0
202604,시군구,부산,동구,van,total,989,대,승합>계,5498,31,1
202604,시군구,부산,동구,passenger,official,85,대,승용>관용,5498,31,0
202604,시군구,부산,동구,passenger,private,44160,대,승용>자가용,5498,31,0
202604,시군구,부산,동구,passenger,total,45281,대,승용>계,5498,31,1
202604,시군구,부산,동구,special,private,93,대,특수>자가용,5498,31,0
202604,시군구,부산,동구,van,business,177,대,승합>영업용,5498,31,0
202604,시군구,부산,동래구,truck,private,9579,대,화물>자가용,5498,32,0
202604,시군구,부산,동래구,special,official,2,대,특수>관용,5498,32,0
202604,시군구,부산,동래구,truck,total,11268,대,화물>계,5498,32,1
202604,시군구,부산,동래구,total,private,99725,대,총계>자가용,5498,32,1
202604,시군구,부산,동래구,van,private,1720,대,승합>자가용,5498,32,0
202604,시군구,부산,동래구,special,total,500,대,특수>계,5498,32,1
202604,시군구,부산,동래구,passenger,business,1705,대,승용>영업용,5498,32,0
202604,시군구,부산,동래구,truck,official,65,대,화물>관용,5498,32,0
202604,시군구,부산,동래구,special,business,274,대,특수>영업용,5498,32,0
202604,시군구,부산,동래구,total,official,174,대,총계>관용,5498,32,1
202604,시군구,부산,동래구,total,business,3950,대,총계>영업용,5498,32,1
202604,시군구,부산,동래구,total,total,103849,대,총계>계,5498,32,1
202604,시군구,부산,동래구,van,official,27,대,승합>관용,5498,32,0
202604,시군구,부산,동래구,truck,business,1624,대,화물>영업용,5498,32,0
202604,시군구,부산,동래구,van,total,2094,대,승합>계,5498,32,1
202604,시군구,부산,동래구,passenger,official,80,대,승용>관용,5498,32,0
202604,시군구,부산,동래구,passenger,private,88202,대,승용>자가용,5498,32,0
202604,시군구,부산,동래구,passenger,total,89987,대,승용>계,5498,32,1
202604,시군구,부산,동래구,special,private,224,대,특수>자가용,5498,32,0
202604,시군구,부산,동래구,van,business,347,대,승합>영업용,5498,32,0
202604,시군구,부산,부산진구,truck,private,12846,대,화물>자가용,5498,33,0
202604,시군구,부산,부산진구,special,official,10,대,특수>관용,5498,33,0
202604,시군구,부산,부산진구,truck,total,15521,대,화물>계,5498,33,1
202604,시군구,부산,부산진구,total,private,141743,대,총계>자가용,5498,33,1
202604,시군구,부산,부산진구,van,private,2437,대,승합>자가용,5498,33,0
202604,시군구,부산,부산진구,special,total,795,대,특수>계,5498,33,1
202604,시군구,부산,부산진구,passenger,business,32846,대,승용>영업용,5498,33,0
202604,시군구,부산,부산진구,truck,official,175,대,화물>관용,5498,33,0
202604,시군구,부산,부산진구,special,business,570,대,특수>영업용,5498,33,0
202604,시군구,부산,부산진구,total,official,381,대,총계>관용,5498,33,1
202604,시군구,부산,부산진구,total,business,36455,대,총계>영업용,5498,33,1
202604,시군구,부산,부산진구,total,total,178579,대,총계>계,5498,33,1
202604,시군구,부산,부산진구,van,official,63,대,승합>관용,5498,33,0
202604,시군구,부산,부산진구,truck,business,2500,대,화물>영업용,5498,33,0
202604,시군구,부산,부산진구,van,total,3039,대,승합>계,5498,33,1
202604,시군구,부산,부산진구,passenger,official,133,대,승용>관용,5498,33,0
202604,시군구,부산,부산진구,passenger,private,126245,대,승용>자가용,5498,33,0
202604,시군구,부산,부산진구,passenger,total,159224,대,승용>계,5498,33,1
202604,시군구,부산,부산진구,special,private,215,대,특수>자가용,5498,33,0
202604,시군구,부산,부산진구,van,business,539,대,승합>영업용,5498,33,0
202604,시군구,부산,북구,truck,private,11397,대,화물>자가용,5498,34,0
202604,시군구,부산,북구,special,official,11,대,특수>관용,5498,34,0
202604,시군구,부산,북구,truck,total,13101,대,화물>계,5498,34,1
202604,시군구,부산,북구,total,private,99899,대,총계>자가용,5498,34,1
202604,시군구,부산,북구,van,private,1905,대,승합>자가용,5498,34,0
202604,시군구,부산,북구,special,total,466,대,특수>계,5498,34,1
202604,시군구,부산,북구,passenger,business,1464,대,승용>영업용,5498,34,0
202604,시군구,부산,북구,truck,official,105,대,화물>관용,5498,34,0
202604,시군구,부산,북구,special,business,254,대,특수>영업용,5498,34,0
202604,시군구,부산,북구,total,official,273,대,총계>관용,5498,34,1
202604,시군구,부산,북구,total,business,3633,대,총계>영업용,5498,34,1
202604,시군구,부산,북구,total,total,103805,대,총계>계,5498,34,1
202604,시군구,부산,북구,van,official,48,대,승합>관용,5498,34,0
202604,시군구,부산,북구,truck,business,1599,대,화물>영업용,5498,34,0
202604,시군구,부산,북구,van,total,2269,대,승합>계,5498,34,1
202604,시군구,부산,북구,passenger,official,109,대,승용>관용,5498,34,0
202604,시군구,부산,북구,passenger,private,86396,대,승용>자가용,5498,34,0
202604,시군구,부산,북구,passenger,total,87969,대,승용>계,5498,34,1
202604,시군구,부산,북구,special,private,201,대,특수>자가용,5498,34,0
202604,시군구,부산,북구,van,business,316,대,승합>영업용,5498,34,0
202604,시군구,부산,사상구,truck,private,13790,대,화물>자가용,5498,35,0
202604,시군구,부산,사상구,special,official,8,대,특수>관용,5498,35,0
202604,시군구,부산,사상구,truck,total,16195,대,화물>계,5498,35,1
202604,시군구,부산,사상구,total,private,81983,대,총계>자가용,5498,35,1
202604,시군구,부산,사상구,van,private,1890,대,승합>자가용,5498,35,0
202604,시군구,부산,사상구,special,total,565,대,특수>계,5498,35,1
202604,시군구,부산,사상구,passenger,business,2313,대,승용>영업용,5498,35,0
202604,시군구,부산,사상구,truck,official,99,대,화물>관용,5498,35,0
202604,시군구,부산,사상구,special,business,315,대,특수>영업용,5498,35,0
202604,시군구,부산,사상구,total,official,263,대,총계>관용,5498,35,1
202604,시군구,부산,사상구,total,business,5141,대,총계>영업용,5498,35,1
202604,시군구,부산,사상구,total,total,87387,대,총계>계,5498,35,1
202604,시군구,부산,사상구,van,official,52,대,승합>관용,5498,35,0
202604,시군구,부산,사상구,truck,business,2306,대,화물>영업용,5498,35,0
202604,시군구,부산,사상구,van,total,2149,대,승합>계,5498,35,1
202604,시군구,부산,사상구,passenger,official,104,대,승용>관용,5498,35,0
202604,시군구,부산,사상구,passenger,private,66061,대,승용>자가용,5498,35,0
202604,시군구,부산,사상구,passenger,total,68478,대,승용>계,5498,35,1
202604,시군구,부산,사상구,special,private,242,대,특수>자가용,5498,35,0
202604,시군구,부산,사상구,van,business,207,대,승합>영업용,5498,35,0
202604,시군구,부산,사하구,truck,private,12466,대,화물>자가용,5498,36,0
202604,시군구,부산,사하구,special,official,10,대,특수>관용,5498,36,0
202604,시군구,부산,사하구,truck,total,14563,대,화물>계,5498,36,1
202604,시군구,부산,사하구,total,private,106700,대,총계>자가용,5498,36,1
202604,시군구,부산,사하구,van,private,2392,대,승합>자가용,5498,36,0
202604,시군구,부산,사하구,special,total,512,대,특수>계,5498,36,1
202604,시군구,부산,사하구,passenger,business,3432,대,승용>영업용,5498,36,0
202604,시군구,부산,사하구,truck,official,104,대,화물>관용,5498,36,0
202604,시군구,부산,사하구,special,business,266,대,특수>영업용,5498,36,0
202604,시군구,부산,사하구,total,official,280,대,총계>관용,5498,36,1
202604,시군구,부산,사하구,total,business,5956,대,총계>영업용,5498,36,1
202604,시군구,부산,사하구,total,total,112936,대,총계>계,5498,36,1
202604,시군구,부산,사하구,van,official,49,대,승합>관용,5498,36,0
202604,시군구,부산,사하구,truck,business,1993,대,화물>영업용,5498,36,0
202604,시군구,부산,사하구,van,total,2706,대,승합>계,5498,36,1
202604,시군구,부산,사하구,passenger,official,117,대,승용>관용,5498,36,0
202604,시군구,부산,사하구,passenger,private,91606,대,승용>자가용,5498,36,0
202604,시군구,부산,사하구,passenger,total,95155,대,승용>계,5498,36,1
202604,시군구,부산,사하구,special,private,236,대,특수>자가용,5498,36,0
202604,시군구,부산,사하구,van,business,265,대,승합>영업용,5498,36,0
202604,시군구,부산,서구,truck,private,3556,대,화물>자가용,5498,37,0
202604,시군구,부산,서구,special,official,0,대,특수>관용,5498,37,0
202604,시군구,부산,서구,truck,total,4472,대,화물>계,5498,37,1
202604,시군구,부산,서구,total,private,30771,대,총계>자가용,5498,37,1
202604,시군구,부산,서구,van,private,776,대,승합>자가용,5498,37,0
202604,시군구,부산,서구,special,total,156,대,특수>계,5498,37,1
202604,시군구,부산,서구,passenger,business,360,대,승용>영업용,5498,37,0
202604,시군구,부산,서구,truck,official,43,대,화물>관용,5498,37,0
202604,시군구,부산,서구,special,business,85,대,특수>영업용,5498,37,0
202604,시군구,부산,서구,total,official,145,대,총계>관용,5498,37,1
202604,시군구,부산,서구,total,business,1336,대,총계>영업용,5498,37,1
202604,시군구,부산,서구,total,total,32252,대,총계>계,5498,37,1
202604,시군구,부산,서구,van,official,30,대,승합>관용,5498,37,0
202604,시군구,부산,서구,truck,business,873,대,화물>영업용,5498,37,0
202604,시군구,부산,서구,van,total,824,대,승합>계,5498,37,1
202604,시군구,부산,서구,passenger,official,72,대,승용>관용,5498,37,0
202604,시군구,부산,서구,passenger,private,26368,대,승용>자가용,5498,37,0
202604,시군구,부산,서구,passenger,total,26800,대,승용>계,5498,37,1
202604,시군구,부산,서구,special,private,71,대,특수>자가용,5498,37,0
202604,시군구,부산,서구,van,business,18,대,승합>영업용,5498,37,0
202604,시군구,부산,수영구,truck,private,5193,대,화물>자가용,5498,38,0
202604,시군구,부산,수영구,special,official,13,대,특수>관용,5498,38,0
202604,시군구,부산,수영구,truck,total,6455,대,화물>계,5498,38,1
202604,시군구,부산,수영구,total,private,64716,대,총계>자가용,5498,38,1
202604,시군구,부산,수영구,van,private,1294,대,승합>자가용,5498,38,0
202604,시군구,부산,수영구,special,total,493,대,특수>계,5498,38,1
202604,시군구,부산,수영구,passenger,business,60949,대,승용>영업용,5498,38,0
202604,시군구,부산,수영구,truck,official,81,대,화물>관용,5498,38,0
202604,시군구,부산,수영구,special,business,335,대,특수>영업용,5498,38,0
202604,시군구,부산,수영구,total,official,220,대,총계>관용,5498,38,1
202604,시군구,부산,수영구,total,business,63118,대,총계>영업용,5498,38,1
202604,시군구,부산,수영구,total,total,128054,대,총계>계,5498,38,1
202604,시군구,부산,수영구,van,official,38,대,승합>관용,5498,38,0
202604,시군구,부산,수영구,truck,business,1181,대,화물>영업용,5498,38,0
202604,시군구,부산,수영구,van,total,1985,대,승합>계,5498,38,1
202604,시군구,부산,수영구,passenger,official,88,대,승용>관용,5498,38,0
202604,시군구,부산,수영구,passenger,private,58084,대,승용>자가용,5498,38,0
202604,시군구,부산,수영구,passenger,total,119121,대,승용>계,5498,38,1
202604,시군구,부산,수영구,special,private,145,대,특수>자가용,5498,38,0
202604,시군구,부산,수영구,van,business,653,대,승합>영업용,5498,38,0
202604,시군구,부산,연제구,truck,private,8788,대,화물>자가용,5498,39,0
202604,시군구,부산,연제구,special,official,31,대,특수>관용,5498,39,0
202604,시군구,부산,연제구,truck,total,11308,대,화물>계,5498,39,1
202604,시군구,부산,연제구,total,private,129726,대,총계>자가용,5498,39,1
202604,시군구,부산,연제구,van,private,1632,대,승합>자가용,5498,39,0
202604,시군구,부산,연제구,special,total,960,대,특수>계,5498,39,1
202604,시군구,부산,연제구,passenger,business,29058,대,승용>영업용,5498,39,0
202604,시군구,부산,연제구,truck,official,183,대,화물>관용,5498,39,0
202604,시군구,부산,연제구,special,business,718,대,특수>영업용,5498,39,0
202604,시군구,부산,연제구,total,official,1080,대,총계>관용,5498,39,1
202604,시군구,부산,연제구,total,business,32895,대,총계>영업용,5498,39,1
202604,시군구,부산,연제구,total,total,163701,대,총계>계,5498,39,1
202604,시군구,부산,연제구,van,official,493,대,승합>관용,5498,39,0
202604,시군구,부산,연제구,truck,business,2337,대,화물>영업용,5498,39,0
202604,시군구,부산,연제구,van,total,2907,대,승합>계,5498,39,1
202604,시군구,부산,연제구,passenger,official,373,대,승용>관용,5498,39,0
202604,시군구,부산,연제구,passenger,private,119095,대,승용>자가용,5498,39,0
202604,시군구,부산,연제구,passenger,total,148526,대,승용>계,5498,39,1
202604,시군구,부산,연제구,special,private,211,대,특수>자가용,5498,39,0
202604,시군구,부산,연제구,van,business,782,대,승합>영업용,5498,39,0
202604,시군구,부산,영도구,truck,private,3902,대,화물>자가용,5498,40,0
202604,시군구,부산,영도구,special,official,8,대,특수>관용,5498,40,0
202604,시군구,부산,영도구,truck,total,4370,대,화물>계,5498,40,1
202604,시군구,부산,영도구,total,private,30888,대,총계>자가용,5498,40,1
202604,시군구,부산,영도구,van,private,865,대,승합>자가용,5498,40,0
202604,시군구,부산,영도구,special,total,114,대,특수>계,5498,40,1
202604,시군구,부산,영도구,passenger,business,1248,대,승용>영업용,5498,40,0
202604,시군구,부산,영도구,truck,official,82,대,화물>관용,5498,40,0
202604,시군구,부산,영도구,special,business,54,대,특수>영업용,5498,40,0
202604,시군구,부산,영도구,total,official,229,대,총계>관용,5498,40,1
202604,시군구,부산,영도구,total,business,2003,대,총계>영업용,5498,40,1
202604,시군구,부산,영도구,total,total,33120,대,총계>계,5498,40,1
202604,시군구,부산,영도구,van,official,51,대,승합>관용,5498,40,0
202604,시군구,부산,영도구,truck,business,386,대,화물>영업용,5498,40,0
202604,시군구,부산,영도구,van,total,1231,대,승합>계,5498,40,1
202604,시군구,부산,영도구,passenger,official,88,대,승용>관용,5498,40,0
202604,시군구,부산,영도구,passenger,private,26069,대,승용>자가용,5498,40,0
202604,시군구,부산,영도구,passenger,total,27405,대,승용>계,5498,40,1
202604,시군구,부산,영도구,special,private,52,대,특수>자가용,5498,40,0
202604,시군구,부산,영도구,van,business,315,대,승합>영업용,5498,40,0
202604,시군구,부산,중구,truck,private,1755,대,화물>자가용,5498,41,0
202604,시군구,부산,중구,special,official,16,대,특수>관용,5498,41,0
202604,시군구,부산,중구,truck,total,7198,대,화물>계,5498,41,1
202604,시군구,부산,중구,total,private,38299,대,총계>자가용,5498,41,1
202604,시군구,부산,중구,van,private,442,대,승합>자가용,5498,41,0
202604,시군구,부산,중구,special,total,1815,대,특수>계,5498,41,1
202604,시군구,부산,중구,passenger,business,122,대,승용>영업용,5498,41,0
202604,시군구,부산,중구,truck,official,77,대,화물>관용,5498,41,0
202604,시군구,부산,중구,special,business,1697,대,특수>영업용,5498,41,0
202604,시군구,부산,중구,total,official,308,대,총계>관용,5498,41,1
202604,시군구,부산,중구,total,business,7189,대,총계>영업용,5498,41,1
202604,시군구,부산,중구,total,total,45796,대,총계>계,5498,41,1
202604,시군구,부산,중구,van,official,60,대,승합>관용,5498,41,0
202604,시군구,부산,중구,truck,business,5366,대,화물>영업용,5498,41,0
202604,시군구,부산,중구,van,total,506,대,승합>계,5498,41,1
202604,시군구,부산,중구,passenger,official,155,대,승용>관용,5498,41,0
202604,시군구,부산,중구,passenger,private,36000,대,승용>자가용,5498,41,0
202604,시군구,부산,중구,passenger,total,36277,대,승용>계,5498,41,1
202604,시군구,부산,중구,special,private,102,대,특수>자가용,5498,41,0
202604,시군구,부산,중구,van,business,4,대,승합>영업용,5498,41,0
202604,시군구,부산,해운대구,truck,private,12199,대,화물>자가용,5498,42,0
202604,시군구,부산,해운대구,special,official,9,대,특수>관용,5498,42,0
202604,시군구,부산,해운대구,truck,total,14564,대,화물>계,5498,42,1
202604,시군구,부산,해운대구,total,private,158444,대,총계>자가용,5498,42,1
202604,시군구,부산,해운대구,van,private,2585,대,승합>자가용,5498,42,0
202604,시군구,부산,해운대구,special,total,835,대,특수>계,5498,42,1
202604,시군구,부산,해운대구,passenger,business,2039,대,승용>영업용,5498,42,0
202604,시군구,부산,해운대구,truck,official,126,대,화물>관용,5498,42,0
202604,시군구,부산,해운대구,special,business,475,대,특수>영업용,5498,42,0
202604,시군구,부산,해운대구,total,official,336,대,총계>관용,5498,42,1
202604,시군구,부산,해운대구,total,business,4991,대,총계>영업용,5498,42,1
202604,시군구,부산,해운대구,total,total,163771,대,총계>계,5498,42,1
202604,시군구,부산,해운대구,van,official,57,대,승합>관용,5498,42,0
202604,시군구,부산,해운대구,truck,business,2239,대,화물>영업용,5498,42,0
202604,시군구,부산,해운대구,van,total,2880,대,승합>계,5498,42,1
202604,시군구,부산,해운대구,passenger,official,144,대,승용>관용,5498,42,0
202604,시군구,부산,해운대구,passenger,private,143309,대,승용>자가용,5498,42,0
202604,시군구,부산,해운대구,passenger,total,145492,대,승용>계,5498,42,1
202604,시군구,부산,해운대구,special,private,351,대,특수>자가용,5498,42,0
202604,시군구,부산,해운대구,van,business,238,대,승합>영업용,5498,42,0
202604,시도,부산,,truck,private,143388,대,화물>자가용,5498,43,0
202604,시도,부산,,special,official,163,대,특수>관용,5498,43,0
202604,시도,부산,,truck,total,181246,대,화물>계,5498,43,1
202604,시도,부산,,total,private,1383685,대,총계>자가용,5498,43,1
202604,시도,부산,,van,private,25808,대,승합>자가용,5498,43,0
202604,시도,부산,,special,total,12659,대,특수>계,5498,43,1
202604,시도,부산,,passenger,business,144346,대,승용>영업용,5498,43,0
202604,시도,부산,,truck,official,1620,대,화물>관용,5498,43,0
202604,시도,부산,,special,business,9082,대,특수>영업용,5498,43,0
202604,시도,부산,,total,official,5002,대,총계>관용,5498,43,1
202604,시도,부산,,total,business,195924,대,총계>영업용,5498,43,1
202604,시도,부산,,total,total,1584611,대,총계>계,5498,43,1
202604,시도,부산,,van,official,1253,대,승합>관용,5498,43,0
202604,시도,부산,,truck,business,36238,대,화물>영업용,5498,43,0
202604,시도,부산,,van,total,33319,대,승합>계,5498,43,1
202604,시도,부산,,passenger,official,1966,대,승용>관용,5498,43,0
202604,시도,부산,,passenger,private,1211075,대,승용>자가용,5498,43,0
202604,시도,부산,,passenger,total,1357387,대,승용>계,5498,43,1
202604,시도,부산,,special,private,3414,대,특수>자가용,5498,43,0
202604,시도,부산,,van,business,6258,대,승합>영업용,5498,43,0
202604,시군구,대구,군위군,truck,private,5304,대,화물>자가용,5498,44,0
202604,시군구,대구,군위군,special,official,3,대,특수>관용,5498,44,0
202604,시군구,대구,군위군,truck,total,5506,대,화물>계,5498,44,1
202604,시군구,대구,군위군,total,private,16071,대,총계>자가용,5498,44,1
202604,시군구,대구,군위군,van,private,355,대,승합>자가용,5498,44,0
202604,시군구,대구,군위군,special,total,88,대,특수>계,5498,44,1
202604,시군구,대구,군위군,passenger,business,66,대,승용>영업용,5498,44,0
202604,시군구,대구,군위군,truck,official,55,대,화물>관용,5498,44,0
202604,시군구,대구,군위군,special,business,18,대,특수>영업용,5498,44,0
202604,시군구,대구,군위군,total,official,142,대,총계>관용,5498,44,1
202604,시군구,대구,군위군,total,business,252,대,총계>영업용,5498,44,1
202604,시군구,대구,군위군,total,total,16465,대,총계>계,5498,44,1
202604,시군구,대구,군위군,van,official,36,대,승합>관용,5498,44,0
202604,시군구,대구,군위군,truck,business,147,대,화물>영업용,5498,44,0
202604,시군구,대구,군위군,van,total,412,대,승합>계,5498,44,1
202604,시군구,대구,군위군,passenger,official,48,대,승용>관용,5498,44,0
202604,시군구,대구,군위군,passenger,private,10345,대,승용>자가용,5498,44,0
202604,시군구,대구,군위군,passenger,total,10459,대,승용>계,5498,44,1
202604,시군구,대구,군위군,special,private,67,대,특수>자가용,5498,44,0
202604,시군구,대구,군위군,van,business,21,대,승합>영업용,5498,44,0
202604,시군구,대구,남구,truck,private,6103,대,화물>자가용,5498,45,0
202604,시군구,대구,남구,special,official,3,대,특수>관용,5498,45,0
202604,시군구,대구,남구,truck,total,6685,대,화물>계,5498,45,1
202604,시군구,대구,남구,total,private,56901,대,총계>자가용,5498,45,1
202604,시군구,대구,남구,van,private,1172,대,승합>자가용,5498,45,0
202604,시군구,대구,남구,special,total,200,대,특수>계,5498,45,1
202604,시군구,대구,남구,passenger,business,943,대,승용>영업용,5498,45,0
202604,시군구,대구,남구,truck,official,79,대,화물>관용,5498,45,0
202604,시군구,대구,남구,special,business,57,대,특수>영업용,5498,45,0
202604,시군구,대구,남구,total,official,408,대,총계>관용,5498,45,1
202604,시군구,대구,남구,total,business,1613,대,총계>영업용,5498,45,1
202604,시군구,대구,남구,total,total,58922,대,총계>계,5498,45,1
202604,시군구,대구,남구,van,official,213,대,승합>관용,5498,45,0
202604,시군구,대구,남구,truck,business,503,대,화물>영업용,5498,45,0
202604,시군구,대구,남구,van,total,1495,대,승합>계,5498,45,1
202604,시군구,대구,남구,passenger,official,113,대,승용>관용,5498,45,0
202604,시군구,대구,남구,passenger,private,49486,대,승용>자가용,5498,45,0
202604,시군구,대구,남구,passenger,total,50542,대,승용>계,5498,45,1
202604,시군구,대구,남구,special,private,140,대,특수>자가용,5498,45,0
202604,시군구,대구,남구,van,business,110,대,승합>영업용,5498,45,0
202604,시군구,대구,달서구,truck,private,28378,대,화물>자가용,5498,46,0
202604,시군구,대구,달서구,special,official,17,대,특수>관용,5498,46,0
202604,시군구,대구,달서구,truck,total,34002,대,화물>계,5498,46,1
202604,시군구,대구,달서구,total,private,271746,대,총계>자가용,5498,46,1
202604,시군구,대구,달서구,van,private,4228,대,승합>자가용,5498,46,0
202604,시군구,대구,달서구,special,total,1282,대,특수>계,5498,46,1
202604,시군구,대구,달서구,passenger,business,25172,대,승용>영업용,5498,46,0
202604,시군구,대구,달서구,truck,official,180,대,화물>관용,5498,46,0
202604,시군구,대구,달서구,special,business,609,대,특수>영업용,5498,46,0
202604,시군구,대구,달서구,total,official,510,대,총계>관용,5498,46,1
202604,시군구,대구,달서구,total,business,31954,대,총계>영업용,5498,46,1
202604,시군구,대구,달서구,total,total,304210,대,총계>계,5498,46,1
202604,시군구,대구,달서구,van,official,113,대,승합>관용,5498,46,0
202604,시군구,대구,달서구,truck,business,5444,대,화물>영업용,5498,46,0
202604,시군구,대구,달서구,van,total,5070,대,승합>계,5498,46,1
202604,시군구,대구,달서구,passenger,official,200,대,승용>관용,5498,46,0
202604,시군구,대구,달서구,passenger,private,238484,대,승용>자가용,5498,46,0
202604,시군구,대구,달서구,passenger,total,263856,대,승용>계,5498,46,1
202604,시군구,대구,달서구,special,private,656,대,특수>자가용,5498,46,0
202604,시군구,대구,달서구,van,business,729,대,승합>영업용,5498,46,0
202604,시군구,대구,달성군,truck,private,19224,대,화물>자가용,5498,47,0
202604,시군구,대구,달성군,special,official,67,대,특수>관용,5498,47,0
202604,시군구,대구,달성군,truck,total,22385,대,화물>계,5498,47,1
202604,시군구,대구,달성군,total,private,139506,대,총계>자가용,5498,47,1
202604,시군구,대구,달성군,van,private,2593,대,승합>자가용,5498,47,0
202604,시군구,대구,달성군,special,total,794,대,특수>계,5498,47,1
202604,시군구,대구,달성군,passenger,business,1486,대,승용>영업용,5498,47,0
202604,시군구,대구,달성군,truck,official,300,대,화물>관용,5498,47,0
202604,시군구,대구,달성군,special,business,289,대,특수>영업용,5498,47,0
202604,시군구,대구,달성군,total,official,614,대,총계>관용,5498,47,1
202604,시군구,대구,달성군,total,business,5130,대,총계>영업용,5498,47,1
202604,시군구,대구,달성군,total,total,145250,대,총계>계,5498,47,1
202604,시군구,대구,달성군,van,official,118,대,승합>관용,5498,47,0
202604,시군구,대구,달성군,truck,business,2861,대,화물>영업용,5498,47,0
202604,시군구,대구,달성군,van,total,3205,대,승합>계,5498,47,1
202604,시군구,대구,달성군,passenger,official,129,대,승용>관용,5498,47,0
202604,시군구,대구,달성군,passenger,private,117251,대,승용>자가용,5498,47,0
202604,시군구,대구,달성군,passenger,total,118866,대,승용>계,5498,47,1
202604,시군구,대구,달성군,special,private,438,대,특수>자가용,5498,47,0
202604,시군구,대구,달성군,van,business,494,대,승합>영업용,5498,47,0
202604,시군구,대구,동구,truck,private,19055,대,화물>자가용,5498,48,0
202604,시군구,대구,동구,special,official,10,대,특수>관용,5498,48,0
202604,시군구,대구,동구,truck,total,23147,대,화물>계,5498,48,1
202604,시군구,대구,동구,total,private,165649,대,총계>자가용,5498,48,1
202604,시군구,대구,동구,van,private,2966,대,승합>자가용,5498,48,0
202604,시군구,대구,동구,special,total,1037,대,특수>계,5498,48,1
202604,시군구,대구,동구,passenger,business,4212,대,승용>영업용,5498,48,0
202604,시군구,대구,동구,truck,official,156,대,화물>관용,5498,48,0
202604,시군구,대구,동구,special,business,526,대,특수>영업용,5498,48,0
202604,시군구,대구,동구,total,official,368,대,총계>관용,5498,48,1
202604,시군구,대구,동구,total,business,9395,대,총계>영업용,5498,48,1
202604,시군구,대구,동구,total,total,175412,대,총계>계,5498,48,1
202604,시군구,대구,동구,van,official,88,대,승합>관용,5498,48,0
202604,시군구,대구,동구,truck,business,3936,대,화물>영업용,5498,48,0
202604,시군구,대구,동구,van,total,3775,대,승합>계,5498,48,1
202604,시군구,대구,동구,passenger,official,114,대,승용>관용,5498,48,0
202604,시군구,대구,동구,passenger,private,143127,대,승용>자가용,5498,48,0
202604,시군구,대구,동구,passenger,total,147453,대,승용>계,5498,48,1
202604,시군구,대구,동구,special,private,501,대,특수>자가용,5498,48,0
202604,시군구,대구,동구,van,business,721,대,승합>영업용,5498,48,0
202604,시군구,대구,북구,truck,private,27288,대,화물>자가용,5498,49,0
202604,시군구,대구,북구,special,official,29,대,특수>관용,5498,49,0
202604,시군구,대구,북구,truck,total,32017,대,화물>계,5498,49,1
202604,시군구,대구,북구,total,private,201359,대,총계>자가용,5498,49,1
202604,시군구,대구,북구,van,private,3353,대,승합>자가용,5498,49,0
202604,시군구,대구,북구,special,total,1068,대,특수>계,5498,49,1
202604,시군구,대구,북구,passenger,business,2492,대,승용>영업용,5498,49,0
202604,시군구,대구,북구,truck,official,226,대,화물>관용,5498,49,0
202604,시군구,대구,북구,special,business,441,대,특수>영업용,5498,49,0
202604,시군구,대구,북구,total,official,545,대,총계>관용,5498,49,1
202604,시군구,대구,북구,total,business,8088,대,총계>영업용,5498,49,1
202604,시군구,대구,북구,total,total,209992,대,총계>계,5498,49,1
202604,시군구,대구,북구,van,official,122,대,승합>관용,5498,49,0
202604,시군구,대구,북구,truck,business,4503,대,화물>영업용,5498,49,0
202604,시군구,대구,북구,van,total,4127,대,승합>계,5498,49,1
202604,시군구,대구,북구,passenger,official,168,대,승용>관용,5498,49,0
202604,시군구,대구,북구,passenger,private,170120,대,승용>자가용,5498,49,0
202604,시군구,대구,북구,passenger,total,172780,대,승용>계,5498,49,1
202604,시군구,대구,북구,special,private,598,대,특수>자가용,5498,49,0
202604,시군구,대구,북구,van,business,652,대,승합>영업용,5498,49,0
202604,시군구,대구,서구,truck,private,10713,대,화물>자가용,5498,50,0
202604,시군구,대구,서구,special,official,9,대,특수>관용,5498,50,0
202604,시군구,대구,서구,truck,total,12369,대,화물>계,5498,50,1
202604,시군구,대구,서구,total,private,74075,대,총계>자가용,5498,50,1
202604,시군구,대구,서구,van,private,1526,대,승합>자가용,5498,50,0
202604,시군구,대구,서구,special,total,301,대,특수>계,5498,50,1
202604,시군구,대구,서구,passenger,business,3086,대,승용>영업용,5498,50,0
202604,시군구,대구,서구,truck,official,123,대,화물>관용,5498,50,0
202604,시군구,대구,서구,special,business,111,대,특수>영업용,5498,50,0
202604,시군구,대구,서구,total,official,266,대,총계>관용,5498,50,1
202604,시군구,대구,서구,total,business,4911,대,총계>영업용,5498,50,1
202604,시군구,대구,서구,total,total,79252,대,총계>계,5498,50,1
202604,시군구,대구,서구,van,official,41,대,승합>관용,5498,50,0
202604,시군구,대구,서구,truck,business,1533,대,화물>영업용,5498,50,0
202604,시군구,대구,서구,van,total,1748,대,승합>계,5498,50,1
202604,시군구,대구,서구,passenger,official,93,대,승용>관용,5498,50,0
202604,시군구,대구,서구,passenger,private,61655,대,승용>자가용,5498,50,0
202604,시군구,대구,서구,passenger,total,64834,대,승용>계,5498,50,1
202604,시군구,대구,서구,special,private,181,대,특수>자가용,5498,50,0
202604,시군구,대구,서구,van,business,181,대,승합>영업용,5498,50,0
202604,시군구,대구,수성구,truck,private,15096,대,화물>자가용,5498,51,0
202604,시군구,대구,수성구,special,official,14,대,특수>관용,5498,51,0
202604,시군구,대구,수성구,truck,total,16703,대,화물>계,5498,51,1
202604,시군구,대구,수성구,total,private,213051,대,총계>자가용,5498,51,1
202604,시군구,대구,수성구,van,private,2777,대,승합>자가용,5498,51,0
202604,시군구,대구,수성구,special,total,703,대,특수>계,5498,51,1
202604,시군구,대구,수성구,passenger,business,2861,대,승용>영업용,5498,51,0
202604,시군구,대구,수성구,truck,official,211,대,화물>관용,5498,51,0
202604,시군구,대구,수성구,special,business,176,대,특수>영업용,5498,51,0
202604,시군구,대구,수성구,total,official,610,대,총계>관용,5498,51,1
202604,시군구,대구,수성구,total,business,5042,대,총계>영업용,5498,51,1
202604,시군구,대구,수성구,total,total,218703,대,총계>계,5498,51,1
202604,시군구,대구,수성구,van,official,183,대,승합>관용,5498,51,0
202604,시군구,대구,수성구,truck,business,1396,대,화물>영업용,5498,51,0
202604,시군구,대구,수성구,van,total,3569,대,승합>계,5498,51,1
202604,시군구,대구,수성구,passenger,official,202,대,승용>관용,5498,51,0
202604,시군구,대구,수성구,passenger,private,194665,대,승용>자가용,5498,51,0
202604,시군구,대구,수성구,passenger,total,197728,대,승용>계,5498,51,1
202604,시군구,대구,수성구,special,private,513,대,특수>자가용,5498,51,0
202604,시군구,대구,수성구,van,business,609,대,승합>영업용,5498,51,0
202604,시군구,대구,중구,truck,private,4193,대,화물>자가용,5498,52,0
202604,시군구,대구,중구,special,official,16,대,특수>관용,5498,52,0
202604,시군구,대구,중구,truck,total,4823,대,화물>계,5498,52,1
202604,시군구,대구,중구,total,private,55674,대,총계>자가용,5498,52,1
202604,시군구,대구,중구,van,private,979,대,승합>자가용,5498,52,0
202604,시군구,대구,중구,special,total,148,대,특수>계,5498,52,1
202604,시군구,대구,중구,passenger,business,1129,대,승용>영업용,5498,52,0
202604,시군구,대구,중구,truck,official,148,대,화물>관용,5498,52,0
202604,시군구,대구,중구,special,business,29,대,특수>영업용,5498,52,0
202604,시군구,대구,중구,total,official,324,대,총계>관용,5498,52,1
202604,시군구,대구,중구,total,business,1957,대,총계>영업용,5498,52,1
202604,시군구,대구,중구,total,total,57955,대,총계>계,5498,52,1
202604,시군구,대구,중구,van,official,68,대,승합>관용,5498,52,0
202604,시군구,대구,중구,truck,business,482,대,화물>영업용,5498,52,0
202604,시군구,대구,중구,van,total,1364,대,승합>계,5498,52,1
202604,시군구,대구,중구,passenger,official,92,대,승용>관용,5498,52,0
202604,시군구,대구,중구,passenger,private,50399,대,승용>자가용,5498,52,0
202604,시군구,대구,중구,passenger,total,51620,대,승용>계,5498,52,1
202604,시군구,대구,중구,special,private,103,대,특수>자가용,5498,52,0
202604,시군구,대구,중구,van,business,317,대,승합>영업용,5498,52,0
202604,시도,대구,,truck,private,135354,대,화물>자가용,5498,53,0
202604,시도,대구,,special,official,168,대,특수>관용,5498,53,0
202604,시도,대구,,truck,total,157637,대,화물>계,5498,53,1
202604,시도,대구,,total,private,1194032,대,총계>자가용,5498,53,1
202604,시도,대구,,van,private,19949,대,승합>자가용,5498,53,0
202604,시도,대구,,special,total,5621,대,특수>계,5498,53,1
202604,시도,대구,,passenger,business,41447,대,승용>영업용,5498,53,0
202604,시도,대구,,truck,official,1478,대,화물>관용,5498,53,0
202604,시도,대구,,special,business,2256,대,특수>영업용,5498,53,0
202604,시도,대구,,total,official,3787,대,총계>관용,5498,53,1
202604,시도,대구,,total,business,68342,대,총계>영업용,5498,53,1
202604,시도,대구,,total,total,1266161,대,총계>계,5498,53,1
202604,시도,대구,,van,official,982,대,승합>관용,5498,53,0
202604,시도,대구,,truck,business,20805,대,화물>영업용,5498,53,0
202604,시도,대구,,van,total,24765,대,승합>계,5498,53,1
202604,시도,대구,,passenger,official,1159,대,승용>관용,5498,53,0
202604,시도,대구,,passenger,private,1035532,대,승용>자가용,5498,53,0
202604,시도,대구,,passenger,total,1078138,대,승용>계,5498,53,1
202604,시도,대구,,special,private,3197,대,특수>자가용,5498,53,0
202604,시도,대구,,van,business,3834,대,승합>영업용,5498,53,0
202604,시군구,인천,강화군,truck,private,10843,대,화물>자가용,5498,54,0
202604,시군구,인천,강화군,special,official,11,대,특수>관용,5498,54,0
202604,시군구,인천,강화군,truck,total,11770,대,화물>계,5498,54,1
202604,시군구,인천,강화군,total,private,40252,대,총계>자가용,5498,54,1
202604,시군구,인천,강화군,van,private,1024,대,승합>자가용,5498,54,0
202604,시군구,인천,강화군,special,total,390,대,특수>계,5498,54,1
202604,시군구,인천,강화군,passenger,business,2387,대,승용>영업용,5498,54,0
202604,시군구,인천,강화군,truck,official,159,대,화물>관용,5498,54,0
202604,시군구,인천,강화군,special,business,92,대,특수>영업용,5498,54,0
202604,시군구,인천,강화군,total,official,374,대,총계>관용,5498,54,1
202604,시군구,인천,강화군,total,business,3515,대,총계>영업용,5498,54,1
202604,시군구,인천,강화군,total,total,44141,대,총계>계,5498,54,1
202604,시군구,인천,강화군,van,official,55,대,승합>관용,5498,54,0
202604,시군구,인천,강화군,truck,business,768,대,화물>영업용,5498,54,0
202604,시군구,인천,강화군,van,total,1347,대,승합>계,5498,54,1
202604,시군구,인천,강화군,passenger,official,149,대,승용>관용,5498,54,0
202604,시군구,인천,강화군,passenger,private,28098,대,승용>자가용,5498,54,0
202604,시군구,인천,강화군,passenger,total,30634,대,승용>계,5498,54,1
202604,시군구,인천,강화군,special,private,287,대,특수>자가용,5498,54,0
202604,시군구,인천,강화군,van,business,268,대,승합>영업용,5498,54,0
202604,시군구,인천,계양구,truck,private,15629,대,화물>자가용,5498,55,0
202604,시군구,인천,계양구,special,official,17,대,특수>관용,5498,55,0
202604,시군구,인천,계양구,truck,total,18650,대,화물>계,5498,55,1
202604,시군구,인천,계양구,total,private,112988,대,총계>자가용,5498,55,1
202604,시군구,인천,계양구,van,private,2774,대,승합>자가용,5498,55,0
202604,시군구,인천,계양구,special,total,684,대,특수>계,5498,55,1
202604,시군구,인천,계양구,passenger,business,94931,대,승용>영업용,5498,55,0
202604,시군구,인천,계양구,truck,official,111,대,화물>관용,5498,55,0
202604,시군구,인천,계양구,special,business,332,대,특수>영업용,5498,55,0
202604,시군구,인천,계양구,total,official,296,대,총계>관용,5498,55,1
202604,시군구,인천,계양구,total,business,99597,대,총계>영업용,5498,55,1
202604,시군구,인천,계양구,total,total,212881,대,총계>계,5498,55,1
202604,시군구,인천,계양구,van,official,59,대,승합>관용,5498,55,0
202604,시군구,인천,계양구,truck,business,2910,대,화물>영업용,5498,55,0
202604,시군구,인천,계양구,van,total,4257,대,승합>계,5498,55,1
202604,시군구,인천,계양구,passenger,official,109,대,승용>관용,5498,55,0
202604,시군구,인천,계양구,passenger,private,94250,대,승용>자가용,5498,55,0
202604,시군구,인천,계양구,passenger,total,189290,대,승용>계,5498,55,1
202604,시군구,인천,계양구,special,private,335,대,특수>자가용,5498,55,0
202604,시군구,인천,계양구,van,business,1424,대,승합>영업용,5498,55,0
202604,시군구,인천,남동구,truck,private,27304,대,화물>자가용,5498,56,0
202604,시군구,인천,남동구,special,official,29,대,특수>관용,5498,56,0
202604,시군구,인천,남동구,truck,total,31128,대,화물>계,5498,56,1
202604,시군구,인천,남동구,total,private,255340,대,총계>자가용,5498,56,1
202604,시군구,인천,남동구,van,private,4389,대,승합>자가용,5498,56,0
202604,시군구,인천,남동구,special,total,1124,대,특수>계,5498,56,1
202604,시군구,인천,남동구,passenger,business,20275,대,승용>영업용,5498,56,0
202604,시군구,인천,남동구,truck,official,165,대,화물>관용,5498,56,0
202604,시군구,인천,남동구,special,business,495,대,특수>영업용,5498,56,0
202604,시군구,인천,남동구,total,official,1004,대,총계>관용,5498,56,1
202604,시군구,인천,남동구,total,business,25186,대,총계>영업용,5498,56,1
202604,시군구,인천,남동구,total,total,281530,대,총계>계,5498,56,1
202604,시군구,인천,남동구,van,official,455,대,승합>관용,5498,56,0
202604,시군구,인천,남동구,truck,business,3659,대,화물>영업용,5498,56,0
202604,시군구,인천,남동구,van,total,5601,대,승합>계,5498,56,1
202604,시군구,인천,남동구,passenger,official,355,대,승용>관용,5498,56,0
202604,시군구,인천,남동구,passenger,private,223047,대,승용>자가용,5498,56,0
202604,시군구,인천,남동구,passenger,total,243677,대,승용>계,5498,56,1
202604,시군구,인천,남동구,special,private,600,대,특수>자가용,5498,56,0
202604,시군구,인천,남동구,van,business,757,대,승합>영업용,5498,56,0
202604,시군구,인천,동구,truck,private,3272,대,화물>자가용,5498,57,0
202604,시군구,인천,동구,special,official,2,대,특수>관용,5498,57,0
202604,시군구,인천,동구,truck,total,4650,대,화물>계,5498,57,1
202604,시군구,인천,동구,total,private,24300,대,총계>자가용,5498,57,1
202604,시군구,인천,동구,van,private,776,대,승합>자가용,5498,57,0
202604,시군구,인천,동구,special,total,414,대,특수>계,5498,57,1
202604,시군구,인천,동구,passenger,business,891,대,승용>영업용,5498,57,0
202604,시군구,인천,동구,truck,official,31,대,화물>관용,5498,57,0
202604,시군구,인천,동구,special,business,323,대,특수>영업용,5498,57,0
202604,시군구,인천,동구,total,official,108,대,총계>관용,5498,57,1
202604,시군구,인천,동구,total,business,2634,대,총계>영업용,5498,57,1
202604,시군구,인천,동구,total,total,27042,대,총계>계,5498,57,1
202604,시군구,인천,동구,van,official,34,대,승합>관용,5498,57,0
202604,시군구,인천,동구,truck,business,1347,대,화물>영업용,5498,57,0
202604,시군구,인천,동구,van,total,883,대,승합>계,5498,57,1
202604,시군구,인천,동구,passenger,official,41,대,승용>관용,5498,57,0
202604,시군구,인천,동구,passenger,private,20163,대,승용>자가용,5498,57,0
202604,시군구,인천,동구,passenger,total,21095,대,승용>계,5498,57,1
202604,시군구,인천,동구,special,private,89,대,특수>자가용,5498,57,0
202604,시군구,인천,동구,van,business,73,대,승합>영업용,5498,57,0
202604,시군구,인천,미추홀구,truck,private,16656,대,화물>자가용,5498,58,0
202604,시군구,인천,미추홀구,special,official,18,대,특수>관용,5498,58,0
202604,시군구,인천,미추홀구,truck,total,22113,대,화물>계,5498,58,1
202604,시군구,인천,미추홀구,total,private,164439,대,총계>자가용,5498,58,1
202604,시군구,인천,미추홀구,van,private,3634,대,승합>자가용,5498,58,0
202604,시군구,인천,미추홀구,special,total,1335,대,특수>계,5498,58,1
202604,시군구,인천,미추홀구,passenger,business,12381,대,승용>영업용,5498,58,0
202604,시군구,인천,미추홀구,truck,official,139,대,화물>관용,5498,58,0
202604,시군구,인천,미추홀구,special,business,849,대,특수>영업용,5498,58,0
202604,시군구,인천,미추홀구,total,official,439,대,총계>관용,5498,58,1
202604,시군구,인천,미추홀구,total,business,18616,대,총계>영업용,5498,58,1
202604,시군구,인천,미추홀구,total,total,183494,대,총계>계,5498,58,1
202604,시군구,인천,미추홀구,van,official,93,대,승합>관용,5498,58,0
202604,시군구,인천,미추홀구,truck,business,5318,대,화물>영업용,5498,58,0
202604,시군구,인천,미추홀구,van,total,3795,대,승합>계,5498,58,1
202604,시군구,인천,미추홀구,passenger,official,189,대,승용>관용,5498,58,0
202604,시군구,인천,미추홀구,passenger,private,143681,대,승용>자가용,5498,58,0
202604,시군구,인천,미추홀구,passenger,total,156251,대,승용>계,5498,58,1
202604,시군구,인천,미추홀구,special,private,468,대,특수>자가용,5498,58,0
202604,시군구,인천,미추홀구,van,business,68,대,승합>영업용,5498,58,0
202604,시군구,인천,부평구,truck,private,19017,대,화물>자가용,5498,59,0
202604,시군구,인천,부평구,special,official,9,대,특수>관용,5498,59,0
202604,시군구,인천,부평구,truck,total,22248,대,화물>계,5498,59,1
202604,시군구,인천,부평구,total,private,212465,대,총계>자가용,5498,59,1
202604,시군구,인천,부평구,van,private,3840,대,승합>자가용,5498,59,0
202604,시군구,인천,부평구,special,total,757,대,특수>계,5498,59,1
202604,시군구,인천,부평구,passenger,business,18002,대,승용>영업용,5498,59,0
202604,시군구,인천,부평구,truck,official,106,대,화물>관용,5498,59,0
202604,시군구,인천,부평구,special,business,293,대,특수>영업용,5498,59,0
202604,시군구,인천,부평구,total,official,342,대,총계>관용,5498,59,1
202604,시군구,인천,부평구,total,business,22304,대,총계>영업용,5498,59,1
202604,시군구,인천,부평구,total,total,235111,대,총계>계,5498,59,1
202604,시군구,인천,부평구,van,official,80,대,승합>관용,5498,59,0
202604,시군구,인천,부평구,truck,business,3125,대,화물>영업용,5498,59,0
202604,시군구,인천,부평구,van,total,4804,대,승합>계,5498,59,1
202604,시군구,인천,부평구,passenger,official,147,대,승용>관용,5498,59,0
202604,시군구,인천,부평구,passenger,private,189153,대,승용>자가용,5498,59,0
202604,시군구,인천,부평구,passenger,total,207302,대,승용>계,5498,59,1
202604,시군구,인천,부평구,special,private,455,대,특수>자가용,5498,59,0
202604,시군구,인천,부평구,van,business,884,대,승합>영업용,5498,59,0
202604,시군구,인천,서구,truck,private,33620,대,화물>자가용,5498,60,0
202604,시군구,인천,서구,special,official,32,대,특수>관용,5498,60,0
202604,시군구,인천,서구,truck,total,40450,대,화물>계,5498,60,1
202604,시군구,인천,서구,total,private,321235,대,총계>자가용,5498,60,1
202604,시군구,인천,서구,van,private,5636,대,승합>자가용,5498,60,0
202604,시군구,인천,서구,special,total,1687,대,특수>계,5498,60,1
202604,시군구,인천,서구,passenger,business,5930,대,승용>영업용,5498,60,0
202604,시군구,인천,서구,truck,official,193,대,화물>관용,5498,60,0
202604,시군구,인천,서구,special,business,785,대,특수>영업용,5498,60,0
202604,시군구,인천,서구,total,official,559,대,총계>관용,5498,60,1
202604,시군구,인천,서구,total,business,14769,대,총계>영업용,5498,60,1
202604,시군구,인천,서구,total,total,336563,대,총계>계,5498,60,1
202604,시군구,인천,서구,van,official,104,대,승합>관용,5498,60,0
202604,시군구,인천,서구,truck,business,6637,대,화물>영업용,5498,60,0
202604,시군구,인천,서구,van,total,7157,대,승합>계,5498,60,1
202604,시군구,인천,서구,passenger,official,230,대,승용>관용,5498,60,0
202604,시군구,인천,서구,passenger,private,281109,대,승용>자가용,5498,60,0
202604,시군구,인천,서구,passenger,total,287269,대,승용>계,5498,60,1
202604,시군구,인천,서구,special,private,870,대,특수>자가용,5498,60,0
202604,시군구,인천,서구,van,business,1417,대,승합>영업용,5498,60,0
202604,시군구,인천,연수구,truck,private,12325,대,화물>자가용,5498,61,0
202604,시군구,인천,연수구,special,official,13,대,특수>관용,5498,61,0
202604,시군구,인천,연수구,truck,total,16128,대,화물>계,5498,61,1
202604,시군구,인천,연수구,total,private,232376,대,총계>자가용,5498,61,1
202604,시군구,인천,연수구,van,private,2840,대,승합>자가용,5498,61,0
202604,시군구,인천,연수구,special,total,1002,대,특수>계,5498,61,1
202604,시군구,인천,연수구,passenger,business,5566,대,승용>영업용,5498,61,0
202604,시군구,인천,연수구,truck,official,139,대,화물>관용,5498,61,0
202604,시군구,인천,연수구,special,business,547,대,특수>영업용,5498,61,0
202604,시군구,인천,연수구,total,official,407,대,총계>관용,5498,61,1
202604,시군구,인천,연수구,total,business,10536,대,총계>영업용,5498,61,1
202604,시군구,인천,연수구,total,total,243319,대,총계>계,5498,61,1
202604,시군구,인천,연수구,van,official,90,대,승합>관용,5498,61,0
202604,시군구,인천,연수구,truck,business,3664,대,화물>영업용,5498,61,0
202604,시군구,인천,연수구,van,total,3689,대,승합>계,5498,61,1
202604,시군구,인천,연수구,passenger,official,165,대,승용>관용,5498,61,0
202604,시군구,인천,연수구,passenger,private,216769,대,승용>자가용,5498,61,0
202604,시군구,인천,연수구,passenger,total,222500,대,승용>계,5498,61,1
202604,시군구,인천,연수구,special,private,442,대,특수>자가용,5498,61,0
202604,시군구,인천,연수구,van,business,759,대,승합>영업용,5498,61,0
202604,시군구,인천,옹진군,truck,private,15773,대,화물>자가용,5498,62,0
202604,시군구,인천,옹진군,special,official,3,대,특수>관용,5498,62,0
202604,시군구,인천,옹진군,truck,total,15959,대,화물>계,5498,62,1
202604,시군구,인천,옹진군,total,private,33595,대,총계>자가용,5498,62,1
202604,시군구,인천,옹진군,van,private,599,대,승합>자가용,5498,62,0
202604,시군구,인천,옹진군,special,total,166,대,특수>계,5498,62,1
202604,시군구,인천,옹진군,passenger,business,60331,대,승용>영업용,5498,62,0
202604,시군구,인천,옹진군,truck,official,127,대,화물>관용,5498,62,0
202604,시군구,인천,옹진군,special,business,14,대,특수>영업용,5498,62,0
202604,시군구,인천,옹진군,total,official,255,대,총계>관용,5498,62,1
202604,시군구,인천,옹진군,total,business,61346,대,총계>영업용,5498,62,1
202604,시군구,인천,옹진군,total,total,95196,대,총계>계,5498,62,1
202604,시군구,인천,옹진군,van,official,51,대,승합>관용,5498,62,0
202604,시군구,인천,옹진군,truck,business,59,대,화물>영업용,5498,62,0
202604,시군구,인천,옹진군,van,total,1592,대,승합>계,5498,62,1
202604,시군구,인천,옹진군,passenger,official,74,대,승용>관용,5498,62,0
202604,시군구,인천,옹진군,passenger,private,17074,대,승용>자가용,5498,62,0
202604,시군구,인천,옹진군,passenger,total,77479,대,승용>계,5498,62,1
202604,시군구,인천,옹진군,special,private,149,대,특수>자가용,5498,62,0
202604,시군구,인천,옹진군,van,business,942,대,승합>영업용,5498,62,0
202604,시군구,인천,중구,truck,private,8473,대,화물>자가용,5498,63,0
202604,시군구,인천,중구,special,official,18,대,특수>관용,5498,63,0
202604,시군구,인천,중구,truck,total,16961,대,화물>계,5498,63,1
202604,시군구,인천,중구,total,private,87426,대,총계>자가용,5498,63,1
202604,시군구,인천,중구,van,private,1734,대,승합>자가용,5498,63,0
202604,시군구,인천,중구,special,total,2056,대,특수>계,5498,63,1
202604,시군구,인천,중구,passenger,business,1010,대,승용>영업용,5498,63,0
202604,시군구,인천,중구,truck,official,189,대,화물>관용,5498,63,0
202604,시군구,인천,중구,special,business,1658,대,특수>영업용,5498,63,0
202604,시군구,인천,중구,total,official,640,대,총계>관용,5498,63,1
202604,시군구,인천,중구,total,business,11762,대,총계>영업용,5498,63,1
202604,시군구,인천,중구,total,total,99828,대,총계>계,5498,63,1
202604,시군구,인천,중구,van,official,155,대,승합>관용,5498,63,0
202604,시군구,인천,중구,truck,business,8299,대,화물>영업용,5498,63,0
202604,시군구,인천,중구,van,total,2684,대,승합>계,5498,63,1
202604,시군구,인천,중구,passenger,official,278,대,승용>관용,5498,63,0
202604,시군구,인천,중구,passenger,private,76839,대,승용>자가용,5498,63,0
202604,시군구,인천,중구,passenger,total,78127,대,승용>계,5498,63,1
202604,시군구,인천,중구,special,private,380,대,특수>자가용,5498,63,0
202604,시군구,인천,중구,van,business,795,대,승합>영업용,5498,63,0
202604,시도,인천,,truck,private,162912,대,화물>자가용,5498,64,0
202604,시도,인천,,special,official,152,대,특수>관용,5498,64,0
202604,시도,인천,,truck,total,200057,대,화물>계,5498,64,1
202604,시도,인천,,total,private,1484416,대,총계>자가용,5498,64,1
202604,시도,인천,,van,private,27246,대,승합>자가용,5498,64,0
202604,시도,인천,,special,total,9615,대,특수>계,5498,64,1
202604,시도,인천,,passenger,business,221704,대,승용>영업용,5498,64,0
202604,시도,인천,,truck,official,1359,대,화물>관용,5498,64,0
202604,시도,인천,,special,business,5388,대,특수>영업용,5498,64,0
202604,시도,인천,,total,official,4424,대,총계>관용,5498,64,1
202604,시도,인천,,total,business,270265,대,총계>영업용,5498,64,1
202604,시도,인천,,total,total,1759105,대,총계>계,5498,64,1
202604,시도,인천,,van,official,1176,대,승합>관용,5498,64,0
202604,시도,인천,,truck,business,35786,대,화물>영업용,5498,64,0
202604,시도,인천,,van,total,35809,대,승합>계,5498,64,1
202604,시도,인천,,passenger,official,1737,대,승용>관용,5498,64,0
202604,시도,인천,,passenger,private,1290183,대,승용>자가용,5498,64,0
202604,시도,인천,,passenger,total,1513624,대,승용>계,5498,64,1
202604,시도,인천,,special,private,4075,대,특수>자가용,5498,64,0
202604,시도,인천,,van,business,7387,대,승합>영업용,5498,64,0
202604,시군구,광주,광산구,truck,private,26168,대,화물>자가용,5498,65,0
202604,시군구,광주,광산구,special,official,30,대,특수>관용,5498,65,0
202604,시군구,광주,광산구,truck,total,34301,대,화물>계,5498,65,1
202604,시군구,광주,광산구,total,private,206428,대,총계>자가용,5498,65,1
202604,시군구,광주,광산구,van,private,3857,대,승합>자가용,5498,65,0
202604,시군구,광주,광산구,special,total,1747,대,특수>계,5498,65,1
202604,시군구,광주,광산구,passenger,business,3930,대,승용>영업용,5498,65,0
202604,시군구,광주,광산구,truck,official,198,대,화물>관용,5498,65,0
202604,시군구,광주,광산구,special,business,925,대,특수>영업용,5498,65,0
202604,시군구,광주,광산구,total,official,610,대,총계>관용,5498,65,1
202604,시군구,광주,광산구,total,business,13184,대,총계>영업용,5498,65,1
202604,시군구,광주,광산구,total,total,220222,대,총계>계,5498,65,1
202604,시군구,광주,광산구,van,official,141,대,승합>관용,5498,65,0
202604,시군구,광주,광산구,truck,business,7935,대,화물>영업용,5498,65,0
202604,시군구,광주,광산구,van,total,4392,대,승합>계,5498,65,1
202604,시군구,광주,광산구,passenger,official,241,대,승용>관용,5498,65,0
202604,시군구,광주,광산구,passenger,private,175611,대,승용>자가용,5498,65,0
202604,시군구,광주,광산구,passenger,total,179782,대,승용>계,5498,65,1
202604,시군구,광주,광산구,special,private,792,대,특수>자가용,5498,65,0
202604,시군구,광주,광산구,van,business,394,대,승합>영업용,5498,65,0
202604,시군구,광주,남구,truck,private,8470,대,화물>자가용,5498,66,0
202604,시군구,광주,남구,special,official,11,대,특수>관용,5498,66,0
202604,시군구,광주,남구,truck,total,9568,대,화물>계,5498,66,1
202604,시군구,광주,남구,total,private,94815,대,총계>자가용,5498,66,1
202604,시군구,광주,남구,van,private,1715,대,승합>자가용,5498,66,0
202604,시군구,광주,남구,special,total,449,대,특수>계,5498,66,1
202604,시군구,광주,남구,passenger,business,851,대,승용>영업용,5498,66,0
202604,시군구,광주,남구,truck,official,88,대,화물>관용,5498,66,0
202604,시군구,광주,남구,special,business,179,대,특수>영업용,5498,66,0
202604,시군구,광주,남구,total,official,245,대,총계>관용,5498,66,1
202604,시군구,광주,남구,total,business,2463,대,총계>영업용,5498,66,1
202604,시군구,광주,남구,total,total,97523,대,총계>계,5498,66,1
202604,시군구,광주,남구,van,official,51,대,승합>관용,5498,66,0
202604,시군구,광주,남구,truck,business,1010,대,화물>영업용,5498,66,0
202604,시군구,광주,남구,van,total,2189,대,승합>계,5498,66,1
202604,시군구,광주,남구,passenger,official,95,대,승용>관용,5498,66,0
202604,시군구,광주,남구,passenger,private,84371,대,승용>자가용,5498,66,0
202604,시군구,광주,남구,passenger,total,85317,대,승용>계,5498,66,1
202604,시군구,광주,남구,special,private,259,대,특수>자가용,5498,66,0
202604,시군구,광주,남구,van,business,423,대,승합>영업용,5498,66,0
202604,시군구,광주,동구,truck,private,4035,대,화물>자가용,5498,67,0
202604,시군구,광주,동구,special,official,10,대,특수>관용,5498,67,0
202604,시군구,광주,동구,truck,total,4528,대,화물>계,5498,67,1
202604,시군구,광주,동구,total,private,47434,대,총계>자가용,5498,67,1
202604,시군구,광주,동구,van,private,830,대,승합>자가용,5498,67,0
202604,시군구,광주,동구,special,total,222,대,특수>계,5498,67,1
202604,시군구,광주,동구,passenger,business,415,대,승용>영업용,5498,67,0
202604,시군구,광주,동구,truck,official,100,대,화물>관용,5498,67,0
202604,시군구,광주,동구,special,business,71,대,특수>영업용,5498,67,0
202604,시군구,광주,동구,total,official,262,대,총계>관용,5498,67,1
202604,시군구,광주,동구,total,business,1004,대,총계>영업용,5498,67,1
202604,시군구,광주,동구,total,total,48700,대,총계>계,5498,67,1
202604,시군구,광주,동구,van,official,56,대,승합>관용,5498,67,0
202604,시군구,광주,동구,truck,business,393,대,화물>영업용,5498,67,0
202604,시군구,광주,동구,van,total,1011,대,승합>계,5498,67,1
202604,시군구,광주,동구,passenger,official,96,대,승용>관용,5498,67,0
202604,시군구,광주,동구,passenger,private,42428,대,승용>자가용,5498,67,0
202604,시군구,광주,동구,passenger,total,42939,대,승용>계,5498,67,1
202604,시군구,광주,동구,special,private,141,대,특수>자가용,5498,67,0
202604,시군구,광주,동구,van,business,125,대,승합>영업용,5498,67,0
202604,시군구,광주,북구,truck,private,22331,대,화물>자가용,5498,68,0
202604,시군구,광주,북구,special,official,19,대,특수>관용,5498,68,0
202604,시군구,광주,북구,truck,total,26203,대,화물>계,5498,68,1
202604,시군구,광주,북구,total,private,200675,대,총계>자가용,5498,68,1
202604,시군구,광주,북구,van,private,3491,대,승합>자가용,5498,68,0
202604,시군구,광주,북구,special,total,1161,대,특수>계,5498,68,1
202604,시군구,광주,북구,passenger,business,4393,대,승용>영업용,5498,68,0
202604,시군구,광주,북구,truck,official,220,대,화물>관용,5498,68,0
202604,시군구,광주,북구,special,business,528,대,특수>영업용,5498,68,0
202604,시군구,광주,북구,total,official,618,대,총계>관용,5498,68,1
202604,시군구,광주,북구,total,business,9571,대,총계>영업용,5498,68,1
202604,시군구,광주,북구,total,total,210864,대,총계>계,5498,68,1
202604,시군구,광주,북구,van,official,198,대,승합>관용,5498,68,0
202604,시군구,광주,북구,truck,business,3652,대,화물>영업용,5498,68,0
202604,시군구,광주,북구,van,total,4687,대,승합>계,5498,68,1
202604,시군구,광주,북구,passenger,official,181,대,승용>관용,5498,68,0
202604,시군구,광주,북구,passenger,private,174239,대,승용>자가용,5498,68,0
202604,시군구,광주,북구,passenger,total,178813,대,승용>계,5498,68,1
202604,시군구,광주,북구,special,private,614,대,특수>자가용,5498,68,0
202604,시군구,광주,북구,van,business,998,대,승합>영업용,5498,68,0
202604,시군구,광주,서구,truck,private,14804,대,화물>자가용,5498,69,0
202604,시군구,광주,서구,special,official,23,대,특수>관용,5498,69,0
202604,시군구,광주,서구,truck,total,16779,대,화물>계,5498,69,1
202604,시군구,광주,서구,total,private,146702,대,총계>자가용,5498,69,1
202604,시군구,광주,서구,van,private,2745,대,승합>자가용,5498,69,0
202604,시군구,광주,서구,special,total,653,대,특수>계,5498,69,1
202604,시군구,광주,서구,passenger,business,3667,대,승용>영업용,5498,69,0
202604,시군구,광주,서구,truck,official,226,대,화물>관용,5498,69,0
202604,시군구,광주,서구,special,business,211,대,특수>영업용,5498,69,0
202604,시군구,광주,서구,total,official,707,대,총계>관용,5498,69,1
202604,시군구,광주,서구,total,business,5961,대,총계>영업용,5498,69,1
202604,시군구,광주,서구,total,total,153370,대,총계>계,5498,69,1
202604,시군구,광주,서구,van,official,150,대,승합>관용,5498,69,0
202604,시군구,광주,서구,truck,business,1749,대,화물>영업용,5498,69,0
202604,시군구,광주,서구,van,total,3229,대,승합>계,5498,69,1
202604,시군구,광주,서구,passenger,official,308,대,승용>관용,5498,69,0
202604,시군구,광주,서구,passenger,private,128734,대,승용>자가용,5498,69,0
202604,시군구,광주,서구,passenger,total,132709,대,승용>계,5498,69,1
202604,시군구,광주,서구,special,private,419,대,특수>자가용,5498,69,0
202604,시군구,광주,서구,van,business,334,대,승합>영업용,5498,69,0
202604,시도,광주,,truck,private,75808,대,화물>자가용,5498,70,0
202604,시도,광주,,special,official,93,대,특수>관용,5498,70,0
202604,시도,광주,,truck,total,91379,대,화물>계,5498,70,1
202604,시도,광주,,total,private,696054,대,총계>자가용,5498,70,1
202604,시도,광주,,van,private,12638,대,승합>자가용,5498,70,0
202604,시도,광주,,special,total,4232,대,특수>계,5498,70,1
202604,시도,광주,,passenger,business,13256,대,승용>영업용,5498,70,0
202604,시도,광주,,truck,official,832,대,화물>관용,5498,70,0
202604,시도,광주,,special,business,1914,대,특수>영업용,5498,70,0
202604,시도,광주,,total,official,2442,대,총계>관용,5498,70,1
202604,시도,광주,,total,business,32183,대,총계>영업용,5498,70,1
202604,시도,광주,,total,total,730679,대,총계>계,5498,70,1
202604,시도,광주,,van,official,596,대,승합>관용,5498,70,0
202604,시도,광주,,truck,business,14739,대,화물>영업용,5498,70,0
202604,시도,광주,,van,total,15508,대,승합>계,5498,70,1
202604,시도,광주,,passenger,official,921,대,승용>관용,5498,70,0
202604,시도,광주,,passenger,private,605383,대,승용>자가용,5498,70,0
202604,시도,광주,,passenger,total,619560,대,승용>계,5498,70,1
202604,시도,광주,,special,private,2225,대,특수>자가용,5498,70,0
202604,시도,광주,,van,business,2274,대,승합>영업용,5498,70,0
202604,시군구,대전,대덕구,truck,private,13388,대,화물>자가용,5498,71,0
202604,시군구,대전,대덕구,special,official,10,대,특수>관용,5498,71,0
202604,시군구,대전,대덕구,truck,total,17419,대,화물>계,5498,71,1
202604,시군구,대전,대덕구,total,private,87865,대,총계>자가용,5498,71,1
202604,시군구,대전,대덕구,van,private,1811,대,승합>자가용,5498,71,0
202604,시군구,대전,대덕구,special,total,817,대,특수>계,5498,71,1
202604,시군구,대전,대덕구,passenger,business,1874,대,승용>영업용,5498,71,0
202604,시군구,대전,대덕구,truck,official,109,대,화물>관용,5498,71,0
202604,시군구,대전,대덕구,special,business,446,대,특수>영업용,5498,71,0
202604,시군구,대전,대덕구,total,official,247,대,총계>관용,5498,71,1
202604,시군구,대전,대덕구,total,business,6788,대,총계>영업용,5498,71,1
202604,시군구,대전,대덕구,total,total,94900,대,총계>계,5498,71,1
202604,시군구,대전,대덕구,van,official,43,대,승합>관용,5498,71,0
202604,시군구,대전,대덕구,truck,business,3922,대,화물>영업용,5498,71,0
202604,시군구,대전,대덕구,van,total,2400,대,승합>계,5498,71,1
202604,시군구,대전,대덕구,passenger,official,85,대,승용>관용,5498,71,0
202604,시군구,대전,대덕구,passenger,private,72305,대,승용>자가용,5498,71,0
202604,시군구,대전,대덕구,passenger,total,74264,대,승용>계,5498,71,1
202604,시군구,대전,대덕구,special,private,361,대,특수>자가용,5498,71,0
202604,시군구,대전,대덕구,van,business,546,대,승합>영업용,5498,71,0
202604,시군구,대전,동구,truck,private,12585,대,화물>자가용,5498,72,0
202604,시군구,대전,동구,special,official,13,대,특수>관용,5498,72,0
202604,시군구,대전,동구,truck,total,14372,대,화물>계,5498,72,1
202604,시군구,대전,동구,total,private,94057,대,총계>자가용,5498,72,1
202604,시군구,대전,동구,van,private,2081,대,승합>자가용,5498,72,0
202604,시군구,대전,동구,special,total,553,대,특수>계,5498,72,1
202604,시군구,대전,동구,passenger,business,2914,대,승용>영업용,5498,72,0
202604,시군구,대전,동구,truck,official,100,대,화물>관용,5498,72,0
202604,시군구,대전,동구,special,business,223,대,특수>영업용,5498,72,0
202604,시군구,대전,동구,total,official,259,대,총계>관용,5498,72,1
202604,시군구,대전,동구,total,business,5277,대,총계>영업용,5498,72,1
202604,시군구,대전,동구,total,total,99593,대,총계>계,5498,72,1
202604,시군구,대전,동구,van,official,56,대,승합>관용,5498,72,0
202604,시군구,대전,동구,truck,business,1687,대,화물>영업용,5498,72,0
202604,시군구,대전,동구,van,total,2590,대,승합>계,5498,72,1
202604,시군구,대전,동구,passenger,official,90,대,승용>관용,5498,72,0
202604,시군구,대전,동구,passenger,private,79074,대,승용>자가용,5498,72,0
202604,시군구,대전,동구,passenger,total,82078,대,승용>계,5498,72,1
202604,시군구,대전,동구,special,private,317,대,특수>자가용,5498,72,0
202604,시군구,대전,동구,van,business,453,대,승합>영업용,5498,72,0
202604,시군구,대전,서구,truck,private,18112,대,화물>자가용,5498,73,0
202604,시군구,대전,서구,special,official,33,대,특수>관용,5498,73,0
202604,시군구,대전,서구,truck,total,20742,대,화물>계,5498,73,1
202604,시군구,대전,서구,total,private,211709,대,총계>자가용,5498,73,1
202604,시군구,대전,서구,van,private,3682,대,승합>자가용,5498,73,0
202604,시군구,대전,서구,special,total,1063,대,특수>계,5498,73,1
202604,시군구,대전,서구,passenger,business,27434,대,승용>영업용,5498,73,0
202604,시군구,대전,서구,truck,official,211,대,화물>관용,5498,73,0
202604,시군구,대전,서구,special,business,475,대,특수>영업용,5498,73,0
202604,시군구,대전,서구,total,official,862,대,총계>관용,5498,73,1
202604,시군구,대전,서구,total,business,30802,대,총계>영업용,5498,73,1
202604,시군구,대전,서구,total,total,243373,대,총계>계,5498,73,1
202604,시군구,대전,서구,van,official,315,대,승합>관용,5498,73,0
202604,시군구,대전,서구,truck,business,2419,대,화물>영업용,5498,73,0
202604,시군구,대전,서구,van,total,4471,대,승합>계,5498,73,1
202604,시군구,대전,서구,passenger,official,303,대,승용>관용,5498,73,0
202604,시군구,대전,서구,passenger,private,189360,대,승용>자가용,5498,73,0
202604,시군구,대전,서구,passenger,total,217097,대,승용>계,5498,73,1
202604,시군구,대전,서구,special,private,555,대,특수>자가용,5498,73,0
202604,시군구,대전,서구,van,business,474,대,승합>영업용,5498,73,0
202604,시군구,대전,유성구,truck,private,15259,대,화물>자가용,5498,74,0
202604,시군구,대전,유성구,special,official,28,대,특수>관용,5498,74,0
202604,시군구,대전,유성구,truck,total,18149,대,화물>계,5498,74,1
202604,시군구,대전,유성구,total,private,200550,대,총계>자가용,5498,74,1
202604,시군구,대전,유성구,van,private,2831,대,승합>자가용,5498,74,0
202604,시군구,대전,유성구,special,total,1005,대,특수>계,5498,74,1
202604,시군구,대전,유성구,passenger,business,2350,대,승용>영업용,5498,74,0
202604,시군구,대전,유성구,truck,official,443,대,화물>관용,5498,74,0
202604,시군구,대전,유성구,special,business,304,대,특수>영업용,5498,74,0
202604,시군구,대전,유성구,total,official,688,대,총계>관용,5498,74,1
202604,시군구,대전,유성구,total,business,5455,대,총계>영업용,5498,74,1
202604,시군구,대전,유성구,total,total,206693,대,총계>계,5498,74,1
202604,시군구,대전,유성구,van,official,93,대,승합>관용,5498,74,0
202604,시군구,대전,유성구,truck,business,2447,대,화물>영업용,5498,74,0
202604,시군구,대전,유성구,van,total,3278,대,승합>계,5498,74,1
202604,시군구,대전,유성구,passenger,official,124,대,승용>관용,5498,74,0
202604,시군구,대전,유성구,passenger,private,181787,대,승용>자가용,5498,74,0
202604,시군구,대전,유성구,passenger,total,184261,대,승용>계,5498,74,1
202604,시군구,대전,유성구,special,private,673,대,특수>자가용,5498,74,0
202604,시군구,대전,유성구,van,business,354,대,승합>영업용,5498,74,0
202604,시군구,대전,중구,truck,private,11728,대,화물>자가용,5498,75,0
202604,시군구,대전,중구,special,official,8,대,특수>관용,5498,75,0
202604,시군구,대전,중구,truck,total,13944,대,화물>계,5498,75,1
202604,시군구,대전,중구,total,private,99125,대,총계>자가용,5498,75,1
202604,시군구,대전,중구,van,private,2180,대,승합>자가용,5498,75,0
202604,시군구,대전,중구,special,total,577,대,특수>계,5498,75,1
202604,시군구,대전,중구,passenger,business,2277,대,승용>영업용,5498,75,0
202604,시군구,대전,중구,truck,official,76,대,화물>관용,5498,75,0
202604,시군구,대전,중구,special,business,264,대,특수>영업용,5498,75,0
202604,시군구,대전,중구,total,official,233,대,총계>관용,5498,75,1
202604,시군구,대전,중구,total,business,5093,대,총계>영업용,5498,75,1
202604,시군구,대전,중구,total,total,104451,대,총계>계,5498,75,1
202604,시군구,대전,중구,van,official,50,대,승합>관용,5498,75,0
202604,시군구,대전,중구,truck,business,2140,대,화물>영업용,5498,75,0
202604,시군구,대전,중구,van,total,2642,대,승합>계,5498,75,1
202604,시군구,대전,중구,passenger,official,99,대,승용>관용,5498,75,0
202604,시군구,대전,중구,passenger,private,84912,대,승용>자가용,5498,75,0
202604,시군구,대전,중구,passenger,total,87288,대,승용>계,5498,75,1
202604,시군구,대전,중구,special,private,305,대,특수>자가용,5498,75,0
202604,시군구,대전,중구,van,business,412,대,승합>영업용,5498,75,0
202604,시도,대전,,truck,private,71072,대,화물>자가용,5498,76,0
202604,시도,대전,,special,official,92,대,특수>관용,5498,76,0
202604,시도,대전,,truck,total,84626,대,화물>계,5498,76,1
202604,시도,대전,,total,private,693306,대,총계>자가용,5498,76,1
202604,시도,대전,,van,private,12585,대,승합>자가용,5498,76,0
202604,시도,대전,,special,total,4015,대,특수>계,5498,76,1
202604,시도,대전,,passenger,business,36849,대,승용>영업용,5498,76,0
202604,시도,대전,,truck,official,939,대,화물>관용,5498,76,0
202604,시도,대전,,special,business,1712,대,특수>영업용,5498,76,0
202604,시도,대전,,total,official,2289,대,총계>관용,5498,76,1
202604,시도,대전,,total,business,53415,대,총계>영업용,5498,76,1
202604,시도,대전,,total,total,749010,대,총계>계,5498,76,1
202604,시도,대전,,van,official,557,대,승합>관용,5498,76,0
202604,시도,대전,,truck,business,12615,대,화물>영업용,5498,76,0
202604,시도,대전,,van,total,15381,대,승합>계,5498,76,1
202604,시도,대전,,passenger,official,701,대,승용>관용,5498,76,0
202604,시도,대전,,passenger,private,607438,대,승용>자가용,5498,76,0
202604,시도,대전,,passenger,total,644988,대,승용>계,5498,76,1
202604,시도,대전,,special,private,2211,대,특수>자가용,5498,76,0
202604,시도,대전,,van,business,2239,대,승합>영업용,5498,76,0
202604,시군구,울산,남구,truck,private,15938,대,화물>자가용,5498,77,0
202604,시군구,울산,남구,special,official,21,대,특수>관용,5498,77,0
202604,시군구,울산,남구,truck,total,19510,대,화물>계,5498,77,1
202604,시군구,울산,남구,total,private,160213,대,총계>자가용,5498,77,1
202604,시군구,울산,남구,van,private,2456,대,승합>자가용,5498,77,0
202604,시군구,울산,남구,special,total,1003,대,특수>계,5498,77,1
202604,시군구,울산,남구,passenger,business,2817,대,승용>영업용,5498,77,0
202604,시군구,울산,남구,truck,official,245,대,화물>관용,5498,77,0
202604,시군구,울산,남구,special,business,613,대,특수>영업용,5498,77,0
202604,시군구,울산,남구,total,official,832,대,총계>관용,5498,77,1
202604,시군구,울산,남구,total,business,7340,대,총계>영업용,5498,77,1
202604,시군구,울산,남구,total,total,168385,대,총계>계,5498,77,1
202604,시군구,울산,남구,van,official,221,대,승합>관용,5498,77,0
202604,시군구,울산,남구,truck,business,3327,대,화물>영업용,5498,77,0
202604,시군구,울산,남구,van,total,3260,대,승합>계,5498,77,1
202604,시군구,울산,남구,passenger,official,345,대,승용>관용,5498,77,0
202604,시군구,울산,남구,passenger,private,141450,대,승용>자가용,5498,77,0
202604,시군구,울산,남구,passenger,total,144612,대,승용>계,5498,77,1
202604,시군구,울산,남구,special,private,369,대,특수>자가용,5498,77,0
202604,시군구,울산,남구,van,business,583,대,승합>영업용,5498,77,0
202604,시군구,울산,동구,truck,private,4643,대,화물>자가용,5498,78,0
202604,시군구,울산,동구,special,official,7,대,특수>관용,5498,78,0
202604,시군구,울산,동구,truck,total,5059,대,화물>계,5498,78,1
202604,시군구,울산,동구,total,private,64589,대,총계>자가용,5498,78,1
202604,시군구,울산,동구,van,private,1074,대,승합>자가용,5498,78,0
202604,시군구,울산,동구,special,total,231,대,특수>계,5498,78,1
202604,시군구,울산,동구,passenger,business,714,대,승용>영업용,5498,78,0
202604,시군구,울산,동구,truck,official,75,대,화물>관용,5498,78,0
202604,시군구,울산,동구,special,business,64,대,특수>영업용,5498,78,0
202604,시군구,울산,동구,total,official,198,대,총계>관용,5498,78,1
202604,시군구,울산,동구,total,business,1267,대,총계>영업용,5498,78,1
202604,시군구,울산,동구,total,total,66054,대,총계>계,5498,78,1
202604,시군구,울산,동구,van,official,42,대,승합>관용,5498,78,0
202604,시군구,울산,동구,truck,business,341,대,화물>영업용,5498,78,0
202604,시군구,울산,동구,van,total,1264,대,승합>계,5498,78,1
202604,시군구,울산,동구,passenger,official,74,대,승용>관용,5498,78,0
202604,시군구,울산,동구,passenger,private,58712,대,승용>자가용,5498,78,0
202604,시군구,울산,동구,passenger,total,59500,대,승용>계,5498,78,1
202604,시군구,울산,동구,special,private,160,대,특수>자가용,5498,78,0
202604,시군구,울산,동구,van,business,148,대,승합>영업용,5498,78,0
202604,시군구,울산,북구,truck,private,11326,대,화물>자가용,5498,79,0
202604,시군구,울산,북구,special,official,10,대,특수>관용,5498,79,0
202604,시군구,울산,북구,truck,total,13090,대,화물>계,5498,79,1
202604,시군구,울산,북구,total,private,125321,대,총계>자가용,5498,79,1
202604,시군구,울산,북구,van,private,1870,대,승합>자가용,5498,79,0
202604,시군구,울산,북구,special,total,647,대,특수>계,5498,79,1
202604,시군구,울산,북구,passenger,business,1518,대,승용>영업용,5498,79,0
202604,시군구,울산,북구,truck,official,91,대,화물>관용,5498,79,0
202604,시군구,울산,북구,special,business,339,대,특수>영업용,5498,79,0
202604,시군구,울산,북구,total,official,229,대,총계>관용,5498,79,1
202604,시군구,울산,북구,total,business,3856,대,총계>영업용,5498,79,1
202604,시군구,울산,북구,total,total,129406,대,총계>계,5498,79,1
202604,시군구,울산,북구,van,official,37,대,승합>관용,5498,79,0
202604,시군구,울산,북구,truck,business,1673,대,화물>영업용,5498,79,0
202604,시군구,울산,북구,van,total,2233,대,승합>계,5498,79,1
202604,시군구,울산,북구,passenger,official,91,대,승용>관용,5498,79,0
202604,시군구,울산,북구,passenger,private,111827,대,승용>자가용,5498,79,0
202604,시군구,울산,북구,passenger,total,113436,대,승용>계,5498,79,1
202604,시군구,울산,북구,special,private,298,대,특수>자가용,5498,79,0
202604,시군구,울산,북구,van,business,326,대,승합>영업용,5498,79,0
202604,시군구,울산,울주군,truck,private,21149,대,화물>자가용,5498,80,0
202604,시군구,울산,울주군,special,official,15,대,특수>관용,5498,80,0
202604,시군구,울산,울주군,truck,total,25570,대,화물>계,5498,80,1
202604,시군구,울산,울주군,total,private,135837,대,총계>자가용,5498,80,1
202604,시군구,울산,울주군,van,private,2431,대,승합>자가용,5498,80,0
202604,시군구,울산,울주군,special,total,1539,대,특수>계,5498,80,1
202604,시군구,울산,울주군,passenger,business,1249,대,승용>영업용,5498,80,0
202604,시군구,울산,울주군,truck,official,176,대,화물>관용,5498,80,0
202604,시군구,울산,울주군,special,business,1028,대,특수>영업용,5498,80,0
202604,시군구,울산,울주군,total,official,456,대,총계>관용,5498,80,1
202604,시군구,울산,울주군,total,business,7204,대,총계>영업용,5498,80,1
202604,시군구,울산,울주군,total,total,143497,대,총계>계,5498,80,1
202604,시군구,울산,울주군,van,official,95,대,승합>관용,5498,80,0
202604,시군구,울산,울주군,truck,business,4245,대,화물>영업용,5498,80,0
202604,시군구,울산,울주군,van,total,3208,대,승합>계,5498,80,1
202604,시군구,울산,울주군,passenger,official,170,대,승용>관용,5498,80,0
202604,시군구,울산,울주군,passenger,private,111761,대,승용>자가용,5498,80,0
202604,시군구,울산,울주군,passenger,total,113180,대,승용>계,5498,80,1
202604,시군구,울산,울주군,special,private,496,대,특수>자가용,5498,80,0
202604,시군구,울산,울주군,van,business,682,대,승합>영업용,5498,80,0
202604,시군구,울산,중구,truck,private,9749,대,화물>자가용,5498,81,0
202604,시군구,울산,중구,special,official,6,대,특수>관용,5498,81,0
202604,시군구,울산,중구,truck,total,10773,대,화물>계,5498,81,1
202604,시군구,울산,중구,total,private,103248,대,총계>자가용,5498,81,1
202604,시군구,울산,중구,van,private,1689,대,승합>자가용,5498,81,0
202604,시군구,울산,중구,special,total,559,대,특수>계,5498,81,1
202604,시군구,울산,중구,passenger,business,1111,대,승용>영업용,5498,81,0
202604,시군구,울산,중구,truck,official,89,대,화물>관용,5498,81,0
202604,시군구,울산,중구,special,business,277,대,특수>영업용,5498,81,0
202604,시군구,울산,중구,total,official,348,대,총계>관용,5498,81,1
202604,시군구,울산,중구,total,business,2621,대,총계>영업용,5498,81,1
202604,시군구,울산,중구,total,total,106217,대,총계>계,5498,81,1
202604,시군구,울산,중구,van,official,103,대,승합>관용,5498,81,0
202604,시군구,울산,중구,truck,business,935,대,화물>영업용,5498,81,0
202604,시군구,울산,중구,van,total,2090,대,승합>계,5498,81,1
202604,시군구,울산,중구,passenger,official,150,대,승용>관용,5498,81,0
202604,시군구,울산,중구,passenger,private,91534,대,승용>자가용,5498,81,0
202604,시군구,울산,중구,passenger,total,92795,대,승용>계,5498,81,1
202604,시군구,울산,중구,special,private,276,대,특수>자가용,5498,81,0
202604,시군구,울산,중구,van,business,298,대,승합>영업용,5498,81,0
202604,시도,울산,,truck,private,62805,대,화물>자가용,5498,82,0
202604,시도,울산,,special,official,59,대,특수>관용,5498,82,0
202604,시도,울산,,truck,total,74002,대,화물>계,5498,82,1
202604,시도,울산,,total,private,589208,대,총계>자가용,5498,82,1
202604,시도,울산,,van,private,9520,대,승합>자가용,5498,82,0
202604,시도,울산,,special,total,3979,대,특수>계,5498,82,1
202604,시도,울산,,passenger,business,7409,대,승용>영업용,5498,82,0
202604,시도,울산,,truck,official,676,대,화물>관용,5498,82,0
202604,시도,울산,,special,business,2321,대,특수>영업용,5498,82,0
202604,시도,울산,,total,official,2063,대,총계>관용,5498,82,1
202604,시도,울산,,total,business,22288,대,총계>영업용,5498,82,1
202604,시도,울산,,total,total,613559,대,총계>계,5498,82,1
202604,시도,울산,,van,official,498,대,승합>관용,5498,82,0
202604,시도,울산,,truck,business,10521,대,화물>영업용,5498,82,0
202604,시도,울산,,van,total,12055,대,승합>계,5498,82,1
202604,시도,울산,,passenger,official,830,대,승용>관용,5498,82,0
202604,시도,울산,,passenger,private,515284,대,승용>자가용,5498,82,0
202604,시도,울산,,passenger,total,523523,대,승용>계,5498,82,1
202604,시도,울산,,special,private,1599,대,특수>자가용,5498,82,0
202604,시도,울산,,van,business,2037,대,승합>영업용,5498,82,0
202604,시군구,세종,세종특별자치시,truck,private,14693,대,화물>자가용,5498,83,0
202604,시군구,세종,세종특별자치시,special,official,244,대,특수>관용,5498,83,0
202604,시군구,세종,세종특별자치시,truck,total,16988,대,화물>계,5498,83,1
202604,시군구,세종,세종특별자치시,total,private,198362,대,총계>자가용,5498,83,1
202604,시군구,세종,세종특별자치시,van,private,2853,대,승합>자가용,5498,83,0
202604,시군구,세종,세종특별자치시,special,total,1068,대,특수>계,5498,83,1
202604,시군구,세종,세종특별자치시,passenger,business,3338,대,승용>영업용,5498,83,0
202604,시군구,세종,세종특별자치시,truck,official,272,대,화물>관용,5498,83,0
202604,시군구,세종,세종특별자치시,special,business,166,대,특수>영업용,5498,83,0
202604,시군구,세종,세종특별자치시,total,official,1109,대,총계>관용,5498,83,1
202604,시군구,세종,세종특별자치시,total,business,6157,대,총계>영업용,5498,83,1
202604,시군구,세종,세종특별자치시,total,total,205628,대,총계>계,5498,83,1
202604,시군구,세종,세종특별자치시,van,official,235,대,승합>관용,5498,83,0
202604,시군구,세종,세종특별자치시,truck,business,2023,대,화물>영업용,5498,83,0
202604,시군구,세종,세종특별자치시,van,total,3718,대,승합>계,5498,83,1
202604,시군구,세종,세종특별자치시,passenger,official,358,대,승용>관용,5498,83,0
202604,시군구,세종,세종특별자치시,passenger,private,180158,대,승용>자가용,5498,83,0
202604,시군구,세종,세종특별자치시,passenger,total,183854,대,승용>계,5498,83,1
202604,시군구,세종,세종특별자치시,special,private,658,대,특수>자가용,5498,83,0
202604,시군구,세종,세종특별자치시,van,business,630,대,승합>영업용,5498,83,0
202604,시도,세종,,truck,private,14693,대,화물>자가용,5498,84,0
202604,시도,세종,,special,official,244,대,특수>관용,5498,84,0
202604,시도,세종,,truck,total,16988,대,화물>계,5498,84,1
202604,시도,세종,,total,private,198362,대,총계>자가용,5498,84,1
202604,시도,세종,,van,private,2853,대,승합>자가용,5498,84,0
202604,시도,세종,,special,total,1068,대,특수>계,5498,84,1
202604,시도,세종,,passenger,business,3338,대,승용>영업용,5498,84,0
202604,시도,세종,,truck,official,272,대,화물>관용,5498,84,0
202604,시도,세종,,special,business,166,대,특수>영업용,5498,84,0
202604,시도,세종,,total,official,1109,대,총계>관용,5498,84,1
202604,시도,세종,,total,business,6157,대,총계>영업용,5498,84,1
202604,시도,세종,,total,total,205628,대,총계>계,5498,84,1
202604,시도,세종,,van,official,235,대,승합>관용,5498,84,0
202604,시도,세종,,truck,business,2023,대,화물>영업용,5498,84,0
202604,시도,세종,,van,total,3718,대,승합>계,5498,84,1
202604,시도,세종,,passenger,official,358,대,승용>관용,5498,84,0
202604,시도,세종,,passenger,private,180158,대,승용>자가용,5498,84,0
202604,시도,세종,,passenger,total,183854,대,승용>계,5498,84,1
202604,시도,세종,,special,private,658,대,특수>자가용,5498,84,0
202604,시도,세종,,van,business,630,대,승합>영업용,5498,84,0
202604,시군구,경기,가평군,truck,private,6592,대,화물>자가용,5498,85,0
202604,시군구,경기,가평군,special,official,24,대,특수>관용,5498,85,0
202604,시군구,경기,가평군,truck,total,6981,대,화물>계,5498,85,1
202604,시군구,경기,가평군,total,private,33652,대,총계>자가용,5498,85,1
202604,시군구,경기,가평군,van,private,984,대,승합>자가용,5498,85,0
202604,시군구,경기,가평군,special,total,221,대,특수>계,5498,85,1
202604,시군구,경기,가평군,passenger,business,158,대,승용>영업용,5498,85,0
202604,시군구,경기,가평군,truck,official,157,대,화물>관용,5498,85,0
202604,시군구,경기,가평군,special,business,48,대,특수>영업용,5498,85,0
202604,시군구,경기,가평군,total,official,419,대,총계>관용,5498,85,1
202604,시군구,경기,가평군,total,business,595,대,총계>영업용,5498,85,1
202604,시군구,경기,가평군,total,total,34666,대,총계>계,5498,85,1
202604,시군구,경기,가평군,van,official,74,대,승합>관용,5498,85,0
202604,시군구,경기,가평군,truck,business,232,대,화물>영업용,5498,85,0
202604,시군구,경기,가평군,van,total,1215,대,승합>계,5498,85,1
202604,시군구,경기,가평군,passenger,official,164,대,승용>관용,5498,85,0
202604,시군구,경기,가평군,passenger,private,25927,대,승용>자가용,5498,85,0
202604,시군구,경기,가평군,passenger,total,26249,대,승용>계,5498,85,1
202604,시군구,경기,가평군,special,private,149,대,특수>자가용,5498,85,0
202604,시군구,경기,가평군,van,business,157,대,승합>영업용,5498,85,0
202604,시군구,경기,고양시 덕양구,truck,private,18514,대,화물>자가용,5498,86,0
202604,시군구,경기,고양시 덕양구,special,official,23,대,특수>관용,5498,86,0
202604,시군구,경기,고양시 덕양구,truck,total,21499,대,화물>계,5498,86,1
202604,시군구,경기,고양시 덕양구,total,private,196138,대,총계>자가용,5498,86,1
202604,시군구,경기,고양시 덕양구,van,private,3557,대,승합>자가용,5498,86,0
202604,시군구,경기,고양시 덕양구,special,total,719,대,특수>계,5498,86,1
202604,시군구,경기,고양시 덕양구,passenger,business,1792,대,승용>영업용,5498,86,0
202604,시군구,경기,고양시 덕양구,truck,official,200,대,화물>관용,5498,86,0
202604,시군구,경기,고양시 덕양구,special,business,219,대,특수>영업용,5498,86,0
202604,시군구,경기,고양시 덕양구,total,official,698,대,총계>관용,5498,86,1
202604,시군구,경기,고양시 덕양구,total,business,5267,대,총계>영업용,5498,86,1
202604,시군구,경기,고양시 덕양구,total,total,202103,대,총계>계,5498,86,1
202604,시군구,경기,고양시 덕양구,van,official,154,대,승합>관용,5498,86,0
202604,시군구,경기,고양시 덕양구,truck,business,2785,대,화물>영업용,5498,86,0
202604,시군구,경기,고양시 덕양구,van,total,4182,대,승합>계,5498,86,1
202604,시군구,경기,고양시 덕양구,passenger,official,321,대,승용>관용,5498,86,0
202604,시군구,경기,고양시 덕양구,passenger,private,173590,대,승용>자가용,5498,86,0
202604,시군구,경기,고양시 덕양구,passenger,total,175703,대,승용>계,5498,86,1
202604,시군구,경기,고양시 덕양구,special,private,477,대,특수>자가용,5498,86,0
202604,시군구,경기,고양시 덕양구,van,business,471,대,승합>영업용,5498,86,0
202604,시군구,경기,고양시 일산동구,truck,private,12983,대,화물>자가용,5498,87,0
202604,시군구,경기,고양시 일산동구,special,official,14,대,특수>관용,5498,87,0
202604,시군구,경기,고양시 일산동구,truck,total,15178,대,화물>계,5498,87,1
202604,시군구,경기,고양시 일산동구,total,private,133128,대,총계>자가용,5498,87,1
202604,시군구,경기,고양시 일산동구,van,private,2173,대,승합>자가용,5498,87,0
202604,시군구,경기,고양시 일산동구,special,total,574,대,특수>계,5498,87,1
202604,시군구,경기,고양시 일산동구,passenger,business,3539,대,승용>영업용,5498,87,0
202604,시군구,경기,고양시 일산동구,truck,official,78,대,화물>관용,5498,87,0
202604,시군구,경기,고양시 일산동구,special,business,165,대,특수>영업용,5498,87,0
202604,시군구,경기,고양시 일산동구,total,official,278,대,총계>관용,5498,87,1
202604,시군구,경기,고양시 일산동구,total,business,6423,대,총계>영업용,5498,87,1
202604,시군구,경기,고양시 일산동구,total,total,139829,대,총계>계,5498,87,1
202604,시군구,경기,고양시 일산동구,van,official,78,대,승합>관용,5498,87,0
202604,시군구,경기,고양시 일산동구,truck,business,2117,대,화물>영업용,5498,87,0
202604,시군구,경기,고양시 일산동구,van,total,2853,대,승합>계,5498,87,1
202604,시군구,경기,고양시 일산동구,passenger,official,108,대,승용>관용,5498,87,0
202604,시군구,경기,고양시 일산동구,passenger,private,117577,대,승용>자가용,5498,87,0
202604,시군구,경기,고양시 일산동구,passenger,total,121224,대,승용>계,5498,87,1
202604,시군구,경기,고양시 일산동구,special,private,395,대,특수>자가용,5498,87,0
202604,시군구,경기,고양시 일산동구,van,business,602,대,승합>영업용,5498,87,0
202604,시군구,경기,고양시 일산서구,truck,private,8807,대,화물>자가용,5498,88,0
202604,시군구,경기,고양시 일산서구,special,official,2,대,특수>관용,5498,88,0
202604,시군구,경기,고양시 일산서구,truck,total,10361,대,화물>계,5498,88,1
202604,시군구,경기,고양시 일산서구,total,private,114772,대,총계>자가용,5498,88,1
202604,시군구,경기,고양시 일산서구,van,private,1876,대,승합>자가용,5498,88,0
202604,시군구,경기,고양시 일산서구,special,total,389,대,특수>계,5498,88,1
202604,시군구,경기,고양시 일산서구,passenger,business,2273,대,승용>영업용,5498,88,0
202604,시군구,경기,고양시 일산서구,truck,official,36,대,화물>관용,5498,88,0
202604,시군구,경기,고양시 일산서구,special,business,157,대,특수>영업용,5498,88,0
202604,시군구,경기,고양시 일산서구,total,official,133,대,총계>관용,5498,88,1
202604,시군구,경기,고양시 일산서구,total,business,4513,대,총계>영업용,5498,88,1
202604,시군구,경기,고양시 일산서구,total,total,119418,대,총계>계,5498,88,1
202604,시군구,경기,고양시 일산서구,van,official,20,대,승합>관용,5498,88,0
202604,시군구,경기,고양시 일산서구,truck,business,1518,대,화물>영업용,5498,88,0
202604,시군구,경기,고양시 일산서구,van,total,2461,대,승합>계,5498,88,1
202604,시군구,경기,고양시 일산서구,passenger,official,75,대,승용>관용,5498,88,0
202604,시군구,경기,고양시 일산서구,passenger,private,103859,대,승용>자가용,5498,88,0
202604,시군구,경기,고양시 일산서구,passenger,total,106207,대,승용>계,5498,88,1
202604,시군구,경기,고양시 일산서구,special,private,230,대,특수>자가용,5498,88,0
202604,시군구,경기,고양시 일산서구,van,business,565,대,승합>영업용,5498,88,0
202604,시군구,경기,과천시,truck,private,1955,대,화물>자가용,5498,89,0
202604,시군구,경기,과천시,special,official,15,대,특수>관용,5498,89,0
202604,시군구,경기,과천시,truck,total,2686,대,화물>계,5498,89,1
202604,시군구,경기,과천시,total,private,32079,대,총계>자가용,5498,89,1
202604,시군구,경기,과천시,van,private,478,대,승합>자가용,5498,89,0
202604,시군구,경기,과천시,special,total,126,대,특수>계,5498,89,1
202604,시군구,경기,과천시,passenger,business,320,대,승용>영업용,5498,89,0
202604,시군구,경기,과천시,truck,official,129,대,화물>관용,5498,89,0
202604,시군구,경기,과천시,special,business,18,대,특수>영업용,5498,89,0
202604,시군구,경기,과천시,total,official,715,대,총계>관용,5498,89,1
202604,시군구,경기,과천시,total,business,983,대,총계>영업용,5498,89,1
202604,시군구,경기,과천시,total,total,33777,대,총계>계,5498,89,1
202604,시군구,경기,과천시,van,official,97,대,승합>관용,5498,89,0
202604,시군구,경기,과천시,truck,business,602,대,화물>영업용,5498,89,0
202604,시군구,경기,과천시,van,total,618,대,승합>계,5498,89,1
202604,시군구,경기,과천시,passenger,official,474,대,승용>관용,5498,89,0
202604,시군구,경기,과천시,passenger,private,29553,대,승용>자가용,5498,89,0
202604,시군구,경기,과천시,passenger,total,30347,대,승용>계,5498,89,1
202604,시군구,경기,과천시,special,private,93,대,특수>자가용,5498,89,0
202604,시군구,경기,과천시,van,business,43,대,승합>영업용,5498,89,0
202604,시군구,경기,광명시,truck,private,10096,대,화물>자가용,5498,90,0
202604,시군구,경기,광명시,special,official,11,대,특수>관용,5498,90,0
202604,시군구,경기,광명시,truck,total,12612,대,화물>계,5498,90,1
202604,시군구,경기,광명시,total,private,111939,대,총계>자가용,5498,90,1
202604,시군구,경기,광명시,van,private,2127,대,승합>자가용,5498,90,0
202604,시군구,경기,광명시,special,total,448,대,특수>계,5498,90,1
202604,시군구,경기,광명시,passenger,business,1563,대,승용>영업용,5498,90,0
202604,시군구,경기,광명시,truck,official,114,대,화물>관용,5498,90,0
202604,시군구,경기,광명시,special,business,199,대,특수>영업용,5498,90,0
202604,시군구,경기,광명시,total,official,334,대,총계>관용,5498,90,1
202604,시군구,경기,광명시,total,business,4570,대,총계>영업용,5498,90,1
202604,시군구,경기,광명시,total,total,116843,대,총계>계,5498,90,1
202604,시군구,경기,광명시,van,official,66,대,승합>관용,5498,90,0
202604,시군구,경기,광명시,truck,business,2402,대,화물>영업용,5498,90,0
202604,시군구,경기,광명시,van,total,2599,대,승합>계,5498,90,1
202604,시군구,경기,광명시,passenger,official,143,대,승용>관용,5498,90,0
202604,시군구,경기,광명시,passenger,private,99478,대,승용>자가용,5498,90,0
202604,시군구,경기,광명시,passenger,total,101184,대,승용>계,5498,90,1
202604,시군구,경기,광명시,special,private,238,대,특수>자가용,5498,90,0
202604,시군구,경기,광명시,van,business,406,대,승합>영업용,5498,90,0
202604,시군구,경기,광주시,truck,private,30020,대,화물>자가용,5498,91,0
202604,시군구,경기,광주시,special,official,18,대,특수>관용,5498,91,0
202604,시군구,경기,광주시,truck,total,35827,대,화물>계,5498,91,1
202604,시군구,경기,광주시,total,private,209757,대,총계>자가용,5498,91,1
202604,시군구,경기,광주시,van,private,4302,대,승합>자가용,5498,91,0
202604,시군구,경기,광주시,special,total,1158,대,특수>계,5498,91,1
202604,시군구,경기,광주시,passenger,business,1060,대,승용>영업용,5498,91,0
202604,시군구,경기,광주시,truck,official,124,대,화물>관용,5498,91,0
202604,시군구,경기,광주시,special,business,372,대,특수>영업용,5498,91,0
202604,시군구,경기,광주시,total,official,446,대,총계>관용,5498,91,1
202604,시군구,경기,광주시,total,business,9400,대,총계>영업용,5498,91,1
202604,시군구,경기,광주시,total,total,219603,대,총계>계,5498,91,1
202604,시군구,경기,광주시,van,official,90,대,승합>관용,5498,91,0
202604,시군구,경기,광주시,truck,business,5683,대,화물>영업용,5498,91,0
202604,시군구,경기,광주시,van,total,6677,대,승합>계,5498,91,1
202604,시군구,경기,광주시,passenger,official,214,대,승용>관용,5498,91,0
202604,시군구,경기,광주시,passenger,private,174667,대,승용>자가용,5498,91,0
202604,시군구,경기,광주시,passenger,total,175941,대,승용>계,5498,91,1
202604,시군구,경기,광주시,special,private,768,대,특수>자가용,5498,91,0
202604,시군구,경기,광주시,van,business,2285,대,승합>영업용,5498,91,0
202604,시군구,경기,구리시,truck,private,8128,대,화물>자가용,5498,92,0
202604,시군구,경기,구리시,special,official,12,대,특수>관용,5498,92,0
202604,시군구,경기,구리시,truck,total,9800,대,화물>계,5498,92,1
202604,시군구,경기,구리시,total,private,71738,대,총계>자가용,5498,92,1
202604,시군구,경기,구리시,van,private,1348,대,승합>자가용,5498,92,0
202604,시군구,경기,구리시,special,total,379,대,특수>계,5498,92,1
202604,시군구,경기,구리시,passenger,business,1129,대,승용>영업용,5498,92,0
202604,시군구,경기,구리시,truck,official,98,대,화물>관용,5498,92,0
202604,시군구,경기,구리시,special,business,166,대,특수>영업용,5498,92,0
202604,시군구,경기,구리시,total,official,272,대,총계>관용,5498,92,1
202604,시군구,경기,구리시,total,business,3146,대,총계>영업용,5498,92,1
202604,시군구,경기,구리시,total,total,75156,대,총계>계,5498,92,1
202604,시군구,경기,구리시,van,official,66,대,승합>관용,5498,92,0
202604,시군구,경기,구리시,truck,business,1574,대,화물>영업용,5498,92,0
202604,시군구,경기,구리시,van,total,1691,대,승합>계,5498,92,1
202604,시군구,경기,구리시,passenger,official,96,대,승용>관용,5498,92,0
202604,시군구,경기,구리시,passenger,private,62061,대,승용>자가용,5498,92,0
202604,시군구,경기,구리시,passenger,total,63286,대,승용>계,5498,92,1
202604,시군구,경기,구리시,special,private,201,대,특수>자가용,5498,92,0
202604,시군구,경기,구리시,van,business,277,대,승합>영업용,5498,92,0
202604,시군구,경기,군포시,truck,private,8610,대,화물>자가용,5498,93,0
202604,시군구,경기,군포시,special,official,11,대,특수>관용,5498,93,0
202604,시군구,경기,군포시,truck,total,12417,대,화물>계,5498,93,1
202604,시군구,경기,군포시,total,private,96660,대,총계>자가용,5498,93,1
202604,시군구,경기,군포시,van,private,1820,대,승합>자가용,5498,93,0
202604,시군구,경기,군포시,special,total,443,대,특수>계,5498,93,1
202604,시군구,경기,군포시,passenger,business,791,대,승용>영업용,5498,93,0
202604,시군구,경기,군포시,truck,official,89,대,화물>관용,5498,93,0
202604,시군구,경기,군포시,special,business,235,대,특수>영업용,5498,93,0
202604,시군구,경기,군포시,total,official,305,대,총계>관용,5498,93,1
202604,시군구,경기,군포시,total,business,4918,대,총계>영업용,5498,93,1
202604,시군구,경기,군포시,total,total,101883,대,총계>계,5498,93,1
202604,시군구,경기,군포시,van,official,75,대,승합>관용,5498,93,0
202604,시군구,경기,군포시,truck,business,3718,대,화물>영업용,5498,93,0
202604,시군구,경기,군포시,van,total,2069,대,승합>계,5498,93,1
202604,시군구,경기,군포시,passenger,official,130,대,승용>관용,5498,93,0
202604,시군구,경기,군포시,passenger,private,86033,대,승용>자가용,5498,93,0
202604,시군구,경기,군포시,passenger,total,86954,대,승용>계,5498,93,1
202604,시군구,경기,군포시,special,private,197,대,특수>자가용,5498,93,0
202604,시군구,경기,군포시,van,business,174,대,승합>영업용,5498,93,0
202604,시군구,경기,김포시,truck,private,30558,대,화물>자가용,5498,94,0
202604,시군구,경기,김포시,special,official,9,대,특수>관용,5498,94,0
202604,시군구,경기,김포시,truck,total,35380,대,화물>계,5498,94,1
202604,시군구,경기,김포시,total,private,239602,대,총계>자가용,5498,94,1
202604,시군구,경기,김포시,van,private,4409,대,승합>자가용,5498,94,0
202604,시군구,경기,김포시,special,total,1434,대,특수>계,5498,94,1
202604,시군구,경기,김포시,passenger,business,3420,대,승용>영업용,5498,94,0
202604,시군구,경기,김포시,truck,official,207,대,화물>관용,5498,94,0
202604,시군구,경기,김포시,special,business,676,대,특수>영업용,5498,94,0
202604,시군구,경기,김포시,total,official,587,대,총계>관용,5498,94,1
202604,시군구,경기,김포시,total,business,10417,대,총계>영업용,5498,94,1
202604,시군구,경기,김포시,total,total,250606,대,총계>계,5498,94,1
202604,시군구,경기,김포시,van,official,104,대,승합>관용,5498,94,0
202604,시군구,경기,김포시,truck,business,4615,대,화물>영업용,5498,94,0
202604,시군구,경기,김포시,van,total,6219,대,승합>계,5498,94,1
202604,시군구,경기,김포시,passenger,official,267,대,승용>관용,5498,94,0
202604,시군구,경기,김포시,passenger,private,203886,대,승용>자가용,5498,94,0
202604,시군구,경기,김포시,passenger,total,207573,대,승용>계,5498,94,1
202604,시군구,경기,김포시,special,private,749,대,특수>자가용,5498,94,0
202604,시군구,경기,김포시,van,business,1706,대,승합>영업용,5498,94,0
202604,시군구,경기,남양주시,truck,private,41974,대,화물>자가용,5498,95,0
202604,시군구,경기,남양주시,special,official,29,대,특수>관용,5498,95,0
202604,시군구,경기,남양주시,truck,total,49038,대,화물>계,5498,95,1
202604,시군구,경기,남양주시,total,private,321029,대,총계>자가용,5498,95,1
202604,시군구,경기,남양주시,van,private,6282,대,승합>자가용,5498,95,0
202604,시군구,경기,남양주시,special,total,1688,대,특수>계,5498,95,1
202604,시군구,경기,남양주시,passenger,business,2180,대,승용>영업용,5498,95,0
202604,시군구,경기,남양주시,truck,official,226,대,화물>관용,5498,95,0
202604,시군구,경기,남양주시,special,business,502,대,특수>영업용,5498,95,0
202604,시군구,경기,남양주시,total,official,839,대,총계>관용,5498,95,1
202604,시군구,경기,남양주시,total,business,10531,대,총계>영업용,5498,95,1
202604,시군구,경기,남양주시,total,total,332399,대,총계>계,5498,95,1
202604,시군구,경기,남양주시,van,official,184,대,승합>관용,5498,95,0
202604,시군구,경기,남양주시,truck,business,6838,대,화물>영업용,5498,95,0
202604,시군구,경기,남양주시,van,total,7477,대,승합>계,5498,95,1
202604,시군구,경기,남양주시,passenger,official,400,대,승용>관용,5498,95,0
202604,시군구,경기,남양주시,passenger,private,271616,대,승용>자가용,5498,95,0
202604,시군구,경기,남양주시,passenger,total,274196,대,승용>계,5498,95,1
202604,시군구,경기,남양주시,special,private,1157,대,특수>자가용,5498,95,0
202604,시군구,경기,남양주시,van,business,1011,대,승합>영업용,5498,95,0
202604,시군구,경기,동두천시,truck,private,5264,대,화물>자가용,5498,96,0
202604,시군구,경기,동두천시,special,official,11,대,특수>관용,5498,96,0
202604,시군구,경기,동두천시,truck,total,6033,대,화물>계,5498,96,1
202604,시군구,경기,동두천시,total,private,38635,대,총계>자가용,5498,96,1
202604,시군구,경기,동두천시,van,private,1108,대,승합>자가용,5498,96,0
202604,시군구,경기,동두천시,special,total,180,대,특수>계,5498,96,1
202604,시군구,경기,동두천시,passenger,business,649,대,승용>영업용,5498,96,0
202604,시군구,경기,동두천시,truck,official,82,대,화물>관용,5498,96,0
202604,시군구,경기,동두천시,special,business,49,대,특수>영업용,5498,96,0
202604,시군구,경기,동두천시,total,official,238,대,총계>관용,5498,96,1
202604,시군구,경기,동두천시,total,business,1458,대,총계>영업용,5498,96,1
202604,시군구,경기,동두천시,total,total,40331,대,총계>계,5498,96,1
202604,시군구,경기,동두천시,van,official,44,대,승합>관용,5498,96,0
202604,시군구,경기,동두천시,truck,business,687,대,화물>영업용,5498,96,0
202604,시군구,경기,동두천시,van,total,1225,대,승합>계,5498,96,1
202604,시군구,경기,동두천시,passenger,official,101,대,승용>관용,5498,96,0
202604,시군구,경기,동두천시,passenger,private,32143,대,승용>자가용,5498,96,0
202604,시군구,경기,동두천시,passenger,total,32893,대,승용>계,5498,96,1
202604,시군구,경기,동두천시,special,private,120,대,특수>자가용,5498,96,0
202604,시군구,경기,동두천시,van,business,73,대,승합>영업용,5498,96,0
202604,시군구,경기,부천시,truck,private,130,대,화물>자가용,5498,97,0
202604,시군구,경기,부천시,special,official,0,대,특수>관용,5498,97,0
202604,시군구,경기,부천시,truck,total,135,대,화물>계,5498,97,1
202604,시군구,경기,부천시,total,private,270,대,총계>자가용,5498,97,1
202604,시군구,경기,부천시,van,private,38,대,승합>자가용,5498,97,0
202604,시군구,경기,부천시,special,total,1,대,특수>계,5498,97,1
202604,시군구,경기,부천시,passenger,business,1,대,승용>영업용,5498,97,0
202604,시군구,경기,부천시,truck,official,0,대,화물>관용,5498,97,0
202604,시군구,경기,부천시,special,business,1,대,특수>영업용,5498,97,0
202604,시군구,경기,부천시,total,official,5,대,총계>관용,5498,97,1
202604,시군구,경기,부천시,total,business,17,대,총계>영업용,5498,97,1
202604,시군구,경기,부천시,total,total,292,대,총계>계,5498,97,1
202604,시군구,경기,부천시,van,official,0,대,승합>관용,5498,97,0
202604,시군구,경기,부천시,truck,business,5,대,화물>영업용,5498,97,0
202604,시군구,경기,부천시,van,total,48,대,승합>계,5498,97,1
202604,시군구,경기,부천시,passenger,official,5,대,승용>관용,5498,97,0
202604,시군구,경기,부천시,passenger,private,102,대,승용>자가용,5498,97,0
202604,시군구,경기,부천시,passenger,total,108,대,승용>계,5498,97,1
202604,시군구,경기,부천시,special,private,0,대,특수>자가용,5498,97,0
202604,시군구,경기,부천시,van,business,10,대,승합>영업용,5498,97,0
202604,시군구,경기,부천시 소사구,truck,private,7978,대,화물>자가용,5498,98,0
202604,시군구,경기,부천시 소사구,special,official,1,대,특수>관용,5498,98,0
202604,시군구,경기,부천시 소사구,truck,total,9284,대,화물>계,5498,98,1
202604,시군구,경기,부천시 소사구,total,private,83095,대,총계>자가용,5498,98,1
202604,시군구,경기,부천시 소사구,van,private,1863,대,승합>자가용,5498,98,0
202604,시군구,경기,부천시 소사구,special,total,356,대,특수>계,5498,98,1
202604,시군구,경기,부천시 소사구,passenger,business,1129,대,승용>영업용,5498,98,0
202604,시군구,경기,부천시 소사구,truck,official,37,대,화물>관용,5498,98,0
202604,시군구,경기,부천시 소사구,special,business,170,대,특수>영업용,5498,98,0
202604,시군구,경기,부천시 소사구,total,official,105,대,총계>관용,5498,98,1
202604,시군구,경기,부천시 소사구,total,business,2679,대,총계>영업용,5498,98,1
202604,시군구,경기,부천시 소사구,total,total,85879,대,총계>계,5498,98,1
202604,시군구,경기,부천시 소사구,van,official,18,대,승합>관용,5498,98,0
202604,시군구,경기,부천시 소사구,truck,business,1269,대,화물>영업용,5498,98,0
202604,시군구,경기,부천시 소사구,van,total,1992,대,승합>계,5498,98,1
202604,시군구,경기,부천시 소사구,passenger,official,49,대,승용>관용,5498,98,0
202604,시군구,경기,부천시 소사구,passenger,private,73069,대,승용>자가용,5498,98,0
202604,시군구,경기,부천시 소사구,passenger,total,74247,대,승용>계,5498,98,1
202604,시군구,경기,부천시 소사구,special,private,185,대,특수>자가용,5498,98,0
202604,시군구,경기,부천시 소사구,van,business,111,대,승합>영업용,5498,98,0
202604,시군구,경기,부천시 오정구,truck,private,9315,대,화물>자가용,5498,99,0
202604,시군구,경기,부천시 오정구,special,official,4,대,특수>관용,5498,99,0
202604,시군구,경기,부천시 오정구,truck,total,11141,대,화물>계,5498,99,1
202604,시군구,경기,부천시 오정구,total,private,63142,대,총계>자가용,5498,99,1
202604,시군구,경기,부천시 오정구,van,private,1644,대,승합>자가용,5498,99,0
202604,시군구,경기,부천시 오정구,special,total,368,대,특수>계,5498,99,1
202604,시군구,경기,부천시 오정구,passenger,business,1478,대,승용>영업용,5498,99,0
202604,시군구,경기,부천시 오정구,truck,official,33,대,화물>관용,5498,99,0
202604,시군구,경기,부천시 오정구,special,business,170,대,특수>영업용,5498,99,0
202604,시군구,경기,부천시 오정구,total,official,105,대,총계>관용,5498,99,1
202604,시군구,경기,부천시 오정구,total,business,3880,대,총계>영업용,5498,99,1
202604,시군구,경기,부천시 오정구,total,total,67127,대,총계>계,5498,99,1
202604,시군구,경기,부천시 오정구,van,official,31,대,승합>관용,5498,99,0
202604,시군구,경기,부천시 오정구,truck,business,1793,대,화물>영업용,5498,99,0
202604,시군구,경기,부천시 오정구,van,total,2114,대,승합>계,5498,99,1
202604,시군구,경기,부천시 오정구,passenger,official,37,대,승용>관용,5498,99,0
202604,시군구,경기,부천시 오정구,passenger,private,51989,대,승용>자가용,5498,99,0
202604,시군구,경기,부천시 오정구,passenger,total,53504,대,승용>계,5498,99,1
202604,시군구,경기,부천시 오정구,special,private,194,대,특수>자가용,5498,99,0
202604,시군구,경기,부천시 오정구,van,business,439,대,승합>영업용,5498,99,0
202604,시군구,경기,부천시 원미구,truck,private,15108,대,화물>자가용,5498,100,0
202604,시군구,경기,부천시 원미구,special,official,24,대,특수>관용,5498,100,0
202604,시군구,경기,부천시 원미구,truck,total,18625,대,화물>계,5498,100,1
202604,시군구,경기,부천시 원미구,total,private,146372,대,총계>자가용,5498,100,1
202604,시군구,경기,부천시 원미구,van,private,3109,대,승합>자가용,5498,100,0
202604,시군구,경기,부천시 원미구,special,total,587,대,특수>계,5498,100,1
202604,시군구,경기,부천시 원미구,passenger,business,2667,대,승용>영업용,5498,100,0
202604,시군구,경기,부천시 원미구,truck,official,154,대,화물>관용,5498,100,0
202604,시군구,경기,부천시 원미구,special,business,195,대,특수>영업용,5498,100,0
202604,시군구,경기,부천시 원미구,total,official,521,대,총계>관용,5498,100,1
202604,시군구,경기,부천시 원미구,total,business,6796,대,총계>영업용,5498,100,1
202604,시군구,경기,부천시 원미구,total,total,153689,대,총계>계,5498,100,1
202604,시군구,경기,부천시 원미구,van,official,146,대,승합>관용,5498,100,0
202604,시군구,경기,부천시 원미구,truck,business,3363,대,화물>영업용,5498,100,0
202604,시군구,경기,부천시 원미구,van,total,3826,대,승합>계,5498,100,1
202604,시군구,경기,부천시 원미구,passenger,official,197,대,승용>관용,5498,100,0
202604,시군구,경기,부천시 원미구,passenger,private,127787,대,승용>자가용,5498,100,0
202604,시군구,경기,부천시 원미구,passenger,total,130651,대,승용>계,5498,100,1
202604,시군구,경기,부천시 원미구,special,private,368,대,특수>자가용,5498,100,0
202604,시군구,경기,부천시 원미구,van,business,571,대,승합>영업용,5498,100,0
202604,시군구,경기,성남시 분당구,truck,private,7318,대,화물>자가용,5498,101,0
202604,시군구,경기,성남시 분당구,special,official,9,대,특수>관용,5498,101,0
202604,시군구,경기,성남시 분당구,truck,total,9284,대,화물>계,5498,101,1
202604,시군구,경기,성남시 분당구,total,private,189614,대,총계>자가용,5498,101,1
202604,시군구,경기,성남시 분당구,van,private,2156,대,승합>자가용,5498,101,0
202604,시군구,경기,성남시 분당구,special,total,512,대,특수>계,5498,101,1
202604,시군구,경기,성남시 분당구,passenger,business,3828,대,승용>영업용,5498,101,0
202604,시군구,경기,성남시 분당구,truck,official,101,대,화물>관용,5498,101,0
202604,시군구,경기,성남시 분당구,special,business,138,대,특수>영업용,5498,101,0
202604,시군구,경기,성남시 분당구,total,official,367,대,총계>관용,5498,101,1
202604,시군구,경기,성남시 분당구,total,business,7275,대,총계>영업용,5498,101,1
202604,시군구,경기,성남시 분당구,total,total,197256,대,총계>계,5498,101,1
202604,시군구,경기,성남시 분당구,van,official,56,대,승합>관용,5498,101,0
202604,시군구,경기,성남시 분당구,truck,business,1865,대,화물>영업용,5498,101,0
202604,시군구,경기,성남시 분당구,van,total,3656,대,승합>계,5498,101,1
202604,시군구,경기,성남시 분당구,passenger,official,201,대,승용>관용,5498,101,0
202604,시군구,경기,성남시 분당구,passenger,private,179775,대,승용>자가용,5498,101,0
202604,시군구,경기,성남시 분당구,passenger,total,183804,대,승용>계,5498,101,1
202604,시군구,경기,성남시 분당구,special,private,365,대,특수>자가용,5498,101,0
202604,시군구,경기,성남시 분당구,van,business,1444,대,승합>영업용,5498,101,0
202604,시군구,경기,성남시 수정구,truck,private,7316,대,화물>자가용,5498,102,0
202604,시군구,경기,성남시 수정구,special,official,3,대,특수>관용,5498,102,0
202604,시군구,경기,성남시 수정구,truck,total,8936,대,화물>계,5498,102,1
202604,시군구,경기,성남시 수정구,total,private,82559,대,총계>자가용,5498,102,1
202604,시군구,경기,성남시 수정구,van,private,1869,대,승합>자가용,5498,102,0
202604,시군구,경기,성남시 수정구,special,total,332,대,특수>계,5498,102,1
202604,시군구,경기,성남시 수정구,passenger,business,1877,대,승용>영업용,5498,102,0
202604,시군구,경기,성남시 수정구,truck,official,81,대,화물>관용,5498,102,0
202604,시군구,경기,성남시 수정구,special,business,157,대,특수>영업용,5498,102,0
202604,시군구,경기,성남시 수정구,total,official,312,대,총계>관용,5498,102,1
202604,시군구,경기,성남시 수정구,total,business,3765,대,총계>영업용,5498,102,1
202604,시군구,경기,성남시 수정구,total,total,86636,대,총계>계,5498,102,1
202604,시군구,경기,성남시 수정구,van,official,62,대,승합>관용,5498,102,0
202604,시군구,경기,성남시 수정구,truck,business,1539,대,화물>영업용,5498,102,0
202604,시군구,경기,성남시 수정구,van,total,2123,대,승합>계,5498,102,1
202604,시군구,경기,성남시 수정구,passenger,official,166,대,승용>관용,5498,102,0
202604,시군구,경기,성남시 수정구,passenger,private,73202,대,승용>자가용,5498,102,0
202604,시군구,경기,성남시 수정구,passenger,total,75245,대,승용>계,5498,102,1
202604,시군구,경기,성남시 수정구,special,private,172,대,특수>자가용,5498,102,0
202604,시군구,경기,성남시 수정구,van,business,192,대,승합>영업용,5498,102,0
202604,시군구,경기,성남시 중원구,truck,private,8380,대,화물>자가용,5498,103,0
202604,시군구,경기,성남시 중원구,special,official,18,대,특수>관용,5498,103,0
202604,시군구,경기,성남시 중원구,truck,total,10106,대,화물>계,5498,103,1
202604,시군구,경기,성남시 중원구,total,private,72873,대,총계>자가용,5498,103,1
202604,시군구,경기,성남시 중원구,van,private,1828,대,승합>자가용,5498,103,0
202604,시군구,경기,성남시 중원구,special,total,357,대,특수>계,5498,103,1
202604,시군구,경기,성남시 중원구,passenger,business,2123,대,승용>영업용,5498,103,0
202604,시군구,경기,성남시 중원구,truck,official,101,대,화물>관용,5498,103,0
202604,시군구,경기,성남시 중원구,special,business,150,대,특수>영업용,5498,103,0
202604,시군구,경기,성남시 중원구,total,official,395,대,총계>관용,5498,103,1
202604,시군구,경기,성남시 중원구,total,business,4204,대,총계>영업용,5498,103,1
202604,시군구,경기,성남시 중원구,total,total,77472,대,총계>계,5498,103,1
202604,시군구,경기,성남시 중원구,van,official,53,대,승합>관용,5498,103,0
202604,시군구,경기,성남시 중원구,truck,business,1625,대,화물>영업용,5498,103,0
202604,시군구,경기,성남시 중원구,van,total,2187,대,승합>계,5498,103,1
202604,시군구,경기,성남시 중원구,passenger,official,223,대,승용>관용,5498,103,0
202604,시군구,경기,성남시 중원구,passenger,private,62476,대,승용>자가용,5498,103,0
202604,시군구,경기,성남시 중원구,passenger,total,64822,대,승용>계,5498,103,1
202604,시군구,경기,성남시 중원구,special,private,189,대,특수>자가용,5498,103,0
202604,시군구,경기,성남시 중원구,van,business,306,대,승합>영업용,5498,103,0
202604,시군구,경기,수원시 권선구,truck,private,19865,대,화물>자가용,5498,104,0
202604,시군구,경기,수원시 권선구,special,official,26,대,특수>관용,5498,104,0
202604,시군구,경기,수원시 권선구,truck,total,23221,대,화물>계,5498,104,1
202604,시군구,경기,수원시 권선구,total,private,220841,대,총계>자가용,5498,104,1
202604,시군구,경기,수원시 권선구,van,private,4124,대,승합>자가용,5498,104,0
202604,시군구,경기,수원시 권선구,special,total,1182,대,특수>계,5498,104,1
202604,시군구,경기,수원시 권선구,passenger,business,5334,대,승용>영업용,5498,104,0
202604,시군구,경기,수원시 권선구,truck,official,159,대,화물>관용,5498,104,0
202604,시군구,경기,수원시 권선구,special,business,545,대,특수>영업용,5498,104,0
202604,시군구,경기,수원시 권선구,total,official,447,대,총계>관용,5498,104,1
202604,시군구,경기,수원시 권선구,total,business,10974,대,총계>영업용,5498,104,1
202604,시군구,경기,수원시 권선구,total,total,232262,대,총계>계,5498,104,1
202604,시군구,경기,수원시 권선구,van,official,157,대,승합>관용,5498,104,0
202604,시군구,경기,수원시 권선구,truck,business,3197,대,화물>영업용,5498,104,0
202604,시군구,경기,수원시 권선구,van,total,6179,대,승합>계,5498,104,1
202604,시군구,경기,수원시 권선구,passenger,official,105,대,승용>관용,5498,104,0
202604,시군구,경기,수원시 권선구,passenger,private,196241,대,승용>자가용,5498,104,0
202604,시군구,경기,수원시 권선구,passenger,total,201680,대,승용>계,5498,104,1
202604,시군구,경기,수원시 권선구,special,private,611,대,특수>자가용,5498,104,0
202604,시군구,경기,수원시 권선구,van,business,1898,대,승합>영업용,5498,104,0
202604,시군구,경기,수원시 영통구,truck,private,6481,대,화물>자가용,5498,105,0
202604,시군구,경기,수원시 영통구,special,official,2,대,특수>관용,5498,105,0
202604,시군구,경기,수원시 영통구,truck,total,7942,대,화물>계,5498,105,1
202604,시군구,경기,수원시 영통구,total,private,154167,대,총계>자가용,5498,105,1
202604,시군구,경기,수원시 영통구,van,private,1820,대,승합>자가용,5498,105,0
202604,시군구,경기,수원시 영통구,special,total,386,대,특수>계,5498,105,1
202604,시군구,경기,수원시 영통구,passenger,business,1892,대,승용>영업용,5498,105,0
202604,시군구,경기,수원시 영통구,truck,official,64,대,화물>관용,5498,105,0
202604,시군구,경기,수원시 영통구,special,business,123,대,특수>영업용,5498,105,0
202604,시군구,경기,수원시 영통구,total,official,432,대,총계>관용,5498,105,1
202604,시군구,경기,수원시 영통구,total,business,3568,대,총계>영업용,5498,105,1
202604,시군구,경기,수원시 영통구,total,total,158167,대,총계>계,5498,105,1
202604,시군구,경기,수원시 영통구,van,official,104,대,승합>관용,5498,105,0
202604,시군구,경기,수원시 영통구,truck,business,1397,대,화물>영업용,5498,105,0
202604,시군구,경기,수원시 영통구,van,total,2080,대,승합>계,5498,105,1
202604,시군구,경기,수원시 영통구,passenger,official,262,대,승용>관용,5498,105,0
202604,시군구,경기,수원시 영통구,passenger,private,145605,대,승용>자가용,5498,105,0
202604,시군구,경기,수원시 영통구,passenger,total,147759,대,승용>계,5498,105,1
202604,시군구,경기,수원시 영통구,special,private,261,대,특수>자가용,5498,105,0
202604,시군구,경기,수원시 영통구,van,business,156,대,승합>영업용,5498,105,0
202604,시군구,경기,수원시 장안구,truck,private,8011,대,화물>자가용,5498,106,0
202604,시군구,경기,수원시 장안구,special,official,18,대,특수>관용,5498,106,0
202604,시군구,경기,수원시 장안구,truck,total,10223,대,화물>계,5498,106,1
202604,시군구,경기,수원시 장안구,total,private,108961,대,총계>자가용,5498,106,1
202604,시군구,경기,수원시 장안구,van,private,2448,대,승합>자가용,5498,106,0
202604,시군구,경기,수원시 장안구,special,total,412,대,특수>계,5498,106,1
202604,시군구,경기,수원시 장안구,passenger,business,1089,대,승용>영업용,5498,106,0
202604,시군구,경기,수원시 장안구,truck,official,100,대,화물>관용,5498,106,0
202604,시군구,경기,수원시 장안구,special,business,115,대,특수>영업용,5498,106,0
202604,시군구,경기,수원시 장안구,total,official,511,대,총계>관용,5498,106,1
202604,시군구,경기,수원시 장안구,total,business,3396,대,총계>영업용,5498,106,1
202604,시군구,경기,수원시 장안구,total,total,112868,대,총계>계,5498,106,1
202604,시군구,경기,수원시 장안구,van,official,134,대,승합>관용,5498,106,0
202604,시군구,경기,수원시 장안구,truck,business,2112,대,화물>영업용,5498,106,0
202604,시군구,경기,수원시 장안구,van,total,2662,대,승합>계,5498,106,1
202604,시군구,경기,수원시 장안구,passenger,official,259,대,승용>관용,5498,106,0
202604,시군구,경기,수원시 장안구,passenger,private,98223,대,승용>자가용,5498,106,0
202604,시군구,경기,수원시 장안구,passenger,total,99571,대,승용>계,5498,106,1
202604,시군구,경기,수원시 장안구,special,private,279,대,특수>자가용,5498,106,0
202604,시군구,경기,수원시 장안구,van,business,80,대,승합>영업용,5498,106,0
202604,시군구,경기,수원시 팔달구,truck,private,6122,대,화물>자가용,5498,107,0
202604,시군구,경기,수원시 팔달구,special,official,16,대,특수>관용,5498,107,0
202604,시군구,경기,수원시 팔달구,truck,total,8267,대,화물>계,5498,107,1
202604,시군구,경기,수원시 팔달구,total,private,81944,대,총계>자가용,5498,107,1
202604,시군구,경기,수원시 팔달구,van,private,2063,대,승합>자가용,5498,107,0
202604,시군구,경기,수원시 팔달구,special,total,284,대,특수>계,5498,107,1
202604,시군구,경기,수원시 팔달구,passenger,business,7712,대,승용>영업용,5498,107,0
202604,시군구,경기,수원시 팔달구,truck,official,94,대,화물>관용,5498,107,0
202604,시군구,경기,수원시 팔달구,special,business,104,대,특수>영업용,5498,107,0
202604,시군구,경기,수원시 팔달구,total,official,393,대,총계>관용,5498,107,1
202604,시군구,경기,수원시 팔달구,total,business,9948,대,총계>영업용,5498,107,1
202604,시군구,경기,수원시 팔달구,total,total,92285,대,총계>계,5498,107,1
202604,시군구,경기,수원시 팔달구,van,official,99,대,승합>관용,5498,107,0
202604,시군구,경기,수원시 팔달구,truck,business,2051,대,화물>영업용,5498,107,0
202604,시군구,경기,수원시 팔달구,van,total,2243,대,승합>계,5498,107,1
202604,시군구,경기,수원시 팔달구,passenger,official,184,대,승용>관용,5498,107,0
202604,시군구,경기,수원시 팔달구,passenger,private,73595,대,승용>자가용,5498,107,0
202604,시군구,경기,수원시 팔달구,passenger,total,81491,대,승용>계,5498,107,1
202604,시군구,경기,수원시 팔달구,special,private,164,대,특수>자가용,5498,107,0
202604,시군구,경기,수원시 팔달구,van,business,81,대,승합>영업용,5498,107,0
202604,시군구,경기,시흥시,truck,private,36744,대,화물>자가용,5498,108,0
202604,시군구,경기,시흥시,special,official,24,대,특수>관용,5498,108,0
202604,시군구,경기,시흥시,truck,total,43317,대,화물>계,5498,108,1
202604,시군구,경기,시흥시,total,private,271903,대,총계>자가용,5498,108,1
202604,시군구,경기,시흥시,van,private,5662,대,승합>자가용,5498,108,0
202604,시군구,경기,시흥시,special,total,1292,대,특수>계,5498,108,1
202604,시군구,경기,시흥시,passenger,business,1829,대,승용>영업용,5498,108,0
202604,시군구,경기,시흥시,truck,official,153,대,화물>관용,5498,108,0
202604,시군구,경기,시흥시,special,business,518,대,특수>영업용,5498,108,0
202604,시군구,경기,시흥시,total,official,468,대,총계>관용,5498,108,1
202604,시군구,경기,시흥시,total,business,9234,대,총계>영업용,5498,108,1
202604,시군구,경기,시흥시,total,total,281605,대,총계>계,5498,108,1
202604,시군구,경기,시흥시,van,official,105,대,승합>관용,5498,108,0
202604,시군구,경기,시흥시,truck,business,6420,대,화물>영업용,5498,108,0
202604,시군구,경기,시흥시,van,total,6234,대,승합>계,5498,108,1
202604,시군구,경기,시흥시,passenger,official,186,대,승용>관용,5498,108,0
202604,시군구,경기,시흥시,passenger,private,228747,대,승용>자가용,5498,108,0
202604,시군구,경기,시흥시,passenger,total,230762,대,승용>계,5498,108,1
202604,시군구,경기,시흥시,special,private,750,대,특수>자가용,5498,108,0
202604,시군구,경기,시흥시,van,business,467,대,승합>영업용,5498,108,0
202604,시군구,경기,안산시 단원구,truck,private,22966,대,화물>자가용,5498,109,0
202604,시군구,경기,안산시 단원구,special,official,13,대,특수>관용,5498,109,0
202604,시군구,경기,안산시 단원구,truck,total,27248,대,화물>계,5498,109,1
202604,시군구,경기,안산시 단원구,total,private,167108,대,총계>자가용,5498,109,1
202604,시군구,경기,안산시 단원구,van,private,4405,대,승합>자가용,5498,109,0
202604,시군구,경기,안산시 단원구,special,total,793,대,특수>계,5498,109,1
202604,시군구,경기,안산시 단원구,passenger,business,11900,대,승용>영업용,5498,109,0
202604,시군구,경기,안산시 단원구,truck,official,227,대,화물>관용,5498,109,0
202604,시군구,경기,안산시 단원구,special,business,311,대,특수>영업용,5498,109,0
202604,시군구,경기,안산시 단원구,total,official,607,대,총계>관용,5498,109,1
202604,시군구,경기,안산시 단원구,total,business,17412,대,총계>영업용,5498,109,1
202604,시군구,경기,안산시 단원구,total,total,185127,대,총계>계,5498,109,1
202604,시군구,경기,안산시 단원구,van,official,142,대,승합>관용,5498,109,0
202604,시군구,경기,안산시 단원구,truck,business,4055,대,화물>영업용,5498,109,0
202604,시군구,경기,안산시 단원구,van,total,5693,대,승합>계,5498,109,1
202604,시군구,경기,안산시 단원구,passenger,official,225,대,승용>관용,5498,109,0
202604,시군구,경기,안산시 단원구,passenger,private,139268,대,승용>자가용,5498,109,0
202604,시군구,경기,안산시 단원구,passenger,total,151393,대,승용>계,5498,109,1
202604,시군구,경기,안산시 단원구,special,private,469,대,특수>자가용,5498,109,0
202604,시군구,경기,안산시 단원구,van,business,1146,대,승합>영업용,5498,109,0
202604,시군구,경기,안산시 상록구,truck,private,17793,대,화물>자가용,5498,110,0
202604,시군구,경기,안산시 상록구,special,official,3,대,특수>관용,5498,110,0
202604,시군구,경기,안산시 상록구,truck,total,20575,대,화물>계,5498,110,1
202604,시군구,경기,안산시 상록구,total,private,143519,대,총계>자가용,5498,110,1
202604,시군구,경기,안산시 상록구,van,private,3448,대,승합>자가용,5498,110,0
202604,시군구,경기,안산시 상록구,special,total,823,대,특수>계,5498,110,1
202604,시군구,경기,안산시 상록구,passenger,business,1981,대,승용>영업용,5498,110,0
202604,시군구,경기,안산시 상록구,truck,official,34,대,화물>관용,5498,110,0
202604,시군구,경기,안산시 상록구,special,business,347,대,특수>영업용,5498,110,0
202604,시군구,경기,안산시 상록구,total,official,157,대,총계>관용,5498,110,1
202604,시군구,경기,안산시 상록구,total,business,5723,대,총계>영업용,5498,110,1
202604,시군구,경기,안산시 상록구,total,total,149399,대,총계>계,5498,110,1
202604,시군구,경기,안산시 상록구,van,official,39,대,승합>관용,5498,110,0
202604,시군구,경기,안산시 상록구,truck,business,2748,대,화물>영업용,5498,110,0
202604,시군구,경기,안산시 상록구,van,total,4134,대,승합>계,5498,110,1
202604,시군구,경기,안산시 상록구,passenger,official,81,대,승용>관용,5498,110,0
202604,시군구,경기,안산시 상록구,passenger,private,121805,대,승용>자가용,5498,110,0
202604,시군구,경기,안산시 상록구,passenger,total,123867,대,승용>계,5498,110,1
202604,시군구,경기,안산시 상록구,special,private,473,대,특수>자가용,5498,110,0
202604,시군구,경기,안산시 상록구,van,business,647,대,승합>영업용,5498,110,0
202604,시군구,경기,안성시,truck,private,19649,대,화물>자가용,5498,111,0
202604,시군구,경기,안성시,special,official,16,대,특수>관용,5498,111,0
202604,시군구,경기,안성시,truck,total,23083,대,화물>계,5498,111,1
202604,시군구,경기,안성시,total,private,122485,대,총계>자가용,5498,111,1
202604,시군구,경기,안성시,van,private,2812,대,승합>자가용,5498,111,0
202604,시군구,경기,안성시,special,total,1299,대,특수>계,5498,111,1
202604,시군구,경기,안성시,passenger,business,737,대,승용>영업용,5498,111,0
202604,시군구,경기,안성시,truck,official,134,대,화물>관용,5498,111,0
202604,시군구,경기,안성시,special,business,300,대,특수>영업용,5498,111,0
202604,시군구,경기,안성시,total,official,421,대,총계>관용,5498,111,1
202604,시군구,경기,안성시,total,business,4917,대,총계>영업용,5498,111,1
202604,시군구,경기,안성시,total,total,127823,대,총계>계,5498,111,1
202604,시군구,경기,안성시,van,official,89,대,승합>관용,5498,111,0
202604,시군구,경기,안성시,truck,business,3300,대,화물>영업용,5498,111,0
202604,시군구,경기,안성시,van,total,3481,대,승합>계,5498,111,1
202604,시군구,경기,안성시,passenger,official,182,대,승용>관용,5498,111,0
202604,시군구,경기,안성시,passenger,private,99041,대,승용>자가용,5498,111,0
202604,시군구,경기,안성시,passenger,total,99960,대,승용>계,5498,111,1
202604,시군구,경기,안성시,special,private,983,대,특수>자가용,5498,111,0
202604,시군구,경기,안성시,van,business,580,대,승합>영업용,5498,111,0
202604,시군구,경기,안양시 동안구,truck,private,9788,대,화물>자가용,5498,112,0
202604,시군구,경기,안양시 동안구,special,official,10,대,특수>관용,5498,112,0
202604,시군구,경기,안양시 동안구,truck,total,13403,대,화물>계,5498,112,1
202604,시군구,경기,안양시 동안구,total,private,132751,대,총계>자가용,5498,112,1
202604,시군구,경기,안양시 동안구,van,private,1853,대,승합>자가용,5498,112,0
202604,시군구,경기,안양시 동안구,special,total,590,대,특수>계,5498,112,1
202604,시군구,경기,안양시 동안구,passenger,business,2112,대,승용>영업용,5498,112,0
202604,시군구,경기,안양시 동안구,truck,official,129,대,화물>관용,5498,112,0
202604,시군구,경기,안양시 동안구,special,business,160,대,특수>영업용,5498,112,0
202604,시군구,경기,안양시 동안구,total,official,413,대,총계>관용,5498,112,1
202604,시군구,경기,안양시 동안구,total,business,6301,대,총계>영업용,5498,112,1
202604,시군구,경기,안양시 동안구,total,total,139465,대,총계>계,5498,112,1
202604,시군구,경기,안양시 동안구,van,official,109,대,승합>관용,5498,112,0
202604,시군구,경기,안양시 동안구,truck,business,3486,대,화물>영업용,5498,112,0
202604,시군구,경기,안양시 동안구,van,total,2505,대,승합>계,5498,112,1
202604,시군구,경기,안양시 동안구,passenger,official,165,대,승용>관용,5498,112,0
202604,시군구,경기,안양시 동안구,passenger,private,120690,대,승용>자가용,5498,112,0
202604,시군구,경기,안양시 동안구,passenger,total,122967,대,승용>계,5498,112,1
202604,시군구,경기,안양시 동안구,special,private,420,대,특수>자가용,5498,112,0
202604,시군구,경기,안양시 동안구,van,business,543,대,승합>영업용,5498,112,0
202604,시군구,경기,안양시 만안구,truck,private,8886,대,화물>자가용,5498,113,0
202604,시군구,경기,안양시 만안구,special,official,0,대,특수>관용,5498,113,0
202604,시군구,경기,안양시 만안구,truck,total,10535,대,화물>계,5498,113,1
202604,시군구,경기,안양시 만안구,total,private,87940,대,총계>자가용,5498,113,1
202604,시군구,경기,안양시 만안구,van,private,1927,대,승합>자가용,5498,113,0
202604,시군구,경기,안양시 만안구,special,total,334,대,특수>계,5498,113,1
202604,시군구,경기,안양시 만안구,passenger,business,1375,대,승용>영업용,5498,113,0
202604,시군구,경기,안양시 만안구,truck,official,42,대,화물>관용,5498,113,0
202604,시군구,경기,안양시 만안구,special,business,127,대,특수>영업용,5498,113,0
202604,시군구,경기,안양시 만안구,total,official,162,대,총계>관용,5498,113,1
202604,시군구,경기,안양시 만안구,total,business,4040,대,총계>영업용,5498,113,1
202604,시군구,경기,안양시 만안구,total,total,92142,대,총계>계,5498,113,1
202604,시군구,경기,안양시 만안구,van,official,29,대,승합>관용,5498,113,0
202604,시군구,경기,안양시 만안구,truck,business,1607,대,화물>영업용,5498,113,0
202604,시군구,경기,안양시 만안구,van,total,2887,대,승합>계,5498,113,1
202604,시군구,경기,안양시 만안구,passenger,official,91,대,승용>관용,5498,113,0
202604,시군구,경기,안양시 만안구,passenger,private,76920,대,승용>자가용,5498,113,0
202604,시군구,경기,안양시 만안구,passenger,total,78386,대,승용>계,5498,113,1
202604,시군구,경기,안양시 만안구,special,private,207,대,특수>자가용,5498,113,0
202604,시군구,경기,안양시 만안구,van,business,931,대,승합>영업용,5498,113,0
202604,시군구,경기,양주시,truck,private,20122,대,화물>자가용,5498,114,0
202604,시군구,경기,양주시,special,official,13,대,특수>관용,5498,114,0
202604,시군구,경기,양주시,truck,total,23405,대,화물>계,5498,114,1
202604,시군구,경기,양주시,total,private,147590,대,총계>자가용,5498,114,1
202604,시군구,경기,양주시,van,private,3456,대,승합>자가용,5498,114,0
202604,시군구,경기,양주시,special,total,811,대,특수>계,5498,114,1
202604,시군구,경기,양주시,passenger,business,757,대,승용>영업용,5498,114,0
202604,시군구,경기,양주시,truck,official,171,대,화물>관용,5498,114,0
202604,시군구,경기,양주시,special,business,259,대,특수>영업용,5498,114,0
202604,시군구,경기,양주시,total,official,463,대,총계>관용,5498,114,1
202604,시군구,경기,양주시,total,business,4699,대,총계>영업용,5498,114,1
202604,시군구,경기,양주시,total,total,152752,대,총계>계,5498,114,1
202604,시군구,경기,양주시,van,official,90,대,승합>관용,5498,114,0
202604,시군구,경기,양주시,truck,business,3112,대,화물>영업용,5498,114,0
202604,시군구,경기,양주시,van,total,4117,대,승합>계,5498,114,1
202604,시군구,경기,양주시,passenger,official,189,대,승용>관용,5498,114,0
202604,시군구,경기,양주시,passenger,private,123473,대,승용>자가용,5498,114,0
202604,시군구,경기,양주시,passenger,total,124419,대,승용>계,5498,114,1
202604,시군구,경기,양주시,special,private,539,대,특수>자가용,5498,114,0
202604,시군구,경기,양주시,van,business,571,대,승합>영업용,5498,114,0
202604,시군구,경기,양평군,truck,private,12132,대,화물>자가용,5498,115,0
202604,시군구,경기,양평군,special,official,11,대,특수>관용,5498,115,0
202604,시군구,경기,양평군,truck,total,13285,대,화물>계,5498,115,1
202604,시군구,경기,양평군,total,private,68837,대,총계>자가용,5498,115,1
202604,시군구,경기,양평군,van,private,1510,대,승합>자가용,5498,115,0
202604,시군구,경기,양평군,special,total,395,대,특수>계,5498,115,1
202604,시군구,경기,양평군,passenger,business,439,대,승용>영업용,5498,115,0
202604,시군구,경기,양평군,truck,official,262,대,화물>관용,5498,115,0
202604,시군구,경기,양평군,special,business,80,대,특수>영업용,5498,115,0
202604,시군구,경기,양평군,total,official,607,대,총계>관용,5498,115,1
202604,시군구,경기,양평군,total,business,1920,대,총계>영업용,5498,115,1
202604,시군구,경기,양평군,total,total,71364,대,총계>계,5498,115,1
202604,시군구,경기,양평군,van,official,91,대,승합>관용,5498,115,0
202604,시군구,경기,양평군,truck,business,891,대,화물>영업용,5498,115,0
202604,시군구,경기,양평군,van,total,2111,대,승합>계,5498,115,1
202604,시군구,경기,양평군,passenger,official,243,대,승용>관용,5498,115,0
202604,시군구,경기,양평군,passenger,private,54891,대,승용>자가용,5498,115,0
202604,시군구,경기,양평군,passenger,total,55573,대,승용>계,5498,115,1
202604,시군구,경기,양평군,special,private,304,대,특수>자가용,5498,115,0
202604,시군구,경기,양평군,van,business,510,대,승합>영업용,5498,115,0
202604,시군구,경기,여주시,truck,private,14344,대,화물>자가용,5498,116,0
202604,시군구,경기,여주시,special,official,9,대,특수>관용,5498,116,0
202604,시군구,경기,여주시,truck,total,20987,대,화물>계,5498,116,1
202604,시군구,경기,여주시,total,private,70980,대,총계>자가용,5498,116,1
202604,시군구,경기,여주시,van,private,1890,대,승합>자가용,5498,116,0
202604,시군구,경기,여주시,special,total,715,대,특수>계,5498,116,1
202604,시군구,경기,여주시,passenger,business,362,대,승용>영업용,5498,116,0
202604,시군구,경기,여주시,truck,official,204,대,화물>관용,5498,116,0
202604,시군구,경기,여주시,special,business,358,대,특수>영업용,5498,116,0
202604,시군구,경기,여주시,total,official,495,대,총계>관용,5498,116,1
202604,시군구,경기,여주시,total,business,7804,대,총계>영업용,5498,116,1
202604,시군구,경기,여주시,total,total,79279,대,총계>계,5498,116,1
202604,시군구,경기,여주시,van,official,85,대,승합>관용,5498,116,0
202604,시군구,경기,여주시,truck,business,6439,대,화물>영업용,5498,116,0
202604,시군구,경기,여주시,van,total,2620,대,승합>계,5498,116,1
202604,시군구,경기,여주시,passenger,official,197,대,승용>관용,5498,116,0
202604,시군구,경기,여주시,passenger,private,54398,대,승용>자가용,5498,116,0
202604,시군구,경기,여주시,passenger,total,54957,대,승용>계,5498,116,1
202604,시군구,경기,여주시,special,private,348,대,특수>자가용,5498,116,0
202604,시군구,경기,여주시,van,business,645,대,승합>영업용,5498,116,0
202604,시군구,경기,연천군,truck,private,6544,대,화물>자가용,5498,117,0
202604,시군구,경기,연천군,special,official,7,대,특수>관용,5498,117,0
202604,시군구,경기,연천군,truck,total,10801,대,화물>계,5498,117,1
202604,시군구,경기,연천군,total,private,26385,대,총계>자가용,5498,117,1
202604,시군구,경기,연천군,van,private,662,대,승합>자가용,5498,117,0
202604,시군구,경기,연천군,special,total,645,대,특수>계,5498,117,1
202604,시군구,경기,연천군,passenger,business,769,대,승용>영업용,5498,117,0
202604,시군구,경기,연천군,truck,official,155,대,화물>관용,5498,117,0
202604,시군구,경기,연천군,special,business,488,대,특수>영업용,5498,117,0
202604,시군구,경기,연천군,total,official,327,대,총계>관용,5498,117,1
202604,시군구,경기,연천군,total,business,5648,대,총계>영업용,5498,117,1
202604,시군구,경기,연천군,total,total,32360,대,총계>계,5498,117,1
202604,시군구,경기,연천군,van,official,67,대,승합>관용,5498,117,0
202604,시군구,경기,연천군,truck,business,4102,대,화물>영업용,5498,117,0
202604,시군구,경기,연천군,van,total,1018,대,승합>계,5498,117,1
202604,시군구,경기,연천군,passenger,official,98,대,승용>관용,5498,117,0
202604,시군구,경기,연천군,passenger,private,19029,대,승용>자가용,5498,117,0
202604,시군구,경기,연천군,passenger,total,19896,대,승용>계,5498,117,1
202604,시군구,경기,연천군,special,private,150,대,특수>자가용,5498,117,0
202604,시군구,경기,연천군,van,business,289,대,승합>영업용,5498,117,0
202604,시군구,경기,오산시,truck,private,10639,대,화물>자가용,5498,118,0
202604,시군구,경기,오산시,special,official,11,대,특수>관용,5498,118,0
202604,시군구,경기,오산시,truck,total,13472,대,화물>계,5498,118,1
202604,시군구,경기,오산시,total,private,127742,대,총계>자가용,5498,118,1
202604,시군구,경기,오산시,van,private,2536,대,승합>자가용,5498,118,0
202604,시군구,경기,오산시,special,total,557,대,특수>계,5498,118,1
202604,시군구,경기,오산시,passenger,business,1393,대,승용>영업용,5498,118,0
202604,시군구,경기,오산시,truck,official,66,대,화물>관용,5498,118,0
202604,시군구,경기,오산시,special,business,187,대,특수>영업용,5498,118,0
202604,시군구,경기,오산시,total,official,240,대,총계>관용,5498,118,1
202604,시군구,경기,오산시,total,business,4908,대,총계>영업용,5498,118,1
202604,시군구,경기,오산시,total,total,132890,대,총계>계,5498,118,1
202604,시군구,경기,오산시,van,official,60,대,승합>관용,5498,118,0
202604,시군구,경기,오산시,truck,business,2767,대,화물>영업용,5498,118,0
202604,시군구,경기,오산시,van,total,3157,대,승합>계,5498,118,1
202604,시군구,경기,오산시,passenger,official,103,대,승용>관용,5498,118,0
202604,시군구,경기,오산시,passenger,private,114208,대,승용>자가용,5498,118,0
202604,시군구,경기,오산시,passenger,total,115704,대,승용>계,5498,118,1
202604,시군구,경기,오산시,special,private,359,대,특수>자가용,5498,118,0
202604,시군구,경기,오산시,van,business,561,대,승합>영업용,5498,118,0
202604,시군구,경기,용인시 기흥구,truck,private,11420,대,화물>자가용,5498,119,0
202604,시군구,경기,용인시 기흥구,special,official,14,대,특수>관용,5498,119,0
202604,시군구,경기,용인시 기흥구,truck,total,15121,대,화물>계,5498,119,1
202604,시군구,경기,용인시 기흥구,total,private,202727,대,총계>자가용,5498,119,1
202604,시군구,경기,용인시 기흥구,van,private,2997,대,승합>자가용,5498,119,0
202604,시군구,경기,용인시 기흥구,special,total,920,대,특수>계,5498,119,1
202604,시군구,경기,용인시 기흥구,passenger,business,3940,대,승용>영업용,5498,119,0
202604,시군구,경기,용인시 기흥구,truck,official,46,대,화물>관용,5498,119,0
202604,시군구,경기,용인시 기흥구,special,business,384,대,특수>영업용,5498,119,0
202604,시군구,경기,용인시 기흥구,total,official,148,대,총계>관용,5498,119,1
202604,시군구,경기,용인시 기흥구,total,business,8875,대,총계>영업용,5498,119,1
202604,시군구,경기,용인시 기흥구,total,total,211750,대,총계>계,5498,119,1
202604,시군구,경기,용인시 기흥구,van,official,40,대,승합>관용,5498,119,0
202604,시군구,경기,용인시 기흥구,truck,business,3655,대,화물>영업용,5498,119,0
202604,시군구,경기,용인시 기흥구,van,total,3933,대,승합>계,5498,119,1
202604,시군구,경기,용인시 기흥구,passenger,official,48,대,승용>관용,5498,119,0
202604,시군구,경기,용인시 기흥구,passenger,private,187788,대,승용>자가용,5498,119,0
202604,시군구,경기,용인시 기흥구,passenger,total,191776,대,승용>계,5498,119,1
202604,시군구,경기,용인시 기흥구,special,private,522,대,특수>자가용,5498,119,0
202604,시군구,경기,용인시 기흥구,van,business,896,대,승합>영업용,5498,119,0
202604,시군구,경기,용인시 수지구,truck,private,4615,대,화물>자가용,5498,120,0
202604,시군구,경기,용인시 수지구,special,official,0,대,특수>관용,5498,120,0
202604,시군구,경기,용인시 수지구,truck,total,6014,대,화물>계,5498,120,1
202604,시군구,경기,용인시 수지구,total,private,150350,대,총계>자가용,5498,120,1
202604,시군구,경기,용인시 수지구,van,private,1605,대,승합>자가용,5498,120,0
202604,시군구,경기,용인시 수지구,special,total,272,대,특수>계,5498,120,1
202604,시군구,경기,용인시 수지구,passenger,business,870,대,승용>영업용,5498,120,0
202604,시군구,경기,용인시 수지구,truck,official,21,대,화물>관용,5498,120,0
202604,시군구,경기,용인시 수지구,special,business,49,대,특수>영업용,5498,120,0
202604,시군구,경기,용인시 수지구,total,official,60,대,총계>관용,5498,120,1
202604,시군구,경기,용인시 수지구,total,business,2367,대,총계>영업용,5498,120,1
202604,시군구,경기,용인시 수지구,total,total,152777,대,총계>계,5498,120,1
202604,시군구,경기,용인시 수지구,van,official,15,대,승합>관용,5498,120,0
202604,시군구,경기,용인시 수지구,truck,business,1378,대,화물>영업용,5498,120,0
202604,시군구,경기,용인시 수지구,van,total,1690,대,승합>계,5498,120,1
202604,시군구,경기,용인시 수지구,passenger,official,24,대,승용>관용,5498,120,0
202604,시군구,경기,용인시 수지구,passenger,private,143907,대,승용>자가용,5498,120,0
202604,시군구,경기,용인시 수지구,passenger,total,144801,대,승용>계,5498,120,1
202604,시군구,경기,용인시 수지구,special,private,223,대,특수>자가용,5498,120,0
202604,시군구,경기,용인시 수지구,van,business,70,대,승합>영업용,5498,120,0
202604,시군구,경기,용인시 처인구,truck,private,21798,대,화물>자가용,5498,121,0
202604,시군구,경기,용인시 처인구,special,official,19,대,특수>관용,5498,121,0
202604,시군구,경기,용인시 처인구,truck,total,26879,대,화물>계,5498,121,1
202604,시군구,경기,용인시 처인구,total,private,157729,대,총계>자가용,5498,121,1
202604,시군구,경기,용인시 처인구,van,private,3538,대,승합>자가용,5498,121,0
202604,시군구,경기,용인시 처인구,special,total,1275,대,특수>계,5498,121,1
202604,시군구,경기,용인시 처인구,passenger,business,1777,대,승용>영업용,5498,121,0
202604,시군구,경기,용인시 처인구,truck,official,232,대,화물>관용,5498,121,0
202604,시군구,경기,용인시 처인구,special,business,472,대,특수>영업용,5498,121,0
202604,시군구,경기,용인시 처인구,total,official,836,대,총계>관용,5498,121,1
202604,시군구,경기,용인시 처인구,total,business,8679,대,총계>영업용,5498,121,1
202604,시군구,경기,용인시 처인구,total,total,167244,대,총계>계,5498,121,1
202604,시군구,경기,용인시 처인구,van,official,151,대,승합>관용,5498,121,0
202604,시군구,경기,용인시 처인구,truck,business,4849,대,화물>영업용,5498,121,0
202604,시군구,경기,용인시 처인구,van,total,5270,대,승합>계,5498,121,1
202604,시군구,경기,용인시 처인구,passenger,official,434,대,승용>관용,5498,121,0
202604,시군구,경기,용인시 처인구,passenger,private,131609,대,승용>자가용,5498,121,0
202604,시군구,경기,용인시 처인구,passenger,total,133820,대,승용>계,5498,121,1
202604,시군구,경기,용인시 처인구,special,private,784,대,특수>자가용,5498,121,0
202604,시군구,경기,용인시 처인구,van,business,1581,대,승합>영업용,5498,121,0
202604,시군구,경기,의왕시,truck,private,5638,대,화물>자가용,5498,122,0
202604,시군구,경기,의왕시,special,official,8,대,특수>관용,5498,122,0
202604,시군구,경기,의왕시,truck,total,7774,대,화물>계,5498,122,1
202604,시군구,경기,의왕시,total,private,70039,대,총계>자가용,5498,122,1
202604,시군구,경기,의왕시,van,private,1121,대,승합>자가용,5498,122,0
202604,시군구,경기,의왕시,special,total,473,대,특수>계,5498,122,1
202604,시군구,경기,의왕시,passenger,business,414,대,승용>영업용,5498,122,0
202604,시군구,경기,의왕시,truck,official,84,대,화물>관용,5498,122,0
202604,시군구,경기,의왕시,special,business,298,대,특수>영업용,5498,122,0
202604,시군구,경기,의왕시,total,official,306,대,총계>관용,5498,122,1
202604,시군구,경기,의왕시,total,business,2960,대,총계>영업용,5498,122,1
202604,시군구,경기,의왕시,total,total,73305,대,총계>계,5498,122,1
202604,시군구,경기,의왕시,van,official,91,대,승합>관용,5498,122,0
202604,시군구,경기,의왕시,truck,business,2052,대,화물>영업용,5498,122,0
202604,시군구,경기,의왕시,van,total,1408,대,승합>계,5498,122,1
202604,시군구,경기,의왕시,passenger,official,123,대,승용>관용,5498,122,0
202604,시군구,경기,의왕시,passenger,private,63113,대,승용>자가용,5498,122,0
202604,시군구,경기,의왕시,passenger,total,63650,대,승용>계,5498,122,1
202604,시군구,경기,의왕시,special,private,167,대,특수>자가용,5498,122,0
202604,시군구,경기,의왕시,van,business,196,대,승합>영업용,5498,122,0
202604,시군구,경기,의정부시,truck,private,17637,대,화물>자가용,5498,123,0
202604,시군구,경기,의정부시,special,official,29,대,특수>관용,5498,123,0
202604,시군구,경기,의정부시,truck,total,21005,대,화물>계,5498,123,1
202604,시군구,경기,의정부시,total,private,176588,대,총계>자가용,5498,123,1
202604,시군구,경기,의정부시,van,private,3975,대,승합>자가용,5498,123,0
202604,시군구,경기,의정부시,special,total,858,대,특수>계,5498,123,1
202604,시군구,경기,의정부시,passenger,business,1837,대,승용>영업용,5498,123,0
202604,시군구,경기,의정부시,truck,official,199,대,화물>관용,5498,123,0
202604,시군구,경기,의정부시,special,business,270,대,특수>영업용,5498,123,0
202604,시군구,경기,의정부시,total,official,761,대,총계>관용,5498,123,1
202604,시군구,경기,의정부시,total,business,5719,대,총계>영업용,5498,123,1
202604,시군구,경기,의정부시,total,total,183068,대,총계>계,5498,123,1
202604,시군구,경기,의정부시,van,official,244,대,승합>관용,5498,123,0
202604,시군구,경기,의정부시,truck,business,3169,대,화물>영업용,5498,123,0
202604,시군구,경기,의정부시,van,total,4662,대,승합>계,5498,123,1
202604,시군구,경기,의정부시,passenger,official,289,대,승용>관용,5498,123,0
202604,시군구,경기,의정부시,passenger,private,154417,대,승용>자가용,5498,123,0
202604,시군구,경기,의정부시,passenger,total,156543,대,승용>계,5498,123,1
202604,시군구,경기,의정부시,special,private,559,대,특수>자가용,5498,123,0
202604,시군구,경기,의정부시,van,business,443,대,승합>영업용,5498,123,0
202604,시군구,경기,이천시,truck,private,18960,대,화물>자가용,5498,124,0
202604,시군구,경기,이천시,special,official,15,대,특수>관용,5498,124,0
202604,시군구,경기,이천시,truck,total,23387,대,화물>계,5498,124,1
202604,시군구,경기,이천시,total,private,128145,대,총계>자가용,5498,124,1
202604,시군구,경기,이천시,van,private,2983,대,승합>자가용,5498,124,0
202604,시군구,경기,이천시,special,total,1094,대,특수>계,5498,124,1
202604,시군구,경기,이천시,passenger,business,902,대,승용>영업용,5498,124,0
202604,시군구,경기,이천시,truck,official,134,대,화물>관용,5498,124,0
202604,시군구,경기,이천시,special,business,551,대,특수>영업용,5498,124,0
202604,시군구,경기,이천시,total,official,466,대,총계>관용,5498,124,1
202604,시군구,경기,이천시,total,business,6674,대,총계>영업용,5498,124,1
202604,시군구,경기,이천시,total,total,135285,대,총계>계,5498,124,1
202604,시군구,경기,이천시,van,official,86,대,승합>관용,5498,124,0
202604,시군구,경기,이천시,truck,business,4293,대,화물>영업용,5498,124,0
202604,시군구,경기,이천시,van,total,3997,대,승합>계,5498,124,1
202604,시군구,경기,이천시,passenger,official,231,대,승용>관용,5498,124,0
202604,시군구,경기,이천시,passenger,private,105674,대,승용>자가용,5498,124,0
202604,시군구,경기,이천시,passenger,total,106807,대,승용>계,5498,124,1
202604,시군구,경기,이천시,special,private,528,대,특수>자가용,5498,124,0
202604,시군구,경기,이천시,van,business,928,대,승합>영업용,5498,124,0
202604,시군구,경기,파주시,truck,private,31512,대,화물>자가용,5498,125,0
202604,시군구,경기,파주시,special,official,23,대,특수>관용,5498,125,0
202604,시군구,경기,파주시,truck,total,38210,대,화물>계,5498,125,1
202604,시군구,경기,파주시,total,private,262274,대,총계>자가용,5498,125,1
202604,시군구,경기,파주시,van,private,5015,대,승합>자가용,5498,125,0
202604,시군구,경기,파주시,special,total,1065,대,특수>계,5498,125,1
202604,시군구,경기,파주시,passenger,business,2366,대,승용>영업용,5498,125,0
202604,시군구,경기,파주시,truck,official,172,대,화물>관용,5498,125,0
202604,시군구,경기,파주시,special,business,303,대,특수>영업용,5498,125,0
202604,시군구,경기,파주시,total,official,593,대,총계>관용,5498,125,1
202604,시군구,경기,파주시,total,business,11707,대,총계>영업용,5498,125,1
202604,시군구,경기,파주시,total,total,274574,대,총계>계,5498,125,1
202604,시군구,경기,파주시,van,official,99,대,승합>관용,5498,125,0
202604,시군구,경기,파주시,truck,business,6526,대,화물>영업용,5498,125,0
202604,시군구,경기,파주시,van,total,7626,대,승합>계,5498,125,1
202604,시군구,경기,파주시,passenger,official,299,대,승용>관용,5498,125,0
202604,시군구,경기,파주시,passenger,private,225008,대,승용>자가용,5498,125,0
202604,시군구,경기,파주시,passenger,total,227673,대,승용>계,5498,125,1
202604,시군구,경기,파주시,special,private,739,대,특수>자가용,5498,125,0
202604,시군구,경기,파주시,van,business,2512,대,승합>영업용,5498,125,0
202604,시군구,경기,평택시,truck,private,36413,대,화물>자가용,5498,126,0
202604,시군구,경기,평택시,special,official,24,대,특수>관용,5498,126,0
202604,시군구,경기,평택시,truck,total,44677,대,화물>계,5498,126,1
202604,시군구,경기,평택시,total,private,349883,대,총계>자가용,5498,126,1
202604,시군구,경기,평택시,van,private,6989,대,승합>자가용,5498,126,0
202604,시군구,경기,평택시,special,total,2081,대,특수>계,5498,126,1
202604,시군구,경기,평택시,passenger,business,3915,대,승용>영업용,5498,126,0
202604,시군구,경기,평택시,truck,official,257,대,화물>관용,5498,126,0
202604,시군구,경기,평택시,special,business,953,대,특수>영업용,5498,126,0
202604,시군구,경기,평택시,total,official,831,대,총계>관용,5498,126,1
202604,시군구,경기,평택시,total,business,15085,대,총계>영업용,5498,126,1
202604,시군구,경기,평택시,total,total,365799,대,총계>계,5498,126,1
202604,시군구,경기,평택시,van,official,153,대,승합>관용,5498,126,0
202604,시군구,경기,평택시,truck,business,8007,대,화물>영업용,5498,126,0
202604,시군구,경기,평택시,van,total,9352,대,승합>계,5498,126,1
202604,시군구,경기,평택시,passenger,official,397,대,승용>관용,5498,126,0
202604,시군구,경기,평택시,passenger,private,305377,대,승용>자가용,5498,126,0
202604,시군구,경기,평택시,passenger,total,309689,대,승용>계,5498,126,1
202604,시군구,경기,평택시,special,private,1104,대,특수>자가용,5498,126,0
202604,시군구,경기,평택시,van,business,2210,대,승합>영업용,5498,126,0
202604,시군구,경기,포천시,truck,private,20874,대,화물>자가용,5498,127,0
202604,시군구,경기,포천시,special,official,18,대,특수>관용,5498,127,0
202604,시군구,경기,포천시,truck,total,23444,대,화물>계,5498,127,1
202604,시군구,경기,포천시,total,private,91354,대,총계>자가용,5498,127,1
202604,시군구,경기,포천시,van,private,2449,대,승합>자가용,5498,127,0
202604,시군구,경기,포천시,special,total,768,대,특수>계,5498,127,1
202604,시군구,경기,포천시,passenger,business,4881,대,승용>영업용,5498,127,0
202604,시군구,경기,포천시,truck,official,167,대,화물>관용,5498,127,0
202604,시군구,경기,포천시,special,business,353,대,특수>영업용,5498,127,0
202604,시군구,경기,포천시,total,official,456,대,총계>관용,5498,127,1
202604,시군구,경기,포천시,total,business,8411,대,총계>영업용,5498,127,1
202604,시군구,경기,포천시,total,total,100221,대,총계>계,5498,127,1
202604,시군구,경기,포천시,van,official,74,대,승합>관용,5498,127,0
202604,시군구,경기,포천시,truck,business,2403,대,화물>영업용,5498,127,0
202604,시군구,경기,포천시,van,total,3297,대,승합>계,5498,127,1
202604,시군구,경기,포천시,passenger,official,197,대,승용>관용,5498,127,0
202604,시군구,경기,포천시,passenger,private,67634,대,승용>자가용,5498,127,0
202604,시군구,경기,포천시,passenger,total,72712,대,승용>계,5498,127,1
202604,시군구,경기,포천시,special,private,397,대,특수>자가용,5498,127,0
202604,시군구,경기,포천시,van,business,774,대,승합>영업용,5498,127,0
202604,시군구,경기,하남시,truck,private,14859,대,화물>자가용,5498,128,0
202604,시군구,경기,하남시,special,official,11,대,특수>관용,5498,128,0
202604,시군구,경기,하남시,truck,total,17402,대,화물>계,5498,128,1
202604,시군구,경기,하남시,total,private,141128,대,총계>자가용,5498,128,1
202604,시군구,경기,하남시,van,private,2178,대,승합>자가용,5498,128,0
202604,시군구,경기,하남시,special,total,521,대,특수>계,5498,128,1
202604,시군구,경기,하남시,passenger,business,987,대,승용>영업용,5498,128,0
202604,시군구,경기,하남시,truck,official,155,대,화물>관용,5498,128,0
202604,시군구,경기,하남시,special,business,162,대,특수>영업용,5498,128,0
202604,시군구,경기,하남시,total,official,455,대,총계>관용,5498,128,1
202604,시군구,경기,하남시,total,business,3897,대,총계>영업용,5498,128,1
202604,시군구,경기,하남시,total,total,145480,대,총계>계,5498,128,1
202604,시군구,경기,하남시,van,official,82,대,승합>관용,5498,128,0
202604,시군구,경기,하남시,truck,business,2388,대,화물>영업용,5498,128,0
202604,시군구,경기,하남시,van,total,2620,대,승합>계,5498,128,1
202604,시군구,경기,하남시,passenger,official,207,대,승용>관용,5498,128,0
202604,시군구,경기,하남시,passenger,private,123743,대,승용>자가용,5498,128,0
202604,시군구,경기,하남시,passenger,total,124937,대,승용>계,5498,128,1
202604,시군구,경기,하남시,special,private,348,대,특수>자가용,5498,128,0
202604,시군구,경기,하남시,van,business,360,대,승합>영업용,5498,128,0
202604,시군구,경기,화성시,truck,private,1574,대,화물>자가용,5498,129,0
202604,시군구,경기,화성시,special,official,1,대,특수>관용,5498,129,0
202604,시군구,경기,화성시,truck,total,1645,대,화물>계,5498,129,1
202604,시군구,경기,화성시,total,private,4085,대,총계>자가용,5498,129,1
202604,시군구,경기,화성시,van,private,316,대,승합>자가용,5498,129,0
202604,시군구,경기,화성시,special,total,27,대,특수>계,5498,129,1
202604,시군구,경기,화성시,passenger,business,94,대,승용>영업용,5498,129,0
202604,시군구,경기,화성시,truck,official,8,대,화물>관용,5498,129,0
202604,시군구,경기,화성시,special,business,11,대,특수>영업용,5498,129,0
202604,시군구,경기,화성시,total,official,14,대,총계>관용,5498,129,1
202604,시군구,경기,화성시,total,business,199,대,총계>영업용,5498,129,1
202604,시군구,경기,화성시,total,total,4298,대,총계>계,5498,129,1
202604,시군구,경기,화성시,van,official,2,대,승합>관용,5498,129,0
202604,시군구,경기,화성시,truck,business,63,대,화물>영업용,5498,129,0
202604,시군구,경기,화성시,van,total,349,대,승합>계,5498,129,1
202604,시군구,경기,화성시,passenger,official,3,대,승용>관용,5498,129,0
202604,시군구,경기,화성시,passenger,private,2180,대,승용>자가용,5498,129,0
202604,시군구,경기,화성시,passenger,total,2277,대,승용>계,5498,129,1
202604,시군구,경기,화성시,special,private,15,대,특수>자가용,5498,129,0
202604,시군구,경기,화성시,van,business,31,대,승합>영업용,5498,129,0
202604,시군구,경기,화성시 동탄구,truck,private,8066,대,화물>자가용,5498,130,0
202604,시군구,경기,화성시 동탄구,special,official,0,대,특수>관용,5498,130,0
202604,시군구,경기,화성시 동탄구,truck,total,10012,대,화물>계,5498,130,1
202604,시군구,경기,화성시 동탄구,total,private,199672,대,총계>자가용,5498,130,1
202604,시군구,경기,화성시 동탄구,van,private,2141,대,승합>자가용,5498,130,0
202604,시군구,경기,화성시 동탄구,special,total,602,대,특수>계,5498,130,1
202604,시군구,경기,화성시 동탄구,passenger,business,391,대,승용>영업용,5498,130,0
202604,시군구,경기,화성시 동탄구,truck,official,45,대,화물>관용,5498,130,0
202604,시군구,경기,화성시 동탄구,special,business,104,대,특수>영업용,5498,130,0
202604,시군구,경기,화성시 동탄구,total,official,160,대,총계>관용,5498,130,1
202604,시군구,경기,화성시 동탄구,total,business,2653,대,총계>영업용,5498,130,1
202604,시군구,경기,화성시 동탄구,total,total,202485,대,총계>계,5498,130,1
202604,시군구,경기,화성시 동탄구,van,official,24,대,승합>관용,5498,130,0
202604,시군구,경기,화성시 동탄구,truck,business,1901,대,화물>영업용,5498,130,0
202604,시군구,경기,화성시 동탄구,van,total,2422,대,승합>계,5498,130,1
202604,시군구,경기,화성시 동탄구,passenger,official,91,대,승용>관용,5498,130,0
202604,시군구,경기,화성시 동탄구,passenger,private,188967,대,승용>자가용,5498,130,0
202604,시군구,경기,화성시 동탄구,passenger,total,189449,대,승용>계,5498,130,1
202604,시군구,경기,화성시 동탄구,special,private,498,대,특수>자가용,5498,130,0
202604,시군구,경기,화성시 동탄구,van,business,257,대,승합>영업용,5498,130,0
202604,시군구,경기,화성시 만세구,truck,private,34388,대,화물>자가용,5498,131,0
202604,시군구,경기,화성시 만세구,special,official,59,대,특수>관용,5498,131,0
202604,시군구,경기,화성시 만세구,truck,total,38435,대,화물>계,5498,131,1
202604,시군구,경기,화성시 만세구,total,private,173246,대,총계>자가용,5498,131,1
202604,시군구,경기,화성시 만세구,van,private,3578,대,승합>자가용,5498,131,0
202604,시군구,경기,화성시 만세구,special,total,1067,대,특수>계,5498,131,1
202604,시군구,경기,화성시 만세구,passenger,business,709,대,승용>영업용,5498,131,0
202604,시군구,경기,화성시 만세구,truck,official,189,대,화물>관용,5498,131,0
202604,시군구,경기,화성시 만세구,special,business,327,대,특수>영업용,5498,131,0
202604,시군구,경기,화성시 만세구,total,official,674,대,총계>관용,5498,131,1
202604,시군구,경기,화성시 만세구,total,business,5764,대,총계>영업용,5498,131,1
202604,시군구,경기,화성시 만세구,total,total,179684,대,총계>계,5498,131,1
202604,시군구,경기,화성시 만세구,van,official,168,대,승합>관용,5498,131,0
202604,시군구,경기,화성시 만세구,truck,business,3858,대,화물>영업용,5498,131,0
202604,시군구,경기,화성시 만세구,van,total,4616,대,승합>계,5498,131,1
202604,시군구,경기,화성시 만세구,passenger,official,258,대,승용>관용,5498,131,0
202604,시군구,경기,화성시 만세구,passenger,private,134599,대,승용>자가용,5498,131,0
202604,시군구,경기,화성시 만세구,passenger,total,135566,대,승용>계,5498,131,1
202604,시군구,경기,화성시 만세구,special,private,681,대,특수>자가용,5498,131,0
202604,시군구,경기,화성시 만세구,van,business,870,대,승합>영업용,5498,131,0
202604,시군구,경기,화성시 병점구,truck,private,7105,대,화물>자가용,5498,132,0
202604,시군구,경기,화성시 병점구,special,official,4,대,특수>관용,5498,132,0
202604,시군구,경기,화성시 병점구,truck,total,8269,대,화물>계,5498,132,1
202604,시군구,경기,화성시 병점구,total,private,83220,대,총계>자가용,5498,132,1
202604,시군구,경기,화성시 병점구,van,private,1406,대,승합>자가용,5498,132,0
202604,시군구,경기,화성시 병점구,special,total,348,대,특수>계,5498,132,1
202604,시군구,경기,화성시 병점구,passenger,business,924,대,승용>영업용,5498,132,0
202604,시군구,경기,화성시 병점구,truck,official,26,대,화물>관용,5498,132,0
202604,시군구,경기,화성시 병점구,special,business,123,대,특수>영업용,5498,132,0
202604,시군구,경기,화성시 병점구,total,official,92,대,총계>관용,5498,132,1
202604,시군구,경기,화성시 병점구,total,business,3344,대,총계>영업용,5498,132,1
202604,시군구,경기,화성시 병점구,total,total,86656,대,총계>계,5498,132,1
202604,시군구,경기,화성시 병점구,van,official,15,대,승합>관용,5498,132,0
202604,시군구,경기,화성시 병점구,truck,business,1138,대,화물>영업용,5498,132,0
202604,시군구,경기,화성시 병점구,van,total,2580,대,승합>계,5498,132,1
202604,시군구,경기,화성시 병점구,passenger,official,47,대,승용>관용,5498,132,0
202604,시군구,경기,화성시 병점구,passenger,private,74488,대,승용>자가용,5498,132,0
202604,시군구,경기,화성시 병점구,passenger,total,75459,대,승용>계,5498,132,1
202604,시군구,경기,화성시 병점구,special,private,221,대,특수>자가용,5498,132,0
202604,시군구,경기,화성시 병점구,van,business,1159,대,승합>영업용,5498,132,0
202604,시군구,경기,화성시 효행구,truck,private,13884,대,화물>자가용,5498,133,0
202604,시군구,경기,화성시 효행구,special,official,11,대,특수>관용,5498,133,0
202604,시군구,경기,화성시 효행구,truck,total,15606,대,화물>계,5498,133,1
202604,시군구,경기,화성시 효행구,total,private,93301,대,총계>자가용,5498,133,1
202604,시군구,경기,화성시 효행구,van,private,1747,대,승합>자가용,5498,133,0
202604,시군구,경기,화성시 효행구,special,total,502,대,특수>계,5498,133,1
202604,시군구,경기,화성시 효행구,passenger,business,468,대,승용>영업용,5498,133,0
202604,시군구,경기,화성시 효행구,truck,official,31,대,화물>관용,5498,133,0
202604,시군구,경기,화성시 효행구,special,business,156,대,특수>영업용,5498,133,0
202604,시군구,경기,화성시 효행구,total,official,96,대,총계>관용,5498,133,1
202604,시군구,경기,화성시 효행구,total,business,2879,대,총계>영업용,5498,133,1
202604,시군구,경기,화성시 효행구,total,total,96276,대,총계>계,5498,133,1
202604,시군구,경기,화성시 효행구,van,official,12,대,승합>관용,5498,133,0
202604,시군구,경기,화성시 효행구,truck,business,1691,대,화물>영업용,5498,133,0
202604,시군구,경기,화성시 효행구,van,total,2323,대,승합>계,5498,133,1
202604,시군구,경기,화성시 효행구,passenger,official,42,대,승용>관용,5498,133,0
202604,시군구,경기,화성시 효행구,passenger,private,77335,대,승용>자가용,5498,133,0
202604,시군구,경기,화성시 효행구,passenger,total,77845,대,승용>계,5498,133,1
202604,시군구,경기,화성시 효행구,special,private,335,대,특수>자가용,5498,133,0
202604,시군구,경기,화성시 효행구,van,business,564,대,승합>영업용,5498,133,0
202604,시도,경기,,truck,private,707875,대,화물>자가용,5498,134,0
202604,시도,경기,,special,official,653,대,특수>관용,5498,134,0
202604,시도,경기,,truck,total,852967,대,화물>계,5498,134,1
202604,시도,경기,,total,private,6453948,대,총계>자가용,5498,134,1
202604,시도,경기,,van,private,125625,대,승합>자가용,5498,134,0
202604,시도,경기,,special,total,32663,대,특수>계,5498,134,1
202604,시도,경기,,passenger,business,96133,대,승용>영업용,5498,134,0
202604,시도,경기,,truck,official,5807,대,화물>관용,5498,134,0
202604,시도,경기,,special,business,12325,대,특수>영업용,5498,134,0
202604,시도,경기,,total,official,19165,대,총계>관용,5498,134,1
202604,시도,경기,,total,business,280542,대,총계>영업용,5498,134,1
202604,시도,경기,,total,total,6753655,대,총계>계,5498,134,1
202604,시도,경기,,van,official,4074,대,승합>관용,5498,134,0
202604,시도,경기,,truck,business,139285,대,화물>영업용,5498,134,0
202604,시도,경기,,van,total,162498,대,승합>계,5498,134,1
202604,시도,경기,,passenger,official,8631,대,승용>관용,5498,134,0
202604,시도,경기,,passenger,private,5600763,대,승용>자가용,5498,134,0
202604,시도,경기,,passenger,total,5705527,대,승용>계,5498,134,1
202604,시도,경기,,special,private,19685,대,특수>자가용,5498,134,0
202604,시도,경기,,van,business,32799,대,승합>영업용,5498,134,0
202604,시군구,충북,괴산군,truck,private,8024,대,화물>자가용,5498,135,0
202604,시군구,충북,괴산군,special,official,12,대,특수>관용,5498,135,0
202604,시군구,충북,괴산군,truck,total,8392,대,화물>계,5498,135,1
202604,시군구,충북,괴산군,total,private,25504,대,총계>자가용,5498,135,1
202604,시군구,충북,괴산군,van,private,720,대,승합>자가용,5498,135,0
202604,시군구,충북,괴산군,special,total,152,대,특수>계,5498,135,1
202604,시군구,충북,괴산군,passenger,business,136,대,승용>영업용,5498,135,0
202604,시군구,충북,괴산군,truck,official,90,대,화물>관용,5498,135,0
202604,시군구,충북,괴산군,special,business,29,대,특수>영업용,5498,135,0
202604,시군구,충북,괴산군,total,official,238,대,총계>관용,5498,135,1
202604,시군구,충북,괴산군,total,business,500,대,총계>영업용,5498,135,1
202604,시군구,충북,괴산군,total,total,26242,대,총계>계,5498,135,1
202604,시군구,충북,괴산군,van,official,55,대,승합>관용,5498,135,0
202604,시군구,충북,괴산군,truck,business,278,대,화물>영업용,5498,135,0
202604,시군구,충북,괴산군,van,total,832,대,승합>계,5498,135,1
202604,시군구,충북,괴산군,passenger,official,81,대,승용>관용,5498,135,0
202604,시군구,충북,괴산군,passenger,private,16649,대,승용>자가용,5498,135,0
202604,시군구,충북,괴산군,passenger,total,16866,대,승용>계,5498,135,1
202604,시군구,충북,괴산군,special,private,111,대,특수>자가용,5498,135,0
202604,시군구,충북,괴산군,van,business,57,대,승합>영업용,5498,135,0
202604,시군구,충북,단양군,truck,private,4837,대,화물>자가용,5498,136,0
202604,시군구,충북,단양군,special,official,8,대,특수>관용,5498,136,0
202604,시군구,충북,단양군,truck,total,5355,대,화물>계,5498,136,1
202604,시군구,충북,단양군,total,private,16609,대,총계>자가용,5498,136,1
202604,시군구,충북,단양군,van,private,413,대,승합>자가용,5498,136,0
202604,시군구,충북,단양군,special,total,324,대,특수>계,5498,136,1
202604,시군구,충북,단양군,passenger,business,101,대,승용>영업용,5498,136,0
202604,시군구,충북,단양군,truck,official,115,대,화물>관용,5498,136,0
202604,시군구,충북,단양군,special,business,229,대,특수>영업용,5498,136,0
202604,시군구,충북,단양군,total,official,247,대,총계>관용,5498,136,1
202604,시군구,충북,단양군,total,business,814,대,총계>영업용,5498,136,1
202604,시군구,충북,단양군,total,total,17670,대,총계>계,5498,136,1
202604,시군구,충북,단양군,van,official,50,대,승합>관용,5498,136,0
202604,시군구,충북,단양군,truck,business,403,대,화물>영업용,5498,136,0
202604,시군구,충북,단양군,van,total,544,대,승합>계,5498,136,1
202604,시군구,충북,단양군,passenger,official,74,대,승용>관용,5498,136,0
202604,시군구,충북,단양군,passenger,private,11272,대,승용>자가용,5498,136,0
202604,시군구,충북,단양군,passenger,total,11447,대,승용>계,5498,136,1
202604,시군구,충북,단양군,special,private,87,대,특수>자가용,5498,136,0
202604,시군구,충북,단양군,van,business,81,대,승합>영업용,5498,136,0
202604,시군구,충북,보은군,truck,private,6538,대,화물>자가용,5498,137,0
202604,시군구,충북,보은군,special,official,21,대,특수>관용,5498,137,0
202604,시군구,충북,보은군,truck,total,7100,대,화물>계,5498,137,1
202604,시군구,충북,보은군,total,private,20094,대,총계>자가용,5498,137,1
202604,시군구,충북,보은군,van,private,563,대,승합>자가용,5498,137,0
202604,시군구,충북,보은군,special,total,141,대,특수>계,5498,137,1
202604,시군구,충북,보은군,passenger,business,110,대,승용>영업용,5498,137,0
202604,시군구,충북,보은군,truck,official,119,대,화물>관용,5498,137,0
202604,시군구,충북,보은군,special,business,42,대,특수>영업용,5498,137,0
202604,시군구,충북,보은군,total,official,272,대,총계>관용,5498,137,1
202604,시군구,충북,보은군,total,business,681,대,총계>영업용,5498,137,1
202604,시군구,충북,보은군,total,total,21047,대,총계>계,5498,137,1
202604,시군구,충북,보은군,van,official,57,대,승합>관용,5498,137,0
202604,시군구,충북,보은군,truck,business,443,대,화물>영업용,5498,137,0
202604,시군구,충북,보은군,van,total,706,대,승합>계,5498,137,1
202604,시군구,충북,보은군,passenger,official,75,대,승용>관용,5498,137,0
202604,시군구,충북,보은군,passenger,private,12915,대,승용>자가용,5498,137,0
202604,시군구,충북,보은군,passenger,total,13100,대,승용>계,5498,137,1
202604,시군구,충북,보은군,special,private,78,대,특수>자가용,5498,137,0
202604,시군구,충북,보은군,van,business,86,대,승합>영업용,5498,137,0
202604,시군구,충북,영동군,truck,private,8260,대,화물>자가용,5498,138,0
202604,시군구,충북,영동군,special,official,15,대,특수>관용,5498,138,0
202604,시군구,충북,영동군,truck,total,8557,대,화물>계,5498,138,1
202604,시군구,충북,영동군,total,private,27019,대,총계>자가용,5498,138,1
202604,시군구,충북,영동군,van,private,632,대,승합>자가용,5498,138,0
202604,시군구,충북,영동군,special,total,164,대,특수>계,5498,138,1
202604,시군구,충북,영동군,passenger,business,113,대,승용>영업용,5498,138,0
202604,시군구,충북,영동군,truck,official,116,대,화물>관용,5498,138,0
202604,시군구,충북,영동군,special,business,46,대,특수>영업용,5498,138,0
202604,시군구,충북,영동군,total,official,291,대,총계>관용,5498,138,1
202604,시군구,충북,영동군,total,business,435,대,총계>영업용,5498,138,1
202604,시군구,충북,영동군,total,total,27745,대,총계>계,5498,138,1
202604,시군구,충북,영동군,van,official,59,대,승합>관용,5498,138,0
202604,시군구,충북,영동군,truck,business,181,대,화물>영업용,5498,138,0
202604,시군구,충북,영동군,van,total,786,대,승합>계,5498,138,1
202604,시군구,충북,영동군,passenger,official,101,대,승용>관용,5498,138,0
202604,시군구,충북,영동군,passenger,private,18024,대,승용>자가용,5498,138,0
202604,시군구,충북,영동군,passenger,total,18238,대,승용>계,5498,138,1
202604,시군구,충북,영동군,special,private,103,대,특수>자가용,5498,138,0
202604,시군구,충북,영동군,van,business,95,대,승합>영업용,5498,138,0
202604,시군구,충북,옥천군,truck,private,8088,대,화물>자가용,5498,139,0
202604,시군구,충북,옥천군,special,official,11,대,특수>관용,5498,139,0
202604,시군구,충북,옥천군,truck,total,8823,대,화물>계,5498,139,1
202604,시군구,충북,옥천군,total,private,31046,대,총계>자가용,5498,139,1
202604,시군구,충북,옥천군,van,private,775,대,승합>자가용,5498,139,0
202604,시군구,충북,옥천군,special,total,275,대,특수>계,5498,139,1
202604,시군구,충북,옥천군,passenger,business,194,대,승용>영업용,5498,139,0
202604,시군구,충북,옥천군,truck,official,86,대,화물>관용,5498,139,0
202604,시군구,충북,옥천군,special,business,90,대,특수>영업용,5498,139,0
202604,시군구,충북,옥천군,total,official,234,대,총계>관용,5498,139,1
202604,시군구,충북,옥천군,total,business,1029,대,총계>영업용,5498,139,1
202604,시군구,충북,옥천군,total,total,32309,대,총계>계,5498,139,1
202604,시군구,충북,옥천군,van,official,58,대,승합>관용,5498,139,0
202604,시군구,충북,옥천군,truck,business,649,대,화물>영업용,5498,139,0
202604,시군구,충북,옥천군,van,total,929,대,승합>계,5498,139,1
202604,시군구,충북,옥천군,passenger,official,79,대,승용>관용,5498,139,0
202604,시군구,충북,옥천군,passenger,private,22009,대,승용>자가용,5498,139,0
202604,시군구,충북,옥천군,passenger,total,22282,대,승용>계,5498,139,1
202604,시군구,충북,옥천군,special,private,174,대,특수>자가용,5498,139,0
202604,시군구,충북,옥천군,van,business,96,대,승합>영업용,5498,139,0
202604,시군구,충북,음성군,truck,private,14027,대,화물>자가용,5498,140,0
202604,시군구,충북,음성군,special,official,17,대,특수>관용,5498,140,0
202604,시군구,충북,음성군,truck,total,15642,대,화물>계,5498,140,1
202604,시군구,충북,음성군,total,private,68541,대,총계>자가용,5498,140,1
202604,시군구,충북,음성군,van,private,2005,대,승합>자가용,5498,140,0
202604,시군구,충북,음성군,special,total,423,대,특수>계,5498,140,1
202604,시군구,충북,음성군,passenger,business,289,대,승용>영업용,5498,140,0
202604,시군구,충북,음성군,truck,official,113,대,화물>관용,5498,140,0
202604,시군구,충북,음성군,special,business,138,대,특수>영업용,5498,140,0
202604,시군구,충북,음성군,total,official,286,대,총계>관용,5498,140,1
202604,시군구,충북,음성군,total,business,2120,대,총계>영업용,5498,140,1
202604,시군구,충북,음성군,total,total,70947,대,총계>계,5498,140,1
202604,시군구,충북,음성군,van,official,67,대,승합>관용,5498,140,0
202604,시군구,충북,음성군,truck,business,1502,대,화물>영업용,5498,140,0
202604,시군구,충북,음성군,van,total,2263,대,승합>계,5498,140,1
202604,시군구,충북,음성군,passenger,official,89,대,승용>관용,5498,140,0
202604,시군구,충북,음성군,passenger,private,52241,대,승용>자가용,5498,140,0
202604,시군구,충북,음성군,passenger,total,52619,대,승용>계,5498,140,1
202604,시군구,충북,음성군,special,private,268,대,특수>자가용,5498,140,0
202604,시군구,충북,음성군,van,business,191,대,승합>영업용,5498,140,0
202604,시군구,충북,제천시,truck,private,13662,대,화물>자가용,5498,141,0
202604,시군구,충북,제천시,special,official,13,대,특수>관용,5498,141,0
202604,시군구,충북,제천시,truck,total,15453,대,화물>계,5498,141,1
202604,시군구,충북,제천시,total,private,71501,대,총계>자가용,5498,141,1
202604,시군구,충북,제천시,van,private,1564,대,승합>자가용,5498,141,0
202604,시군구,충북,제천시,special,total,1222,대,특수>계,5498,141,1
202604,시군구,충북,제천시,passenger,business,706,대,승용>영업용,5498,141,0
202604,시군구,충북,제천시,truck,official,159,대,화물>관용,5498,141,0
202604,시군구,충북,제천시,special,business,840,대,특수>영업용,5498,141,0
202604,시군구,충북,제천시,total,official,364,대,총계>관용,5498,141,1
202604,시군구,충북,제천시,total,business,3365,대,총계>영업용,5498,141,1
202604,시군구,충북,제천시,total,total,75230,대,총계>계,5498,141,1
202604,시군구,충북,제천시,van,official,79,대,승합>관용,5498,141,0
202604,시군구,충북,제천시,truck,business,1632,대,화물>영업용,5498,141,0
202604,시군구,충북,제천시,van,total,1830,대,승합>계,5498,141,1
202604,시군구,충북,제천시,passenger,official,113,대,승용>관용,5498,141,0
202604,시군구,충북,제천시,passenger,private,55906,대,승용>자가용,5498,141,0
202604,시군구,충북,제천시,passenger,total,56725,대,승용>계,5498,141,1
202604,시군구,충북,제천시,special,private,369,대,특수>자가용,5498,141,0
202604,시군구,충북,제천시,van,business,187,대,승합>영업용,5498,141,0
202604,시군구,충북,증평군,truck,private,3192,대,화물>자가용,5498,142,0
202604,시군구,충북,증평군,special,official,9,대,특수>관용,5498,142,0
202604,시군구,충북,증평군,truck,total,3803,대,화물>계,5498,142,1
202604,시군구,충북,증평군,total,private,21343,대,총계>자가용,5498,142,1
202604,시군구,충북,증평군,van,private,495,대,승합>자가용,5498,142,0
202604,시군구,충북,증평군,special,total,130,대,특수>계,5498,142,1
202604,시군구,충북,증평군,passenger,business,154,대,승용>영업용,5498,142,0
202604,시군구,충북,증평군,truck,official,32,대,화물>관용,5498,142,0
202604,시군구,충북,증평군,special,business,45,대,특수>영업용,5498,142,0
202604,시군구,충북,증평군,total,official,101,대,총계>관용,5498,142,1
202604,시군구,충북,증평군,total,business,814,대,총계>영업용,5498,142,1
202604,시군구,충북,증평군,total,total,22258,대,총계>계,5498,142,1
202604,시군구,충북,증평군,van,official,25,대,승합>관용,5498,142,0
202604,시군구,충북,증평군,truck,business,579,대,화물>영업용,5498,142,0
202604,시군구,충북,증평군,van,total,556,대,승합>계,5498,142,1
202604,시군구,충북,증평군,passenger,official,35,대,승용>관용,5498,142,0
202604,시군구,충북,증평군,passenger,private,17580,대,승용>자가용,5498,142,0
202604,시군구,충북,증평군,passenger,total,17769,대,승용>계,5498,142,1
202604,시군구,충북,증평군,special,private,76,대,특수>자가용,5498,142,0
202604,시군구,충북,증평군,van,business,36,대,승합>영업용,5498,142,0
202604,시군구,충북,진천군,truck,private,9313,대,화물>자가용,5498,143,0
202604,시군구,충북,진천군,special,official,8,대,특수>관용,5498,143,0
202604,시군구,충북,진천군,truck,total,10517,대,화물>계,5498,143,1
202604,시군구,충북,진천군,total,private,57071,대,총계>자가용,5498,143,1
202604,시군구,충북,진천군,van,private,1332,대,승합>자가용,5498,143,0
202604,시군구,충북,진천군,special,total,341,대,특수>계,5498,143,1
202604,시군구,충북,진천군,passenger,business,267,대,승용>영업용,5498,143,0
202604,시군구,충북,진천군,truck,official,86,대,화물>관용,5498,143,0
202604,시군구,충북,진천군,special,business,83,대,특수>영업용,5498,143,0
202604,시군구,충북,진천군,total,official,236,대,총계>관용,5498,143,1
202604,시군구,충북,진천군,total,business,1555,대,총계>영업용,5498,143,1
202604,시군구,충북,진천군,total,total,58862,대,총계>계,5498,143,1
202604,시군구,충북,진천군,van,official,62,대,승합>관용,5498,143,0
202604,시군구,충북,진천군,truck,business,1118,대,화물>영업용,5498,143,0
202604,시군구,충북,진천군,van,total,1481,대,승합>계,5498,143,1
202604,시군구,충북,진천군,passenger,official,80,대,승용>관용,5498,143,0
202604,시군구,충북,진천군,passenger,private,46176,대,승용>자가용,5498,143,0
202604,시군구,충북,진천군,passenger,total,46523,대,승용>계,5498,143,1
202604,시군구,충북,진천군,special,private,250,대,특수>자가용,5498,143,0
202604,시군구,충북,진천군,van,business,87,대,승합>영업용,5498,143,0
202604,시군구,충북,청원군,truck,private,8,대,화물>자가용,5498,144,0
202604,시군구,충북,청원군,special,official,0,대,특수>관용,5498,144,0
202604,시군구,충북,청원군,truck,total,8,대,화물>계,5498,144,1
202604,시군구,충북,청원군,total,private,18,대,총계>자가용,5498,144,1
202604,시군구,충북,청원군,van,private,2,대,승합>자가용,5498,144,0
202604,시군구,충북,청원군,special,total,0,대,특수>계,5498,144,1
202604,시군구,충북,청원군,passenger,business,0,대,승용>영업용,5498,144,0
202604,시군구,충북,청원군,truck,official,0,대,화물>관용,5498,144,0
202604,시군구,충북,청원군,special,business,0,대,특수>영업용,5498,144,0
202604,시군구,충북,청원군,total,official,1,대,총계>관용,5498,144,1
202604,시군구,충북,청원군,total,business,0,대,총계>영업용,5498,144,1
202604,시군구,충북,청원군,total,total,19,대,총계>계,5498,144,1
202604,시군구,충북,청원군,van,official,0,대,승합>관용,5498,144,0
202604,시군구,충북,청원군,truck,business,0,대,화물>영업용,5498,144,0
202604,시군구,충북,청원군,van,total,2,대,승합>계,5498,144,1
202604,시군구,충북,청원군,passenger,official,1,대,승용>관용,5498,144,0
202604,시군구,충북,청원군,passenger,private,8,대,승용>자가용,5498,144,0
202604,시군구,충북,청원군,passenger,total,9,대,승용>계,5498,144,1
202604,시군구,충북,청원군,special,private,0,대,특수>자가용,5498,144,0
202604,시군구,충북,청원군,van,business,0,대,승합>영업용,5498,144,0
202604,시군구,충북,청주시 상당구,truck,private,11888,대,화물>자가용,5498,145,0
202604,시군구,충북,청주시 상당구,special,official,20,대,특수>관용,5498,145,0
202604,시군구,충북,청주시 상당구,truck,total,13249,대,화물>계,5498,145,1
202604,시군구,충북,청주시 상당구,total,private,102210,대,총계>자가용,5498,145,1
202604,시군구,충북,청주시 상당구,van,private,1935,대,승합>자가용,5498,145,0
202604,시군구,충북,청주시 상당구,special,total,687,대,특수>계,5498,145,1
202604,시군구,충북,청주시 상당구,passenger,business,1073,대,승용>영업용,5498,145,0
202604,시군구,충북,청주시 상당구,truck,official,185,대,화물>관용,5498,145,0
202604,시군구,충북,청주시 상당구,special,business,265,대,특수>영업용,5498,145,0
202604,시군구,충북,청주시 상당구,total,official,525,대,총계>관용,5498,145,1
202604,시군구,충북,청주시 상당구,total,business,2837,대,총계>영업용,5498,145,1
202604,시군구,충북,청주시 상당구,total,total,105572,대,총계>계,5498,145,1
202604,시군구,충북,청주시 상당구,van,official,104,대,승합>관용,5498,145,0
202604,시군구,충북,청주시 상당구,truck,business,1176,대,화물>영업용,5498,145,0
202604,시군구,충북,청주시 상당구,van,total,2362,대,승합>계,5498,145,1
202604,시군구,충북,청주시 상당구,passenger,official,216,대,승용>관용,5498,145,0
202604,시군구,충북,청주시 상당구,passenger,private,87985,대,승용>자가용,5498,145,0
202604,시군구,충북,청주시 상당구,passenger,total,89274,대,승용>계,5498,145,1
202604,시군구,충북,청주시 상당구,special,private,402,대,특수>자가용,5498,145,0
202604,시군구,충북,청주시 상당구,van,business,323,대,승합>영업용,5498,145,0
202604,시군구,충북,청주시 서원구,truck,private,10708,대,화물>자가용,5498,146,0
202604,시군구,충북,청주시 서원구,special,official,6,대,특수>관용,5498,146,0
202604,시군구,충북,청주시 서원구,truck,total,12656,대,화물>계,5498,146,1
202604,시군구,충북,청주시 서원구,total,private,96737,대,총계>자가용,5498,146,1
202604,시군구,충북,청주시 서원구,van,private,1857,대,승합>자가용,5498,146,0
202604,시군구,충북,청주시 서원구,special,total,582,대,특수>계,5498,146,1
202604,시군구,충북,청주시 서원구,passenger,business,1442,대,승용>영업용,5498,146,0
202604,시군구,충북,청주시 서원구,truck,official,65,대,화물>관용,5498,146,0
202604,시군구,충북,청주시 서원구,special,business,234,대,특수>영업용,5498,146,0
202604,시군구,충북,청주시 서원구,total,official,279,대,총계>관용,5498,146,1
202604,시군구,충북,청주시 서원구,total,business,4394,대,총계>영업용,5498,146,1
202604,시군구,충북,청주시 서원구,total,total,101410,대,총계>계,5498,146,1
202604,시군구,충북,청주시 서원구,van,official,132,대,승합>관용,5498,146,0
202604,시군구,충북,청주시 서원구,truck,business,1883,대,화물>영업용,5498,146,0
202604,시군구,충북,청주시 서원구,van,total,2824,대,승합>계,5498,146,1
202604,시군구,충북,청주시 서원구,passenger,official,76,대,승용>관용,5498,146,0
202604,시군구,충북,청주시 서원구,passenger,private,83830,대,승용>자가용,5498,146,0
202604,시군구,충북,청주시 서원구,passenger,total,85348,대,승용>계,5498,146,1
202604,시군구,충북,청주시 서원구,special,private,342,대,특수>자가용,5498,146,0
202604,시군구,충북,청주시 서원구,van,business,835,대,승합>영업용,5498,146,0
202604,시군구,충북,청주시 청원구,truck,private,14460,대,화물>자가용,5498,147,0
202604,시군구,충북,청주시 청원구,special,official,6,대,특수>관용,5498,147,0
202604,시군구,충북,청주시 청원구,truck,total,16701,대,화물>계,5498,147,1
202604,시군구,충북,청주시 청원구,total,private,109211,대,총계>자가용,5498,147,1
202604,시군구,충북,청주시 청원구,van,private,2168,대,승합>자가용,5498,147,0
202604,시군구,충북,청주시 청원구,special,total,629,대,특수>계,5498,147,1
202604,시군구,충북,청주시 청원구,passenger,business,2734,대,승용>영업용,5498,147,0
202604,시군구,충북,청주시 청원구,truck,official,132,대,화물>관용,5498,147,0
202604,시군구,충북,청주시 청원구,special,business,195,대,특수>영업용,5498,147,0
202604,시군구,충북,청주시 청원구,total,official,430,대,총계>관용,5498,147,1
202604,시군구,충북,청주시 청원구,total,business,5618,대,총계>영업용,5498,147,1
202604,시군구,충북,청주시 청원구,total,total,115259,대,총계>계,5498,147,1
202604,시군구,충북,청주시 청원구,van,official,115,대,승합>관용,5498,147,0
202604,시군구,충북,청주시 청원구,truck,business,2109,대,화물>영업용,5498,147,0
202604,시군구,충북,청주시 청원구,van,total,2863,대,승합>계,5498,147,1
202604,시군구,충북,청주시 청원구,passenger,official,177,대,승용>관용,5498,147,0
202604,시군구,충북,청주시 청원구,passenger,private,92155,대,승용>자가용,5498,147,0
202604,시군구,충북,청주시 청원구,passenger,total,95066,대,승용>계,5498,147,1
202604,시군구,충북,청주시 청원구,special,private,428,대,특수>자가용,5498,147,0
202604,시군구,충북,청주시 청원구,van,business,580,대,승합>영업용,5498,147,0
202604,시군구,충북,청주시 흥덕구,truck,private,15892,대,화물>자가용,5498,148,0
202604,시군구,충북,청주시 흥덕구,special,official,13,대,특수>관용,5498,148,0
202604,시군구,충북,청주시 흥덕구,truck,total,18566,대,화물>계,5498,148,1
202604,시군구,충북,청주시 흥덕구,total,private,156191,대,총계>자가용,5498,148,1
202604,시군구,충북,청주시 흥덕구,van,private,2740,대,승합>자가용,5498,148,0
202604,시군구,충북,청주시 흥덕구,special,total,976,대,특수>계,5498,148,1
202604,시군구,충북,청주시 흥덕구,passenger,business,3577,대,승용>영업용,5498,148,0
202604,시군구,충북,청주시 흥덕구,truck,official,140,대,화물>관용,5498,148,0
202604,시군구,충북,청주시 흥덕구,special,business,380,대,특수>영업용,5498,148,0
202604,시군구,충북,청주시 흥덕구,total,official,383,대,총계>관용,5498,148,1
202604,시군구,충북,청주시 흥덕구,total,business,7234,대,총계>영업용,5498,148,1
202604,시군구,충북,청주시 흥덕구,total,total,163808,대,총계>계,5498,148,1
202604,시군구,충북,청주시 흥덕구,van,official,87,대,승합>관용,5498,148,0
202604,시군구,충북,청주시 흥덕구,truck,business,2534,대,화물>영업용,5498,148,0
202604,시군구,충북,청주시 흥덕구,van,total,3570,대,승합>계,5498,148,1
202604,시군구,충북,청주시 흥덕구,passenger,official,143,대,승용>관용,5498,148,0
202604,시군구,충북,청주시 흥덕구,passenger,private,136976,대,승용>자가용,5498,148,0
202604,시군구,충북,청주시 흥덕구,passenger,total,140696,대,승용>계,5498,148,1
202604,시군구,충북,청주시 흥덕구,special,private,583,대,특수>자가용,5498,148,0
202604,시군구,충북,청주시 흥덕구,van,business,743,대,승합>영업용,5498,148,0
202604,시군구,충북,충주시,truck,private,19801,대,화물>자가용,5498,149,0
202604,시군구,충북,충주시,special,official,32,대,특수>관용,5498,149,0
202604,시군구,충북,충주시,truck,total,21835,대,화물>계,5498,149,1
202604,시군구,충북,충주시,total,private,119893,대,총계>자가용,5498,149,1
202604,시군구,충북,충주시,van,private,2621,대,승합>자가용,5498,149,0
202604,시군구,충북,충주시,special,total,804,대,특수>계,5498,149,1
202604,시군구,충북,충주시,passenger,business,1250,대,승용>영업용,5498,149,0
202604,시군구,충북,충주시,truck,official,257,대,화물>관용,5498,149,0
202604,시군구,충북,충주시,special,business,287,대,특수>영업용,5498,149,0
202604,시군구,충북,충주시,total,official,644,대,총계>관용,5498,149,1
202604,시군구,충북,충주시,total,business,3717,대,총계>영업용,5498,149,1
202604,시군구,충북,충주시,total,total,124254,대,총계>계,5498,149,1
202604,시군구,충북,충주시,van,official,140,대,승합>관용,5498,149,0
202604,시군구,충북,충주시,truck,business,1777,대,화물>영업용,5498,149,0
202604,시군구,충북,충주시,van,total,3164,대,승합>계,5498,149,1
202604,시군구,충북,충주시,passenger,official,215,대,승용>관용,5498,149,0
202604,시군구,충북,충주시,passenger,private,96986,대,승용>자가용,5498,149,0
202604,시군구,충북,충주시,passenger,total,98451,대,승용>계,5498,149,1
202604,시군구,충북,충주시,special,private,485,대,특수>자가용,5498,149,0
202604,시군구,충북,충주시,van,business,403,대,승합>영업용,5498,149,0
202604,시도,충북,,truck,private,148698,대,화물>자가용,5498,150,0
202604,시도,충북,,special,official,191,대,특수>관용,5498,150,0
202604,시도,충북,,truck,total,166657,대,화물>계,5498,150,1
202604,시도,충북,,total,private,922988,대,총계>자가용,5498,150,1
202604,시도,충북,,van,private,19822,대,승합>자가용,5498,150,0
202604,시도,충북,,special,total,6850,대,특수>계,5498,150,1
202604,시도,충북,,passenger,business,12146,대,승용>영업용,5498,150,0
202604,시도,충북,,truck,official,1695,대,화물>관용,5498,150,0
202604,시도,충북,,special,business,2903,대,특수>영업용,5498,150,0
202604,시도,충북,,total,official,4531,대,총계>관용,5498,150,1
202604,시도,충북,,total,business,35113,대,총계>영업용,5498,150,1
202604,시도,충북,,total,total,962632,대,총계>계,5498,150,1
202604,시도,충북,,van,official,1090,대,승합>관용,5498,150,0
202604,시도,충북,,truck,business,16264,대,화물>영업용,5498,150,0
202604,시도,충북,,van,total,24712,대,승합>계,5498,150,1
202604,시도,충북,,passenger,official,1555,대,승용>관용,5498,150,0
202604,시도,충북,,passenger,private,750712,대,승용>자가용,5498,150,0
202604,시도,충북,,passenger,total,764413,대,승용>계,5498,150,1
202604,시도,충북,,special,private,3756,대,특수>자가용,5498,150,0
202604,시도,충북,,van,business,3800,대,승합>영업용,5498,150,0
202604,시군구,충남,계룡시,truck,private,2216,대,화물>자가용,5498,151,0
202604,시군구,충남,계룡시,special,official,9,대,특수>관용,5498,151,0
202604,시군구,충남,계룡시,truck,total,2714,대,화물>계,5498,151,1
202604,시군구,충남,계룡시,total,private,26404,대,총계>자가용,5498,151,1
202604,시군구,충남,계룡시,van,private,508,대,승합>자가용,5498,151,0
202604,시군구,충남,계룡시,special,total,143,대,특수>계,5498,151,1
202604,시군구,충남,계룡시,passenger,business,64,대,승용>영업용,5498,151,0
202604,시군구,충남,계룡시,truck,official,60,대,화물>관용,5498,151,0
202604,시군구,충남,계룡시,special,business,35,대,특수>영업용,5498,151,0
202604,시군구,충남,계룡시,total,official,187,대,총계>관용,5498,151,1
202604,시군구,충남,계룡시,total,business,635,대,총계>영업용,5498,151,1
202604,시군구,충남,계룡시,total,total,27226,대,총계>계,5498,151,1
202604,시군구,충남,계룡시,van,official,37,대,승합>관용,5498,151,0
202604,시군구,충남,계룡시,truck,business,438,대,화물>영업용,5498,151,0
202604,시군구,충남,계룡시,van,total,643,대,승합>계,5498,151,1
202604,시군구,충남,계룡시,passenger,official,81,대,승용>관용,5498,151,0
202604,시군구,충남,계룡시,passenger,private,23581,대,승용>자가용,5498,151,0
202604,시군구,충남,계룡시,passenger,total,23726,대,승용>계,5498,151,1
202604,시군구,충남,계룡시,special,private,99,대,특수>자가용,5498,151,0
202604,시군구,충남,계룡시,van,business,98,대,승합>영업용,5498,151,0
202604,시군구,충남,공주시,truck,private,12878,대,화물>자가용,5498,152,0
202604,시군구,충남,공주시,special,official,31,대,특수>관용,5498,152,0
202604,시군구,충남,공주시,truck,total,13794,대,화물>계,5498,152,1
202604,시군구,충남,공주시,total,private,57535,대,총계>자가용,5498,152,1
202604,시군구,충남,공주시,van,private,1437,대,승합>자가용,5498,152,0
202604,시군구,충남,공주시,special,total,402,대,특수>계,5498,152,1
202604,시군구,충남,공주시,passenger,business,1306,대,승용>영업용,5498,152,0
202604,시군구,충남,공주시,truck,official,250,대,화물>관용,5498,152,0
202604,시군구,충남,공주시,special,business,133,대,특수>영업용,5498,152,0
202604,시군구,충남,공주시,total,official,631,대,총계>관용,5498,152,1
202604,시군구,충남,공주시,total,business,2493,대,총계>영업용,5498,152,1
202604,시군구,충남,공주시,total,total,60659,대,총계>계,5498,152,1
202604,시군구,충남,공주시,van,official,119,대,승합>관용,5498,152,0
202604,시군구,충남,공주시,truck,business,666,대,화물>영업용,5498,152,0
202604,시군구,충남,공주시,van,total,1944,대,승합>계,5498,152,1
202604,시군구,충남,공주시,passenger,official,231,대,승용>관용,5498,152,0
202604,시군구,충남,공주시,passenger,private,42982,대,승용>자가용,5498,152,0
202604,시군구,충남,공주시,passenger,total,44519,대,승용>계,5498,152,1
202604,시군구,충남,공주시,special,private,238,대,특수>자가용,5498,152,0
202604,시군구,충남,공주시,van,business,388,대,승합>영업용,5498,152,0
202604,시군구,충남,금산군,truck,private,8585,대,화물>자가용,5498,153,0
202604,시군구,충남,금산군,special,official,10,대,특수>관용,5498,153,0
202604,시군구,충남,금산군,truck,total,9261,대,화물>계,5498,153,1
202604,시군구,충남,금산군,total,private,30868,대,총계>자가용,5498,153,1
202604,시군구,충남,금산군,van,private,915,대,승합>자가용,5498,153,0
202604,시군구,충남,금산군,special,total,236,대,특수>계,5498,153,1
202604,시군구,충남,금산군,passenger,business,3394,대,승용>영업용,5498,153,0
202604,시군구,충남,금산군,truck,official,94,대,화물>관용,5498,153,0
202604,시군구,충남,금산군,special,business,77,대,특수>영업용,5498,153,0
202604,시군구,충남,금산군,total,official,225,대,총계>관용,5498,153,1
202604,시군구,충남,금산군,total,business,4277,대,총계>영업용,5498,153,1
202604,시군구,충남,금산군,total,total,35370,대,총계>계,5498,153,1
202604,시군구,충남,금산군,van,official,42,대,승합>관용,5498,153,0
202604,시군구,충남,금산군,truck,business,582,대,화물>영업용,5498,153,0
202604,시군구,충남,금산군,van,total,1181,대,승합>계,5498,153,1
202604,시군구,충남,금산군,passenger,official,79,대,승용>관용,5498,153,0
202604,시군구,충남,금산군,passenger,private,21219,대,승용>자가용,5498,153,0
202604,시군구,충남,금산군,passenger,total,24692,대,승용>계,5498,153,1
202604,시군구,충남,금산군,special,private,149,대,특수>자가용,5498,153,0
202604,시군구,충남,금산군,van,business,224,대,승합>영업용,5498,153,0
202604,시군구,충남,논산시,truck,private,15273,대,화물>자가용,5498,154,0
202604,시군구,충남,논산시,special,official,30,대,특수>관용,5498,154,0
202604,시군구,충남,논산시,truck,total,16487,대,화물>계,5498,154,1
202604,시군구,충남,논산시,total,private,63863,대,총계>자가용,5498,154,1
202604,시군구,충남,논산시,van,private,1906,대,승합>자가용,5498,154,0
202604,시군구,충남,논산시,special,total,389,대,특수>계,5498,154,1
202604,시군구,충남,논산시,passenger,business,855,대,승용>영업용,5498,154,0
202604,시군구,충남,논산시,truck,official,149,대,화물>관용,5498,154,0
202604,시군구,충남,논산시,special,business,100,대,특수>영업용,5498,154,0
202604,시군구,충남,논산시,total,official,422,대,총계>관용,5498,154,1
202604,시군구,충남,논산시,total,business,2345,대,총계>영업용,5498,154,1
202604,시군구,충남,논산시,total,total,66630,대,총계>계,5498,154,1
202604,시군구,충남,논산시,van,official,87,대,승합>관용,5498,154,0
202604,시군구,충남,논산시,truck,business,1065,대,화물>영업용,5498,154,0
202604,시군구,충남,논산시,van,total,2318,대,승합>계,5498,154,1
202604,시군구,충남,논산시,passenger,official,156,대,승용>관용,5498,154,0
202604,시군구,충남,논산시,passenger,private,46425,대,승용>자가용,5498,154,0
202604,시군구,충남,논산시,passenger,total,47436,대,승용>계,5498,154,1
202604,시군구,충남,논산시,special,private,259,대,특수>자가용,5498,154,0
202604,시군구,충남,논산시,van,business,325,대,승합>영업용,5498,154,0
202604,시군구,충남,당진시,truck,private,19484,대,화물>자가용,5498,155,0
202604,시군구,충남,당진시,special,official,16,대,특수>관용,5498,155,0
202604,시군구,충남,당진시,truck,total,22027,대,화물>계,5498,155,1
202604,시군구,충남,당진시,total,private,111244,대,총계>자가용,5498,155,1
202604,시군구,충남,당진시,van,private,2219,대,승합>자가용,5498,155,0
202604,시군구,충남,당진시,special,total,1337,대,특수>계,5498,155,1
202604,시군구,충남,당진시,passenger,business,829,대,승용>영업용,5498,155,0
202604,시군구,충남,당진시,truck,official,195,대,화물>관용,5498,155,0
202604,시군구,충남,당진시,special,business,794,대,특수>영업용,5498,155,0
202604,시군구,충남,당진시,total,official,435,대,총계>관용,5498,155,1
202604,시군구,충남,당진시,total,business,4303,대,총계>영업용,5498,155,1
202604,시군구,충남,당진시,total,total,115982,대,총계>계,5498,155,1
202604,시군구,충남,당진시,van,official,72,대,승합>관용,5498,155,0
202604,시군구,충남,당진시,truck,business,2348,대,화물>영업용,5498,155,0
202604,시군구,충남,당진시,van,total,2623,대,승합>계,5498,155,1
202604,시군구,충남,당진시,passenger,official,152,대,승용>관용,5498,155,0
202604,시군구,충남,당진시,passenger,private,89014,대,승용>자가용,5498,155,0
202604,시군구,충남,당진시,passenger,total,89995,대,승용>계,5498,155,1
202604,시군구,충남,당진시,special,private,527,대,특수>자가용,5498,155,0
202604,시군구,충남,당진시,van,business,332,대,승합>영업용,5498,155,0
202604,시군구,충남,보령시,truck,private,12792,대,화물>자가용,5498,156,0
202604,시군구,충남,보령시,special,official,36,대,특수>관용,5498,156,0
202604,시군구,충남,보령시,truck,total,13485,대,화물>계,5498,156,1
202604,시군구,충남,보령시,total,private,54731,대,총계>자가용,5498,156,1
202604,시군구,충남,보령시,van,private,1270,대,승합>자가용,5498,156,0
202604,시군구,충남,보령시,special,total,363,대,특수>계,5498,156,1
202604,시군구,충남,보령시,passenger,business,542,대,승용>영업용,5498,156,0
202604,시군구,충남,보령시,truck,official,187,대,화물>관용,5498,156,0
202604,시군구,충남,보령시,special,business,123,대,특수>영업용,5498,156,0
202604,시군구,충남,보령시,total,official,435,대,총계>관용,5498,156,1
202604,시군구,충남,보령시,total,business,1348,대,총계>영업용,5498,156,1
202604,시군구,충남,보령시,total,total,56514,대,총계>계,5498,156,1
202604,시군구,충남,보령시,van,official,68,대,승합>관용,5498,156,0
202604,시군구,충남,보령시,truck,business,506,대,화물>영업용,5498,156,0
202604,시군구,충남,보령시,van,total,1515,대,승합>계,5498,156,1
202604,시군구,충남,보령시,passenger,official,144,대,승용>관용,5498,156,0
202604,시군구,충남,보령시,passenger,private,40465,대,승용>자가용,5498,156,0
202604,시군구,충남,보령시,passenger,total,41151,대,승용>계,5498,156,1
202604,시군구,충남,보령시,special,private,204,대,특수>자가용,5498,156,0
202604,시군구,충남,보령시,van,business,177,대,승합>영업용,5498,156,0
202604,시군구,충남,부여군,truck,private,11283,대,화물>자가용,5498,157,0
202604,시군구,충남,부여군,special,official,17,대,특수>관용,5498,157,0
202604,시군구,충남,부여군,truck,total,11838,대,화물>계,5498,157,1
202604,시군구,충남,부여군,total,private,35814,대,총계>자가용,5498,157,1
202604,시군구,충남,부여군,van,private,991,대,승합>자가용,5498,157,0
202604,시군구,충남,부여군,special,total,185,대,특수>계,5498,157,1
202604,시군구,충남,부여군,passenger,business,179,대,승용>영업용,5498,157,0
202604,시군구,충남,부여군,truck,official,160,대,화물>관용,5498,157,0
202604,시군구,충남,부여군,special,business,56,대,특수>영업용,5498,157,0
202604,시군구,충남,부여군,total,official,362,대,총계>관용,5498,157,1
202604,시군구,충남,부여군,total,business,944,대,총계>영업용,5498,157,1
202604,시군구,충남,부여군,total,total,37120,대,총계>계,5498,157,1
202604,시군구,충남,부여군,van,official,76,대,승합>관용,5498,157,0
202604,시군구,충남,부여군,truck,business,395,대,화물>영업용,5498,157,0
202604,시군구,충남,부여군,van,total,1381,대,승합>계,5498,157,1
202604,시군구,충남,부여군,passenger,official,109,대,승용>관용,5498,157,0
202604,시군구,충남,부여군,passenger,private,23428,대,승용>자가용,5498,157,0
202604,시군구,충남,부여군,passenger,total,23716,대,승용>계,5498,157,1
202604,시군구,충남,부여군,special,private,112,대,특수>자가용,5498,157,0
202604,시군구,충남,부여군,van,business,314,대,승합>영업용,5498,157,0
202604,시군구,충남,서산시,truck,private,19089,대,화물>자가용,5498,158,0
202604,시군구,충남,서산시,special,official,25,대,특수>관용,5498,158,0
202604,시군구,충남,서산시,truck,total,21163,대,화물>계,5498,158,1
202604,시군구,충남,서산시,total,private,104354,대,총계>자가용,5498,158,1
202604,시군구,충남,서산시,van,private,2245,대,승합>자가용,5498,158,0
202604,시군구,충남,서산시,special,total,916,대,특수>계,5498,158,1
202604,시군구,충남,서산시,passenger,business,793,대,승용>영업용,5498,158,0
202604,시군구,충남,서산시,truck,official,169,대,화물>관용,5498,158,0
202604,시군구,충남,서산시,special,business,448,대,특수>영업용,5498,158,0
202604,시군구,충남,서산시,total,official,469,대,총계>관용,5498,158,1
202604,시군구,충남,서산시,total,business,3631,대,총계>영업용,5498,158,1
202604,시군구,충남,서산시,total,total,108454,대,총계>계,5498,158,1
202604,시군구,충남,서산시,van,official,86,대,승합>관용,5498,158,0
202604,시군구,충남,서산시,truck,business,1905,대,화물>영업용,5498,158,0
202604,시군구,충남,서산시,van,total,2816,대,승합>계,5498,158,1
202604,시군구,충남,서산시,passenger,official,189,대,승용>관용,5498,158,0
202604,시군구,충남,서산시,passenger,private,82577,대,승용>자가용,5498,158,0
202604,시군구,충남,서산시,passenger,total,83559,대,승용>계,5498,158,1
202604,시군구,충남,서산시,special,private,443,대,특수>자가용,5498,158,0
202604,시군구,충남,서산시,van,business,485,대,승합>영업용,5498,158,0
202604,시군구,충남,서천군,truck,private,7738,대,화물>자가용,5498,159,0
202604,시군구,충남,서천군,special,official,16,대,특수>관용,5498,159,0
202604,시군구,충남,서천군,truck,total,8273,대,화물>계,5498,159,1
202604,시군구,충남,서천군,total,private,28323,대,총계>자가용,5498,159,1
202604,시군구,충남,서천군,van,private,649,대,승합>자가용,5498,159,0
202604,시군구,충남,서천군,special,total,191,대,특수>계,5498,159,1
202604,시군구,충남,서천군,passenger,business,143,대,승용>영업용,5498,159,0
202604,시군구,충남,서천군,truck,official,105,대,화물>관용,5498,159,0
202604,시군구,충남,서천군,special,business,81,대,특수>영업용,5498,159,0
202604,시군구,충남,서천군,total,official,239,대,총계>관용,5498,159,1
202604,시군구,충남,서천군,total,business,766,대,총계>영업용,5498,159,1
202604,시군구,충남,서천군,total,total,29328,대,총계>계,5498,159,1
202604,시군구,충남,서천군,van,official,38,대,승합>관용,5498,159,0
202604,시군구,충남,서천군,truck,business,430,대,화물>영업용,5498,159,0
202604,시군구,충남,서천군,van,total,799,대,승합>계,5498,159,1
202604,시군구,충남,서천군,passenger,official,80,대,승용>관용,5498,159,0
202604,시군구,충남,서천군,passenger,private,19842,대,승용>자가용,5498,159,0
202604,시군구,충남,서천군,passenger,total,20065,대,승용>계,5498,159,1
202604,시군구,충남,서천군,special,private,94,대,특수>자가용,5498,159,0
202604,시군구,충남,서천군,van,business,112,대,승합>영업용,5498,159,0
202604,시군구,충남,아산시,truck,private,24394,대,화물>자가용,5498,160,0
202604,시군구,충남,아산시,special,official,55,대,특수>관용,5498,160,0
202604,시군구,충남,아산시,truck,total,28409,대,화물>계,5498,160,1
202604,시군구,충남,아산시,total,private,211135,대,총계>자가용,5498,160,1
202604,시군구,충남,아산시,van,private,4206,대,승합>자가용,5498,160,0
202604,시군구,충남,아산시,special,total,1183,대,특수>계,5498,160,1
202604,시군구,충남,아산시,passenger,business,1849,대,승용>영업용,5498,160,0
202604,시군구,충남,아산시,truck,official,199,대,화물>관용,5498,160,0
202604,시군구,충남,아산시,special,business,355,대,특수>영업용,5498,160,0
202604,시군구,충남,아산시,total,official,607,대,총계>관용,5498,160,1
202604,시군구,충남,아산시,total,business,6538,대,총계>영업용,5498,160,1
202604,시군구,충남,아산시,total,total,218280,대,총계>계,5498,160,1
202604,시군구,충남,아산시,van,official,129,대,승합>관용,5498,160,0
202604,시군구,충남,아산시,truck,business,3816,대,화물>영업용,5498,160,0
202604,시군구,충남,아산시,van,total,4853,대,승합>계,5498,160,1
202604,시군구,충남,아산시,passenger,official,224,대,승용>관용,5498,160,0
202604,시군구,충남,아산시,passenger,private,181762,대,승용>자가용,5498,160,0
202604,시군구,충남,아산시,passenger,total,183835,대,승용>계,5498,160,1
202604,시군구,충남,아산시,special,private,773,대,특수>자가용,5498,160,0
202604,시군구,충남,아산시,van,business,518,대,승합>영업용,5498,160,0
202604,시군구,충남,예산군,truck,private,11566,대,화물>자가용,5498,161,0
202604,시군구,충남,예산군,special,official,15,대,특수>관용,5498,161,0
202604,시군구,충남,예산군,truck,total,12498,대,화물>계,5498,161,1
202604,시군구,충남,예산군,total,private,49075,대,총계>자가용,5498,161,1
202604,시군구,충남,예산군,van,private,1293,대,승합>자가용,5498,161,0
202604,시군구,충남,예산군,special,total,365,대,특수>계,5498,161,1
202604,시군구,충남,예산군,passenger,business,277,대,승용>영업용,5498,161,0
202604,시군구,충남,예산군,truck,official,179,대,화물>관용,5498,161,0
202604,시군구,충남,예산군,special,business,124,대,특수>영업용,5498,161,0
202604,시군구,충남,예산군,total,official,466,대,총계>관용,5498,161,1
202604,시군구,충남,예산군,total,business,1463,대,총계>영업용,5498,161,1
202604,시군구,충남,예산군,total,total,51004,대,총계>계,5498,161,1
202604,시군구,충남,예산군,van,official,110,대,승합>관용,5498,161,0
202604,시군구,충남,예산군,truck,business,753,대,화물>영업용,5498,161,0
202604,시군구,충남,예산군,van,total,1712,대,승합>계,5498,161,1
202604,시군구,충남,예산군,passenger,official,162,대,승용>관용,5498,161,0
202604,시군구,충남,예산군,passenger,private,35990,대,승용>자가용,5498,161,0
202604,시군구,충남,예산군,passenger,total,36429,대,승용>계,5498,161,1
202604,시군구,충남,예산군,special,private,226,대,특수>자가용,5498,161,0
202604,시군구,충남,예산군,van,business,309,대,승합>영업용,5498,161,0
202604,시군구,충남,천안시 동남구,truck,private,19536,대,화물>자가용,5498,162,0
202604,시군구,충남,천안시 동남구,special,official,16,대,특수>관용,5498,162,0
202604,시군구,충남,천안시 동남구,truck,total,22693,대,화물>계,5498,162,1
202604,시군구,충남,천안시 동남구,total,private,146471,대,총계>자가용,5498,162,1
202604,시군구,충남,천안시 동남구,van,private,3415,대,승합>자가용,5498,162,0
202604,시군구,충남,천안시 동남구,special,total,1073,대,특수>계,5498,162,1
202604,시군구,충남,천안시 동남구,passenger,business,2103,대,승용>영업용,5498,162,0
202604,시군구,충남,천안시 동남구,truck,official,131,대,화물>관용,5498,162,0
202604,시군구,충남,천안시 동남구,special,business,392,대,특수>영업용,5498,162,0
202604,시군구,충남,천안시 동남구,total,official,315,대,총계>관용,5498,162,1
202604,시군구,충남,천안시 동남구,total,business,6235,대,총계>영업용,5498,162,1
202604,시군구,충남,천안시 동남구,total,total,153021,대,총계>계,5498,162,1
202604,시군구,충남,천안시 동남구,van,official,58,대,승합>관용,5498,162,0
202604,시군구,충남,천안시 동남구,truck,business,3026,대,화물>영업용,5498,162,0
202604,시군구,충남,천안시 동남구,van,total,4187,대,승합>계,5498,162,1
202604,시군구,충남,천안시 동남구,passenger,official,110,대,승용>관용,5498,162,0
202604,시군구,충남,천안시 동남구,passenger,private,122855,대,승용>자가용,5498,162,0
202604,시군구,충남,천안시 동남구,passenger,total,125068,대,승용>계,5498,162,1
202604,시군구,충남,천안시 동남구,special,private,665,대,특수>자가용,5498,162,0
202604,시군구,충남,천안시 동남구,van,business,714,대,승합>영업용,5498,162,0
202604,시군구,충남,천안시 서북구,truck,private,20849,대,화물>자가용,5498,163,0
202604,시군구,충남,천안시 서북구,special,official,21,대,특수>관용,5498,163,0
202604,시군구,충남,천안시 서북구,truck,total,23776,대,화물>계,5498,163,1
202604,시군구,충남,천안시 서북구,total,private,212767,대,총계>자가용,5498,163,1
202604,시군구,충남,천안시 서북구,van,private,3970,대,승합>자가용,5498,163,0
202604,시군구,충남,천안시 서북구,special,total,1025,대,특수>계,5498,163,1
202604,시군구,충남,천안시 서북구,passenger,business,1551,대,승용>영업용,5498,163,0
202604,시군구,충남,천안시 서북구,truck,official,224,대,화물>관용,5498,163,0
202604,시군구,충남,천안시 서북구,special,business,318,대,특수>영업용,5498,163,0
202604,시군구,충남,천안시 서북구,total,official,563,대,총계>관용,5498,163,1
202604,시군구,충남,천안시 서북구,total,business,5470,대,총계>영업용,5498,163,1
202604,시군구,충남,천안시 서북구,total,total,218800,대,총계>계,5498,163,1
202604,시군구,충남,천안시 서북구,van,official,154,대,승합>관용,5498,163,0
202604,시군구,충남,천안시 서북구,truck,business,2703,대,화물>영업용,5498,163,0
202604,시군구,충남,천안시 서북구,van,total,5022,대,승합>계,5498,163,1
202604,시군구,충남,천안시 서북구,passenger,official,164,대,승용>관용,5498,163,0
202604,시군구,충남,천안시 서북구,passenger,private,187262,대,승용>자가용,5498,163,0
202604,시군구,충남,천안시 서북구,passenger,total,188977,대,승용>계,5498,163,1
202604,시군구,충남,천안시 서북구,special,private,686,대,특수>자가용,5498,163,0
202604,시군구,충남,천안시 서북구,van,business,898,대,승합>영업용,5498,163,0
202604,시군구,충남,청양군,truck,private,6120,대,화물>자가용,5498,164,0
202604,시군구,충남,청양군,special,official,18,대,특수>관용,5498,164,0
202604,시군구,충남,청양군,truck,total,6782,대,화물>계,5498,164,1
202604,시군구,충남,청양군,total,private,18875,대,총계>자가용,5498,164,1
202604,시군구,충남,청양군,van,private,417,대,승합>자가용,5498,164,0
202604,시군구,충남,청양군,special,total,168,대,특수>계,5498,164,1
202604,시군구,충남,청양군,passenger,business,63,대,승용>영업용,5498,164,0
202604,시군구,충남,청양군,truck,official,131,대,화물>관용,5498,164,0
202604,시군구,충남,청양군,special,business,66,대,특수>영업용,5498,164,0
202604,시군구,충남,청양군,total,official,307,대,총계>관용,5498,164,1
202604,시군구,충남,청양군,total,business,721,대,총계>영업용,5498,164,1
202604,시군구,충남,청양군,total,total,19903,대,총계>계,5498,164,1
202604,시군구,충남,청양군,van,official,61,대,승합>관용,5498,164,0
202604,시군구,충남,청양군,truck,business,531,대,화물>영업용,5498,164,0
202604,시군구,충남,청양군,van,total,539,대,승합>계,5498,164,1
202604,시군구,충남,청양군,passenger,official,97,대,승용>관용,5498,164,0
202604,시군구,충남,청양군,passenger,private,12254,대,승용>자가용,5498,164,0
202604,시군구,충남,청양군,passenger,total,12414,대,승용>계,5498,164,1
202604,시군구,충남,청양군,special,private,84,대,특수>자가용,5498,164,0
202604,시군구,충남,청양군,van,business,61,대,승합>영업용,5498,164,0
202604,시군구,충남,태안군,truck,private,10848,대,화물>자가용,5498,165,0
202604,시군구,충남,태안군,special,official,19,대,특수>관용,5498,165,0
202604,시군구,충남,태안군,truck,total,11300,대,화물>계,5498,165,1
202604,시군구,충남,태안군,total,private,36852,대,총계>자가용,5498,165,1
202604,시군구,충남,태안군,van,private,911,대,승합>자가용,5498,165,0
202604,시군구,충남,태안군,special,total,213,대,특수>계,5498,165,1
202604,시군구,충남,태안군,passenger,business,184,대,승용>영업용,5498,165,0
202604,시군구,충남,태안군,truck,official,194,대,화물>관용,5498,165,0
202604,시군구,충남,태안군,special,business,47,대,특수>영업용,5498,165,0
202604,시군구,충남,태안군,total,official,344,대,총계>관용,5498,165,1
202604,시군구,충남,태안군,total,business,608,대,총계>영업용,5498,165,1
202604,시군구,충남,태안군,total,total,37804,대,총계>계,5498,165,1
202604,시군구,충남,태안군,van,official,43,대,승합>관용,5498,165,0
202604,시군구,충남,태안군,truck,business,258,대,화물>영업용,5498,165,0
202604,시군구,충남,태안군,van,total,1073,대,승합>계,5498,165,1
202604,시군구,충남,태안군,passenger,official,88,대,승용>관용,5498,165,0
202604,시군구,충남,태안군,passenger,private,24946,대,승용>자가용,5498,165,0
202604,시군구,충남,태안군,passenger,total,25218,대,승용>계,5498,165,1
202604,시군구,충남,태안군,special,private,147,대,특수>자가용,5498,165,0
202604,시군구,충남,태안군,van,business,119,대,승합>영업용,5498,165,0
202604,시군구,충남,홍성군,truck,private,12358,대,화물>자가용,5498,166,0
202604,시군구,충남,홍성군,special,official,29,대,특수>관용,5498,166,0
202604,시군구,충남,홍성군,truck,total,13296,대,화물>계,5498,166,1
202604,시군구,충남,홍성군,total,private,59413,대,총계>자가용,5498,166,1
202604,시군구,충남,홍성군,van,private,1290,대,승합>자가용,5498,166,0
202604,시군구,충남,홍성군,special,total,404,대,특수>계,5498,166,1
202604,시군구,충남,홍성군,passenger,business,437,대,승용>영업용,5498,166,0
202604,시군구,충남,홍성군,truck,official,143,대,화물>관용,5498,166,0
202604,시군구,충남,홍성군,special,business,125,대,특수>영업용,5498,166,0
202604,시군구,충남,홍성군,total,official,435,대,총계>관용,5498,166,1
202604,시군구,충남,홍성군,total,business,1576,대,총계>영업용,5498,166,1
202604,시군구,충남,홍성군,total,total,61424,대,총계>계,5498,166,1
202604,시군구,충남,홍성군,van,official,93,대,승합>관용,5498,166,0
202604,시군구,충남,홍성군,truck,business,795,대,화물>영업용,5498,166,0
202604,시군구,충남,홍성군,van,total,1602,대,승합>계,5498,166,1
202604,시군구,충남,홍성군,passenger,official,170,대,승용>관용,5498,166,0
202604,시군구,충남,홍성군,passenger,private,45515,대,승용>자가용,5498,166,0
202604,시군구,충남,홍성군,passenger,total,46122,대,승용>계,5498,166,1
202604,시군구,충남,홍성군,special,private,250,대,특수>자가용,5498,166,0
202604,시군구,충남,홍성군,van,business,219,대,승합>영업용,5498,166,0
202604,시도,충남,,truck,private,215009,대,화물>자가용,5498,167,0
202604,시도,충남,,special,official,363,대,특수>관용,5498,167,0
202604,시도,충남,,truck,total,237796,대,화물>계,5498,167,1
202604,시도,충남,,total,private,1247724,대,총계>자가용,5498,167,1
202604,시도,충남,,van,private,27642,대,승합>자가용,5498,167,0
202604,시도,충남,,special,total,8593,대,특수>계,5498,167,1
202604,시도,충남,,passenger,business,14569,대,승용>영업용,5498,167,0
202604,시도,충남,,truck,official,2570,대,화물>관용,5498,167,0
202604,시도,충남,,special,business,3274,대,특수>영업용,5498,167,0
202604,시도,충남,,total,official,6442,대,총계>관용,5498,167,1
202604,시도,충남,,total,business,43353,대,총계>영업용,5498,167,1
202604,시도,충남,,total,total,1297519,대,총계>계,5498,167,1
202604,시도,충남,,van,official,1273,대,승합>관용,5498,167,0
202604,시도,충남,,truck,business,20217,대,화물>영업용,5498,167,0
202604,시도,충남,,van,total,34208,대,승합>계,5498,167,1
202604,시도,충남,,passenger,official,2236,대,승용>관용,5498,167,0
202604,시도,충남,,passenger,private,1000117,대,승용>자가용,5498,167,0
202604,시도,충남,,passenger,total,1016922,대,승용>계,5498,167,1
202604,시도,충남,,special,private,4956,대,특수>자가용,5498,167,0
202604,시도,충남,,van,business,5293,대,승합>영업용,5498,167,0
202604,시군구,전남,강진군,truck,private,6612,대,화물>자가용,5498,168,0
202604,시군구,전남,강진군,special,official,12,대,특수>관용,5498,168,0
202604,시군구,전남,강진군,truck,total,7463,대,화물>계,5498,168,1
202604,시군구,전남,강진군,total,private,19905,대,총계>자가용,5498,168,1
202604,시군구,전남,강진군,van,private,442,대,승합>자가용,5498,168,0
202604,시군구,전남,강진군,special,total,145,대,특수>계,5498,168,1
202604,시군구,전남,강진군,passenger,business,149,대,승용>영업용,5498,168,0
202604,시군구,전남,강진군,truck,official,106,대,화물>관용,5498,168,0
202604,시군구,전남,강진군,special,business,42,대,특수>영업용,5498,168,0
202604,시군구,전남,강진군,total,official,273,대,총계>관용,5498,168,1
202604,시군구,전남,강진군,total,business,1023,대,총계>영업용,5498,168,1
202604,시군구,전남,강진군,total,total,21201,대,총계>계,5498,168,1
202604,시군구,전남,강진군,van,official,63,대,승합>관용,5498,168,0
202604,시군구,전남,강진군,truck,business,745,대,화물>영업용,5498,168,0
202604,시군구,전남,강진군,van,total,592,대,승합>계,5498,168,1
202604,시군구,전남,강진군,passenger,official,92,대,승용>관용,5498,168,0
202604,시군구,전남,강진군,passenger,private,12760,대,승용>자가용,5498,168,0
202604,시군구,전남,강진군,passenger,total,13001,대,승용>계,5498,168,1
202604,시군구,전남,강진군,special,private,91,대,특수>자가용,5498,168,0
202604,시군구,전남,강진군,van,business,87,대,승합>영업용,5498,168,0
202604,시군구,전남,고흥군,truck,private,12908,대,화물>자가용,5498,169,0
202604,시군구,전남,고흥군,special,official,11,대,특수>관용,5498,169,0
202604,시군구,전남,고흥군,truck,total,13314,대,화물>계,5498,169,1
202604,시군구,전남,고흥군,total,private,35777,대,총계>자가용,5498,169,1
202604,시군구,전남,고흥군,van,private,974,대,승합>자가용,5498,169,0
202604,시군구,전남,고흥군,special,total,189,대,특수>계,5498,169,1
202604,시군구,전남,고흥군,passenger,business,163,대,승용>영업용,5498,169,0
202604,시군구,전남,고흥군,truck,official,138,대,화물>관용,5498,169,0
202604,시군구,전남,고흥군,special,business,35,대,특수>영업용,5498,169,0
202604,시군구,전남,고흥군,total,official,332,대,총계>관용,5498,169,1
202604,시군구,전남,고흥군,total,business,548,대,총계>영업용,5498,169,1
202604,시군구,전남,고흥군,total,total,36657,대,총계>계,5498,169,1
202604,시군구,전남,고흥군,van,official,76,대,승합>관용,5498,169,0
202604,시군구,전남,고흥군,truck,business,268,대,화물>영업용,5498,169,0
202604,시군구,전남,고흥군,van,total,1132,대,승합>계,5498,169,1
202604,시군구,전남,고흥군,passenger,official,107,대,승용>관용,5498,169,0
202604,시군구,전남,고흥군,passenger,private,21752,대,승용>자가용,5498,169,0
202604,시군구,전남,고흥군,passenger,total,22022,대,승용>계,5498,169,1
202604,시군구,전남,고흥군,special,private,143,대,특수>자가용,5498,169,0
202604,시군구,전남,고흥군,van,business,82,대,승합>영업용,5498,169,0
202604,시군구,전남,곡성군,truck,private,5209,대,화물>자가용,5498,170,0
202604,시군구,전남,곡성군,special,official,6,대,특수>관용,5498,170,0
202604,시군구,전남,곡성군,truck,total,5685,대,화물>계,5498,170,1
202604,시군구,전남,곡성군,total,private,17455,대,총계>자가용,5498,170,1
202604,시군구,전남,곡성군,van,private,401,대,승합>자가용,5498,170,0
202604,시군구,전남,곡성군,special,total,137,대,특수>계,5498,170,1
202604,시군구,전남,곡성군,passenger,business,114,대,승용>영업용,5498,170,0
202604,시군구,전남,곡성군,truck,official,74,대,화물>관용,5498,170,0
202604,시군구,전남,곡성군,special,business,67,대,특수>영업용,5498,170,0
202604,시군구,전남,곡성군,total,official,185,대,총계>관용,5498,170,1
202604,시군구,전남,곡성군,total,business,637,대,총계>영업용,5498,170,1
202604,시군구,전남,곡성군,total,total,18277,대,총계>계,5498,170,1
202604,시군구,전남,곡성군,van,official,38,대,승합>관용,5498,170,0
202604,시군구,전남,곡성군,truck,business,402,대,화물>영업용,5498,170,0
202604,시군구,전남,곡성군,van,total,493,대,승합>계,5498,170,1
202604,시군구,전남,곡성군,passenger,official,67,대,승용>관용,5498,170,0
202604,시군구,전남,곡성군,passenger,private,11781,대,승용>자가용,5498,170,0
202604,시군구,전남,곡성군,passenger,total,11962,대,승용>계,5498,170,1
202604,시군구,전남,곡성군,special,private,64,대,특수>자가용,5498,170,0
202604,시군구,전남,곡성군,van,business,54,대,승합>영업용,5498,170,0
202604,시군구,전남,광양시,truck,private,14775,대,화물>자가용,5498,171,0
202604,시군구,전남,광양시,special,official,15,대,특수>관용,5498,171,0
202604,시군구,전남,광양시,truck,total,18364,대,화물>계,5498,171,1
202604,시군구,전남,광양시,total,private,98031,대,총계>자가용,5498,171,1
202604,시군구,전남,광양시,van,private,1997,대,승합>자가용,5498,171,0
202604,시군구,전남,광양시,special,total,2290,대,특수>계,5498,171,1
202604,시군구,전남,광양시,passenger,business,634,대,승용>영업용,5498,171,0
202604,시군구,전남,광양시,truck,official,90,대,화물>관용,5498,171,0
202604,시군구,전남,광양시,special,business,1722,대,특수>영업용,5498,171,0
202604,시군구,전남,광양시,total,official,271,대,총계>관용,5498,171,1
202604,시군구,전남,광양시,total,business,6145,대,총계>영업용,5498,171,1
202604,시군구,전남,광양시,total,total,104447,대,총계>계,5498,171,1
202604,시군구,전남,광양시,van,official,70,대,승합>관용,5498,171,0
202604,시군구,전남,광양시,truck,business,3499,대,화물>영업용,5498,171,0
202604,시군구,전남,광양시,van,total,2357,대,승합>계,5498,171,1
202604,시군구,전남,광양시,passenger,official,96,대,승용>관용,5498,171,0
202604,시군구,전남,광양시,passenger,private,80706,대,승용>자가용,5498,171,0
202604,시군구,전남,광양시,passenger,total,81436,대,승용>계,5498,171,1
202604,시군구,전남,광양시,special,private,553,대,특수>자가용,5498,171,0
202604,시군구,전남,광양시,van,business,290,대,승합>영업용,5498,171,0
202604,시군구,전남,구례군,truck,private,3961,대,화물>자가용,5498,172,0
202604,시군구,전남,구례군,special,official,4,대,특수>관용,5498,172,0
202604,시군구,전남,구례군,truck,total,4196,대,화물>계,5498,172,1
202604,시군구,전남,구례군,total,private,14006,대,총계>자가용,5498,172,1
202604,시군구,전남,구례군,van,private,360,대,승합>자가용,5498,172,0
202604,시군구,전남,구례군,special,total,94,대,특수>계,5498,172,1
202604,시군구,전남,구례군,passenger,business,156,대,승용>영업용,5498,172,0
202604,시군구,전남,구례군,truck,official,76,대,화물>관용,5498,172,0
202604,시군구,전남,구례군,special,business,17,대,특수>영업용,5498,172,0
202604,시군구,전남,구례군,total,official,182,대,총계>관용,5498,172,1
202604,시군구,전남,구례군,total,business,385,대,총계>영업용,5498,172,1
202604,시군구,전남,구례군,total,total,14573,대,총계>계,5498,172,1
202604,시군구,전남,구례군,van,official,41,대,승합>관용,5498,172,0
202604,시군구,전남,구례군,truck,business,159,대,화물>영업용,5498,172,0
202604,시군구,전남,구례군,van,total,454,대,승합>계,5498,172,1
202604,시군구,전남,구례군,passenger,official,61,대,승용>관용,5498,172,0
202604,시군구,전남,구례군,passenger,private,9612,대,승용>자가용,5498,172,0
202604,시군구,전남,구례군,passenger,total,9829,대,승용>계,5498,172,1
202604,시군구,전남,구례군,special,private,73,대,특수>자가용,5498,172,0
202604,시군구,전남,구례군,van,business,53,대,승합>영업용,5498,172,0
202604,시군구,전남,나주시,truck,private,15542,대,화물>자가용,5498,173,0
202604,시군구,전남,나주시,special,official,21,대,특수>관용,5498,173,0
202604,시군구,전남,나주시,truck,total,17441,대,화물>계,5498,173,1
202604,시군구,전남,나주시,total,private,72241,대,총계>자가용,5498,173,1
202604,시군구,전남,나주시,van,private,1767,대,승합>자가용,5498,173,0
202604,시군구,전남,나주시,special,total,668,대,특수>계,5498,173,1
202604,시군구,전남,나주시,passenger,business,764,대,승용>영업용,5498,173,0
202604,시군구,전남,나주시,truck,official,224,대,화물>관용,5498,173,0
202604,시군구,전남,나주시,special,business,265,대,특수>영업용,5498,173,0
202604,시군구,전남,나주시,total,official,508,대,총계>관용,5498,173,1
202604,시군구,전남,나주시,total,business,3048,대,총계>영업용,5498,173,1
202604,시군구,전남,나주시,total,total,75797,대,총계>계,5498,173,1
202604,시군구,전남,나주시,van,official,117,대,승합>관용,5498,173,0
202604,시군구,전남,나주시,truck,business,1675,대,화물>영업용,5498,173,0
202604,시군구,전남,나주시,van,total,2228,대,승합>계,5498,173,1
202604,시군구,전남,나주시,passenger,official,146,대,승용>관용,5498,173,0
202604,시군구,전남,나주시,passenger,private,54550,대,승용>자가용,5498,173,0
202604,시군구,전남,나주시,passenger,total,55460,대,승용>계,5498,173,1
202604,시군구,전남,나주시,special,private,382,대,특수>자가용,5498,173,0
202604,시군구,전남,나주시,van,business,344,대,승합>영업용,5498,173,0
202604,시군구,전남,담양군,truck,private,7905,대,화물>자가용,5498,174,0
202604,시군구,전남,담양군,special,official,14,대,특수>관용,5498,174,0
202604,시군구,전남,담양군,truck,total,9019,대,화물>계,5498,174,1
202604,시군구,전남,담양군,total,private,29456,대,총계>자가용,5498,174,1
202604,시군구,전남,담양군,van,private,698,대,승합>자가용,5498,174,0
202604,시군구,전남,담양군,special,total,320,대,특수>계,5498,174,1
202604,시군구,전남,담양군,passenger,business,331,대,승용>영업용,5498,174,0
202604,시군구,전남,담양군,truck,official,77,대,화물>관용,5498,174,0
202604,시군구,전남,담양군,special,business,153,대,특수>영업용,5498,174,0
202604,시군구,전남,담양군,total,official,218,대,총계>관용,5498,174,1
202604,시군구,전남,담양군,total,business,1795,대,총계>영업용,5498,174,1
202604,시군구,전남,담양군,total,total,31469,대,총계>계,5498,174,1
202604,시군구,전남,담양군,van,official,47,대,승합>관용,5498,174,0
202604,시군구,전남,담양군,truck,business,1037,대,화물>영업용,5498,174,0
202604,시군구,전남,담양군,van,total,1019,대,승합>계,5498,174,1
202604,시군구,전남,담양군,passenger,official,80,대,승용>관용,5498,174,0
202604,시군구,전남,담양군,passenger,private,20700,대,승용>자가용,5498,174,0
202604,시군구,전남,담양군,passenger,total,21111,대,승용>계,5498,174,1
202604,시군구,전남,담양군,special,private,153,대,특수>자가용,5498,174,0
202604,시군구,전남,담양군,van,business,274,대,승합>영업용,5498,174,0
202604,시군구,전남,목포시,truck,private,12517,대,화물>자가용,5498,175,0
202604,시군구,전남,목포시,special,official,10,대,특수>관용,5498,175,0
202604,시군구,전남,목포시,truck,total,14937,대,화물>계,5498,175,1
202604,시군구,전남,목포시,total,private,96076,대,총계>자가용,5498,175,1
202604,시군구,전남,목포시,van,private,2396,대,승합>자가용,5498,175,0
202604,시군구,전남,목포시,special,total,703,대,특수>계,5498,175,1
202604,시군구,전남,목포시,passenger,business,2207,대,승용>영업용,5498,175,0
202604,시군구,전남,목포시,truck,official,150,대,화물>관용,5498,175,0
202604,시군구,전남,목포시,special,business,343,대,특수>영업용,5498,175,0
202604,시군구,전남,목포시,total,official,398,대,총계>관용,5498,175,1
202604,시군구,전남,목포시,total,business,5238,대,총계>영업용,5498,175,1
202604,시군구,전남,목포시,total,total,101712,대,총계>계,5498,175,1
202604,시군구,전남,목포시,van,official,111,대,승합>관용,5498,175,0
202604,시군구,전남,목포시,truck,business,2270,대,화물>영업용,5498,175,0
202604,시군구,전남,목포시,van,total,2925,대,승합>계,5498,175,1
202604,시군구,전남,목포시,passenger,official,127,대,승용>관용,5498,175,0
202604,시군구,전남,목포시,passenger,private,80813,대,승용>자가용,5498,175,0
202604,시군구,전남,목포시,passenger,total,83147,대,승용>계,5498,175,1
202604,시군구,전남,목포시,special,private,350,대,특수>자가용,5498,175,0
202604,시군구,전남,목포시,van,business,418,대,승합>영업용,5498,175,0
202604,시군구,전남,무안군,truck,private,12085,대,화물>자가용,5498,176,0
202604,시군구,전남,무안군,special,official,23,대,특수>관용,5498,176,0
202604,시군구,전남,무안군,truck,total,13200,대,화물>계,5498,176,1
202604,시군구,전남,무안군,total,private,57647,대,총계>자가용,5498,176,1
202604,시군구,전남,무안군,van,private,1400,대,승합>자가용,5498,176,0
202604,시군구,전남,무안군,special,total,374,대,특수>계,5498,176,1
202604,시군구,전남,무안군,passenger,business,155,대,승용>영업용,5498,176,0
202604,시군구,전남,무안군,truck,official,168,대,화물>관용,5498,176,0
202604,시군구,전남,무안군,special,business,139,대,특수>영업용,5498,176,0
202604,시군구,전남,무안군,total,official,661,대,총계>관용,5498,176,1
202604,시군구,전남,무안군,total,business,1308,대,총계>영업용,5498,176,1
202604,시군구,전남,무안군,total,total,59616,대,총계>계,5498,176,1
202604,시군구,전남,무안군,van,official,196,대,승합>관용,5498,176,0
202604,시군구,전남,무안군,truck,business,947,대,화물>영업용,5498,176,0
202604,시군구,전남,무안군,van,total,1663,대,승합>계,5498,176,1
202604,시군구,전남,무안군,passenger,official,274,대,승용>관용,5498,176,0
202604,시군구,전남,무안군,passenger,private,43950,대,승용>자가용,5498,176,0
202604,시군구,전남,무안군,passenger,total,44379,대,승용>계,5498,176,1
202604,시군구,전남,무안군,special,private,212,대,특수>자가용,5498,176,0
202604,시군구,전남,무안군,van,business,67,대,승합>영업용,5498,176,0
202604,시군구,전남,보성군,truck,private,8069,대,화물>자가용,5498,177,0
202604,시군구,전남,보성군,special,official,15,대,특수>관용,5498,177,0
202604,시군구,전남,보성군,truck,total,8529,대,화물>계,5498,177,1
202604,시군구,전남,보성군,total,private,23415,대,총계>자가용,5498,177,1
202604,시군구,전남,보성군,van,private,714,대,승합>자가용,5498,177,0
202604,시군구,전남,보성군,special,total,164,대,특수>계,5498,177,1
202604,시군구,전남,보성군,passenger,business,162,대,승용>영업용,5498,177,0
202604,시군구,전남,보성군,truck,official,105,대,화물>관용,5498,177,0
202604,시군구,전남,보성군,special,business,52,대,특수>영업용,5498,177,0
202604,시군구,전남,보성군,total,official,248,대,총계>관용,5498,177,1
202604,시군구,전남,보성군,total,business,632,대,총계>영업용,5498,177,1
202604,시군구,전남,보성군,total,total,24295,대,총계>계,5498,177,1
202604,시군구,전남,보성군,van,official,48,대,승합>관용,5498,177,0
202604,시군구,전남,보성군,truck,business,355,대,화물>영업용,5498,177,0
202604,시군구,전남,보성군,van,total,825,대,승합>계,5498,177,1
202604,시군구,전남,보성군,passenger,official,80,대,승용>관용,5498,177,0
202604,시군구,전남,보성군,passenger,private,14535,대,승용>자가용,5498,177,0
202604,시군구,전남,보성군,passenger,total,14777,대,승용>계,5498,177,1
202604,시군구,전남,보성군,special,private,97,대,특수>자가용,5498,177,0
202604,시군구,전남,보성군,van,business,63,대,승합>영업용,5498,177,0
202604,시군구,전남,순천시,truck,private,22642,대,화물>자가용,5498,178,0
202604,시군구,전남,순천시,special,official,23,대,특수>관용,5498,178,0
202604,시군구,전남,순천시,truck,total,25108,대,화물>계,5498,178,1
202604,시군구,전남,순천시,total,private,153114,대,총계>자가용,5498,178,1
202604,시군구,전남,순천시,van,private,2746,대,승합>자가용,5498,178,0
202604,시군구,전남,순천시,special,total,1477,대,특수>계,5498,178,1
202604,시군구,전남,순천시,passenger,business,1885,대,승용>영업용,5498,178,0
202604,시군구,전남,순천시,truck,official,197,대,화물>관용,5498,178,0
202604,시군구,전남,순천시,special,business,945,대,특수>영업용,5498,178,0
202604,시군구,전남,순천시,total,official,528,대,총계>관용,5498,178,1
202604,시군구,전남,순천시,total,business,5698,대,총계>영업용,5498,178,1
202604,시군구,전남,순천시,total,total,159340,대,총계>계,5498,178,1
202604,시군구,전남,순천시,van,official,124,대,승합>관용,5498,178,0
202604,시군구,전남,순천시,truck,business,2269,대,화물>영업용,5498,178,0
202604,시군구,전남,순천시,van,total,3469,대,승합>계,5498,178,1
202604,시군구,전남,순천시,passenger,official,184,대,승용>관용,5498,178,0
202604,시군구,전남,순천시,passenger,private,127217,대,승용>자가용,5498,178,0
202604,시군구,전남,순천시,passenger,total,129286,대,승용>계,5498,178,1
202604,시군구,전남,순천시,special,private,509,대,특수>자가용,5498,178,0
202604,시군구,전남,순천시,van,business,599,대,승합>영업용,5498,178,0
202604,시군구,전남,신안군,truck,private,9872,대,화물>자가용,5498,179,0
202604,시군구,전남,신안군,special,official,5,대,특수>관용,5498,179,0
202604,시군구,전남,신안군,truck,total,10470,대,화물>계,5498,179,1
202604,시군구,전남,신안군,total,private,27217,대,총계>자가용,5498,179,1
202604,시군구,전남,신안군,van,private,648,대,승합>자가용,5498,179,0
202604,시군구,전남,신안군,special,total,184,대,특수>계,5498,179,1
202604,시군구,전남,신안군,passenger,business,116916,대,승용>영업용,5498,179,0
202604,시군구,전남,신안군,truck,official,214,대,화물>관용,5498,179,0
202604,시군구,전남,신안군,special,business,27,대,특수>영업용,5498,179,0
202604,시군구,전남,신안군,total,official,421,대,총계>관용,5498,179,1
202604,시군구,전남,신안군,total,business,119548,대,총계>영업용,5498,179,1
202604,시군구,전남,신안군,total,total,147186,대,총계>계,5498,179,1
202604,시군구,전남,신안군,van,official,67,대,승합>관용,5498,179,0
202604,시군구,전남,신안군,truck,business,384,대,화물>영업용,5498,179,0
202604,시군구,전남,신안군,van,total,2936,대,승합>계,5498,179,1
202604,시군구,전남,신안군,passenger,official,135,대,승용>관용,5498,179,0
202604,시군구,전남,신안군,passenger,private,16545,대,승용>자가용,5498,179,0
202604,시군구,전남,신안군,passenger,total,133596,대,승용>계,5498,179,1
202604,시군구,전남,신안군,special,private,152,대,특수>자가용,5498,179,0
202604,시군구,전남,신안군,van,business,2221,대,승합>영업용,5498,179,0
202604,시군구,전남,여수시,truck,private,21371,대,화물>자가용,5498,180,0
202604,시군구,전남,여수시,special,official,17,대,특수>관용,5498,180,0
202604,시군구,전남,여수시,truck,total,25144,대,화물>계,5498,180,1
202604,시군구,전남,여수시,total,private,138450,대,총계>자가용,5498,180,1
202604,시군구,전남,여수시,van,private,2879,대,승합>자가용,5498,180,0
202604,시군구,전남,여수시,special,total,1290,대,특수>계,5498,180,1
202604,시군구,전남,여수시,passenger,business,2148,대,승용>영업용,5498,180,0
202604,시군구,전남,여수시,truck,official,203,대,화물>관용,5498,180,0
202604,시군구,전남,여수시,special,business,827,대,특수>영업용,5498,180,0
202604,시군구,전남,여수시,total,official,582,대,총계>관용,5498,180,1
202604,시군구,전남,여수시,total,business,7280,대,총계>영업용,5498,180,1
202604,시군구,전남,여수시,total,total,146312,대,총계>계,5498,180,1
202604,시군구,전남,여수시,van,official,152,대,승합>관용,5498,180,0
202604,시군구,전남,여수시,truck,business,3570,대,화물>영업용,5498,180,0
202604,시군구,전남,여수시,van,total,3766,대,승합>계,5498,180,1
202604,시군구,전남,여수시,passenger,official,210,대,승용>관용,5498,180,0
202604,시군구,전남,여수시,passenger,private,113754,대,승용>자가용,5498,180,0
202604,시군구,전남,여수시,passenger,total,116112,대,승용>계,5498,180,1
202604,시군구,전남,여수시,special,private,446,대,특수>자가용,5498,180,0
202604,시군구,전남,여수시,van,business,735,대,승합>영업용,5498,180,0
202604,시군구,전남,영광군,truck,private,8414,대,화물>자가용,5498,181,0
202604,시군구,전남,영광군,special,official,8,대,특수>관용,5498,181,0
202604,시군구,전남,영광군,truck,total,9060,대,화물>계,5498,181,1
202604,시군구,전남,영광군,total,private,32531,대,총계>자가용,5498,181,1
202604,시군구,전남,영광군,van,private,720,대,승합>자가용,5498,181,0
202604,시군구,전남,영광군,special,total,195,대,특수>계,5498,181,1
202604,시군구,전남,영광군,passenger,business,241,대,승용>영업용,5498,181,0
202604,시군구,전남,영광군,truck,official,116,대,화물>관용,5498,181,0
202604,시군구,전남,영광군,special,business,58,대,특수>영업용,5498,181,0
202604,시군구,전남,영광군,total,official,251,대,총계>관용,5498,181,1
202604,시군구,전남,영광군,total,business,937,대,총계>영업용,5498,181,1
202604,시군구,전남,영광군,total,total,33719,대,총계>계,5498,181,1
202604,시군구,전남,영광군,van,official,41,대,승합>관용,5498,181,0
202604,시군구,전남,영광군,truck,business,530,대,화물>영업용,5498,181,0
202604,시군구,전남,영광군,van,total,869,대,승합>계,5498,181,1
202604,시군구,전남,영광군,passenger,official,86,대,승용>관용,5498,181,0
202604,시군구,전남,영광군,passenger,private,23268,대,승용>자가용,5498,181,0
202604,시군구,전남,영광군,passenger,total,23595,대,승용>계,5498,181,1
202604,시군구,전남,영광군,special,private,129,대,특수>자가용,5498,181,0
202604,시군구,전남,영광군,van,business,108,대,승합>영업용,5498,181,0
202604,시군구,전남,영암군,truck,private,11471,대,화물>자가용,5498,182,0
202604,시군구,전남,영암군,special,official,14,대,특수>관용,5498,182,0
202604,시군구,전남,영암군,truck,total,12384,대,화물>계,5498,182,1
202604,시군구,전남,영암군,total,private,37822,대,총계>자가용,5498,182,1
202604,시군구,전남,영암군,van,private,1127,대,승합>자가용,5498,182,0
202604,시군구,전남,영암군,special,total,359,대,특수>계,5498,182,1
202604,시군구,전남,영암군,passenger,business,85,대,승용>영업용,5498,182,0
202604,시군구,전남,영암군,truck,official,116,대,화물>관용,5498,182,0
202604,시군구,전남,영암군,special,business,139,대,특수>영업용,5498,182,0
202604,시군구,전남,영암군,total,official,290,대,총계>관용,5498,182,1
202604,시군구,전남,영암군,total,business,1105,대,총계>영업용,5498,182,1
202604,시군구,전남,영암군,total,total,39217,대,총계>계,5498,182,1
202604,시군구,전남,영암군,van,official,64,대,승합>관용,5498,182,0
202604,시군구,전남,영암군,truck,business,797,대,화물>영업용,5498,182,0
202604,시군구,전남,영암군,van,total,1275,대,승합>계,5498,182,1
202604,시군구,전남,영암군,passenger,official,96,대,승용>관용,5498,182,0
202604,시군구,전남,영암군,passenger,private,25018,대,승용>자가용,5498,182,0
202604,시군구,전남,영암군,passenger,total,25199,대,승용>계,5498,182,1
202604,시군구,전남,영암군,special,private,206,대,특수>자가용,5498,182,0
202604,시군구,전남,영암군,van,business,84,대,승합>영업용,5498,182,0
202604,시군구,전남,완도군,truck,private,9723,대,화물>자가용,5498,183,0
202604,시군구,전남,완도군,special,official,10,대,특수>관용,5498,183,0
202604,시군구,전남,완도군,truck,total,10041,대,화물>계,5498,183,1
202604,시군구,전남,완도군,total,private,27049,대,총계>자가용,5498,183,1
202604,시군구,전남,완도군,van,private,658,대,승합>자가용,5498,183,0
202604,시군구,전남,완도군,special,total,140,대,특수>계,5498,183,1
202604,시군구,전남,완도군,passenger,business,163,대,승용>영업용,5498,183,0
202604,시군구,전남,완도군,truck,official,117,대,화물>관용,5498,183,0
202604,시군구,전남,완도군,special,business,30,대,특수>영업용,5498,183,0
202604,시군구,전남,완도군,total,official,320,대,총계>관용,5498,183,1
202604,시군구,전남,완도군,total,business,510,대,총계>영업용,5498,183,1
202604,시군구,전남,완도군,total,total,27879,대,총계>계,5498,183,1
202604,시군구,전남,완도군,van,official,54,대,승합>관용,5498,183,0
202604,시군구,전남,완도군,truck,business,201,대,화물>영업용,5498,183,0
202604,시군구,전남,완도군,van,total,828,대,승합>계,5498,183,1
202604,시군구,전남,완도군,passenger,official,139,대,승용>관용,5498,183,0
202604,시군구,전남,완도군,passenger,private,16568,대,승용>자가용,5498,183,0
202604,시군구,전남,완도군,passenger,total,16870,대,승용>계,5498,183,1
202604,시군구,전남,완도군,special,private,100,대,특수>자가용,5498,183,0
202604,시군구,전남,완도군,van,business,116,대,승합>영업용,5498,183,0
202604,시군구,전남,장성군,truck,private,8339,대,화물>자가용,5498,184,0
202604,시군구,전남,장성군,special,official,5,대,특수>관용,5498,184,0
202604,시군구,전남,장성군,truck,total,9358,대,화물>계,5498,184,1
202604,시군구,전남,장성군,total,private,29675,대,총계>자가용,5498,184,1
202604,시군구,전남,장성군,van,private,698,대,승합>자가용,5498,184,0
202604,시군구,전남,장성군,special,total,239,대,특수>계,5498,184,1
202604,시군구,전남,장성군,passenger,business,201,대,승용>영업용,5498,184,0
202604,시군구,전남,장성군,truck,official,90,대,화물>관용,5498,184,0
202604,시군구,전남,장성군,special,business,94,대,특수>영업용,5498,184,0
202604,시군구,전남,장성군,total,official,226,대,총계>관용,5498,184,1
202604,시군구,전남,장성군,total,business,1312,대,총계>영업용,5498,184,1
202604,시군구,전남,장성군,total,total,31213,대,총계>계,5498,184,1
202604,시군구,전남,장성군,van,official,47,대,승합>관용,5498,184,0
202604,시군구,전남,장성군,truck,business,929,대,화물>영업용,5498,184,0
202604,시군구,전남,장성군,van,total,833,대,승합>계,5498,184,1
202604,시군구,전남,장성군,passenger,official,84,대,승용>관용,5498,184,0
202604,시군구,전남,장성군,passenger,private,20498,대,승용>자가용,5498,184,0
202604,시군구,전남,장성군,passenger,total,20783,대,승용>계,5498,184,1
202604,시군구,전남,장성군,special,private,140,대,특수>자가용,5498,184,0
202604,시군구,전남,장성군,van,business,88,대,승합>영업용,5498,184,0
202604,시군구,전남,장흥군,truck,private,7097,대,화물>자가용,5498,185,0
202604,시군구,전남,장흥군,special,official,8,대,특수>관용,5498,185,0
202604,시군구,전남,장흥군,truck,total,7457,대,화물>계,5498,185,1
202604,시군구,전남,장흥군,total,private,21605,대,총계>자가용,5498,185,1
202604,시군구,전남,장흥군,van,private,517,대,승합>자가용,5498,185,0
202604,시군구,전남,장흥군,special,total,120,대,특수>계,5498,185,1
202604,시군구,전남,장흥군,passenger,business,77,대,승용>영업용,5498,185,0
202604,시군구,전남,장흥군,truck,official,105,대,화물>관용,5498,185,0
202604,시군구,전남,장흥군,special,business,28,대,특수>영업용,5498,185,0
202604,시군구,전남,장흥군,total,official,276,대,총계>관용,5498,185,1
202604,시군구,전남,장흥군,total,business,407,대,총계>영업용,5498,185,1
202604,시군구,전남,장흥군,total,total,22288,대,총계>계,5498,185,1
202604,시군구,전남,장흥군,van,official,70,대,승합>관용,5498,185,0
202604,시군구,전남,장흥군,truck,business,255,대,화물>영업용,5498,185,0
202604,시군구,전남,장흥군,van,total,634,대,승합>계,5498,185,1
202604,시군구,전남,장흥군,passenger,official,93,대,승용>관용,5498,185,0
202604,시군구,전남,장흥군,passenger,private,13907,대,승용>자가용,5498,185,0
202604,시군구,전남,장흥군,passenger,total,14077,대,승용>계,5498,185,1
202604,시군구,전남,장흥군,special,private,84,대,특수>자가용,5498,185,0
202604,시군구,전남,장흥군,van,business,47,대,승합>영업용,5498,185,0
202604,시군구,전남,진도군,truck,private,6433,대,화물>자가용,5498,186,0
202604,시군구,전남,진도군,special,official,9,대,특수>관용,5498,186,0
202604,시군구,전남,진도군,truck,total,6680,대,화물>계,5498,186,1
202604,시군구,전남,진도군,total,private,18635,대,총계>자가용,5498,186,1
202604,시군구,전남,진도군,van,private,500,대,승합>자가용,5498,186,0
202604,시군구,전남,진도군,special,total,109,대,특수>계,5498,186,1
202604,시군구,전남,진도군,passenger,business,93,대,승용>영업용,5498,186,0
202604,시군구,전남,진도군,truck,official,101,대,화물>관용,5498,186,0
202604,시군구,전남,진도군,special,business,24,대,특수>영업용,5498,186,0
202604,시군구,전남,진도군,total,official,240,대,총계>관용,5498,186,1
202604,시군구,전남,진도군,total,business,325,대,총계>영업용,5498,186,1
202604,시군구,전남,진도군,total,total,19200,대,총계>계,5498,186,1
202604,시군구,전남,진도군,van,official,47,대,승합>관용,5498,186,0
202604,시군구,전남,진도군,truck,business,146,대,화물>영업용,5498,186,0
202604,시군구,전남,진도군,van,total,609,대,승합>계,5498,186,1
202604,시군구,전남,진도군,passenger,official,83,대,승용>관용,5498,186,0
202604,시군구,전남,진도군,passenger,private,11626,대,승용>자가용,5498,186,0
202604,시군구,전남,진도군,passenger,total,11802,대,승용>계,5498,186,1
202604,시군구,전남,진도군,special,private,76,대,특수>자가용,5498,186,0
202604,시군구,전남,진도군,van,business,62,대,승합>영업용,5498,186,0
202604,시군구,전남,함평군,truck,private,6672,대,화물>자가용,5498,187,0
202604,시군구,전남,함평군,special,official,14,대,특수>관용,5498,187,0
202604,시군구,전남,함평군,truck,total,6969,대,화물>계,5498,187,1
202604,시군구,전남,함평군,total,private,19866,대,총계>자가용,5498,187,1
202604,시군구,전남,함평군,van,private,475,대,승합>자가용,5498,187,0
202604,시군구,전남,함평군,special,total,134,대,특수>계,5498,187,1
202604,시군구,전남,함평군,passenger,business,5756,대,승용>영업용,5498,187,0
202604,시군구,전남,함평군,truck,official,92,대,화물>관용,5498,187,0
202604,시군구,전남,함평군,special,business,26,대,특수>영업용,5498,187,0
202604,시군구,전남,함평군,total,official,230,대,총계>관용,5498,187,1
202604,시군구,전남,함평군,total,business,6110,대,총계>영업용,5498,187,1
202604,시군구,전남,함평군,total,total,26206,대,총계>계,5498,187,1
202604,시군구,전남,함평군,van,official,47,대,승합>관용,5498,187,0
202604,시군구,전남,함평군,truck,business,205,대,화물>영업용,5498,187,0
202604,시군구,전남,함평군,van,total,645,대,승합>계,5498,187,1
202604,시군구,전남,함평군,passenger,official,77,대,승용>관용,5498,187,0
202604,시군구,전남,함평군,passenger,private,12625,대,승용>자가용,5498,187,0
202604,시군구,전남,함평군,passenger,total,18458,대,승용>계,5498,187,1
202604,시군구,전남,함평군,special,private,94,대,특수>자가용,5498,187,0
202604,시군구,전남,함평군,van,business,123,대,승합>영업용,5498,187,0
202604,시군구,전남,해남군,truck,private,15735,대,화물>자가용,5498,188,0
202604,시군구,전남,해남군,special,official,10,대,특수>관용,5498,188,0
202604,시군구,전남,해남군,truck,total,16122,대,화물>계,5498,188,1
202604,시군구,전남,해남군,total,private,43148,대,총계>자가용,5498,188,1
202604,시군구,전남,해남군,van,private,1584,대,승합>자가용,5498,188,0
202604,시군구,전남,해남군,special,total,194,대,특수>계,5498,188,1
202604,시군구,전남,해남군,passenger,business,108524,대,승용>영업용,5498,188,0
202604,시군구,전남,해남군,truck,official,147,대,화물>관용,5498,188,0
202604,시군구,전남,해남군,special,business,42,대,특수>영업용,5498,188,0
202604,시군구,전남,해남군,total,official,352,대,총계>관용,5498,188,1
202604,시군구,전남,해남군,total,business,109622,대,총계>영업용,5498,188,1
202604,시군구,전남,해남군,total,total,153122,대,총계>계,5498,188,1
202604,시군구,전남,해남군,van,official,78,대,승합>관용,5498,188,0
202604,시군구,전남,해남군,truck,business,240,대,화물>영업용,5498,188,0
202604,시군구,전남,해남군,van,total,2478,대,승합>계,5498,188,1
202604,시군구,전남,해남군,passenger,official,117,대,승용>관용,5498,188,0
202604,시군구,전남,해남군,passenger,private,25687,대,승용>자가용,5498,188,0
202604,시군구,전남,해남군,passenger,total,134328,대,승용>계,5498,188,1
202604,시군구,전남,해남군,special,private,142,대,특수>자가용,5498,188,0
202604,시군구,전남,해남군,van,business,816,대,승합>영업용,5498,188,0
202604,시군구,전남,화순군,truck,private,8078,대,화물>자가용,5498,189,0
202604,시군구,전남,화순군,special,official,10,대,특수>관용,5498,189,0
202604,시군구,전남,화순군,truck,total,8753,대,화물>계,5498,189,1
202604,시군구,전남,화순군,total,private,35542,대,총계>자가용,5498,189,1
202604,시군구,전남,화순군,van,private,845,대,승합>자가용,5498,189,0
202604,시군구,전남,화순군,special,total,310,대,특수>계,5498,189,1
202604,시군구,전남,화순군,passenger,business,478,대,승용>영업용,5498,189,0
202604,시군구,전남,화순군,truck,official,112,대,화물>관용,5498,189,0
202604,시군구,전남,화순군,special,business,145,대,특수>영업용,5498,189,0
202604,시군구,전남,화순군,total,official,270,대,총계>관용,5498,189,1
202604,시군구,전남,화순군,total,business,1986,대,총계>영업용,5498,189,1
202604,시군구,전남,화순군,total,total,37798,대,총계>계,5498,189,1
202604,시군구,전남,화순군,van,official,51,대,승합>관용,5498,189,0
202604,시군구,전남,화순군,truck,business,563,대,화물>영업용,5498,189,0
202604,시군구,전남,화순군,van,total,1696,대,승합>계,5498,189,1
202604,시군구,전남,화순군,passenger,official,97,대,승용>관용,5498,189,0
202604,시군구,전남,화순군,passenger,private,26464,대,승용>자가용,5498,189,0
202604,시군구,전남,화순군,passenger,total,27039,대,승용>계,5498,189,1
202604,시군구,전남,화순군,special,private,155,대,특수>자가용,5498,189,0
202604,시군구,전남,화순군,van,business,800,대,승합>영업용,5498,189,0
202604,시도,전남,,truck,private,235430,대,화물>자가용,5498,190,0
202604,시도,전남,,special,official,264,대,특수>관용,5498,190,0
202604,시도,전남,,truck,total,259694,대,화물>계,5498,190,1
202604,시도,전남,,total,private,1048663,대,총계>자가용,5498,190,1
202604,시도,전남,,van,private,24546,대,승합>자가용,5498,190,0
202604,시도,전남,,special,total,9835,대,특수>계,5498,190,1
202604,시도,전남,,passenger,business,241402,대,승용>영업용,5498,190,0
202604,시도,전남,,truck,official,2818,대,화물>관용,5498,190,0
202604,시도,전남,,special,business,5220,대,특수>영업용,5498,190,0
202604,시도,전남,,total,official,7262,대,총계>관용,5498,190,1
202604,시도,전남,,total,business,275599,대,총계>영업용,5498,190,1
202604,시도,전남,,total,total,1331524,대,총계>계,5498,190,1
202604,시도,전남,,van,official,1649,대,승합>관용,5498,190,0
202604,시도,전남,,truck,business,21446,대,화물>영업용,5498,190,0
202604,시도,전남,,van,total,33726,대,승합>계,5498,190,1
202604,시도,전남,,passenger,official,2531,대,승용>관용,5498,190,0
202604,시도,전남,,passenger,private,784336,대,승용>자가용,5498,190,0
202604,시도,전남,,passenger,total,1028269,대,승용>계,5498,190,1
202604,시도,전남,,special,private,4351,대,특수>자가용,5498,190,0
202604,시도,전남,,van,business,7531,대,승합>영업용,5498,190,0
202604,시군구,경북,경산시,truck,private,22057,대,화물>자가용,5498,191,0
202604,시군구,경북,경산시,special,official,17,대,특수>관용,5498,191,0
202604,시군구,경북,경산시,truck,total,24989,대,화물>계,5498,191,1
202604,시군구,경북,경산시,total,private,146153,대,총계>자가용,5498,191,1
202604,시군구,경북,경산시,van,private,2821,대,승합>자가용,5498,191,0
202604,시군구,경북,경산시,special,total,882,대,특수>계,5498,191,1
202604,시군구,경북,경산시,passenger,business,909,대,승용>영업용,5498,191,0
202604,시군구,경북,경산시,truck,official,129,대,화물>관용,5498,191,0
202604,시군구,경북,경산시,special,business,404,대,특수>영업용,5498,191,0
202604,시군구,경북,경산시,total,official,395,대,총계>관용,5498,191,1
202604,시군구,경북,경산시,total,business,4498,대,총계>영업용,5498,191,1
202604,시군구,경북,경산시,total,total,151046,대,총계>계,5498,191,1
202604,시군구,경북,경산시,van,official,90,대,승합>관용,5498,191,0
202604,시군구,경북,경산시,truck,business,2803,대,화물>영업용,5498,191,0
202604,시군구,경북,경산시,van,total,3293,대,승합>계,5498,191,1
202604,시군구,경북,경산시,passenger,official,159,대,승용>관용,5498,191,0
202604,시군구,경북,경산시,passenger,private,120814,대,승용>자가용,5498,191,0
202604,시군구,경북,경산시,passenger,total,121882,대,승용>계,5498,191,1
202604,시군구,경북,경산시,special,private,461,대,특수>자가용,5498,191,0
202604,시군구,경북,경산시,van,business,382,대,승합>영업용,5498,191,0
202604,시군구,경북,경주시,truck,private,25848,대,화물>자가용,5498,192,0
202604,시군구,경북,경주시,special,official,19,대,특수>관용,5498,192,0
202604,시군구,경북,경주시,truck,total,28123,대,화물>계,5498,192,1
202604,시군구,경북,경주시,total,private,152057,대,총계>자가용,5498,192,1
202604,시군구,경북,경주시,van,private,3437,대,승합>자가용,5498,192,0
202604,시군구,경북,경주시,special,total,986,대,특수>계,5498,192,1
202604,시군구,경북,경주시,passenger,business,1570,대,승용>영업용,5498,192,0
202604,시군구,경북,경주시,truck,official,220,대,화물>관용,5498,192,0
202604,시군구,경북,경주시,special,business,376,대,특수>영업용,5498,192,0
202604,시군구,경북,경주시,total,official,599,대,총계>관용,5498,192,1
202604,시군구,경북,경주시,total,business,4516,대,총계>영업용,5498,192,1
202604,시군구,경북,경주시,total,total,157172,대,총계>계,5498,192,1
202604,시군구,경북,경주시,van,official,137,대,승합>관용,5498,192,0
202604,시군구,경북,경주시,truck,business,2055,대,화물>영업용,5498,192,0
202604,시군구,경북,경주시,van,total,4089,대,승합>계,5498,192,1
202604,시군구,경북,경주시,passenger,official,223,대,승용>관용,5498,192,0
202604,시군구,경북,경주시,passenger,private,122181,대,승용>자가용,5498,192,0
202604,시군구,경북,경주시,passenger,total,123974,대,승용>계,5498,192,1
202604,시군구,경북,경주시,special,private,591,대,특수>자가용,5498,192,0
202604,시군구,경북,경주시,van,business,515,대,승합>영업용,5498,192,0
202604,시군구,경북,고령군,truck,private,6599,대,화물>자가용,5498,193,0
202604,시군구,경북,고령군,special,official,18,대,특수>관용,5498,193,0
202604,시군구,경북,고령군,truck,total,7352,대,화물>계,5498,193,1
202604,시군구,경북,고령군,total,private,22029,대,총계>자가용,5498,193,1
202604,시군구,경북,고령군,van,private,607,대,승합>자가용,5498,193,0
202604,시군구,경북,고령군,special,total,160,대,특수>계,5498,193,1
202604,시군구,경북,고령군,passenger,business,36,대,승용>영업용,5498,193,0
202604,시군구,경북,고령군,truck,official,76,대,화물>관용,5498,193,0
202604,시군구,경북,고령군,special,business,53,대,특수>영업용,5498,193,0
202604,시군구,경북,고령군,total,official,185,대,총계>관용,5498,193,1
202604,시군구,경북,고령군,total,business,820,대,총계>영업용,5498,193,1
202604,시군구,경북,고령군,total,total,23034,대,총계>계,5498,193,1
202604,시군구,경북,고령군,van,official,31,대,승합>관용,5498,193,0
202604,시군구,경북,고령군,truck,business,677,대,화물>영업용,5498,193,0
202604,시군구,경북,고령군,van,total,692,대,승합>계,5498,193,1
202604,시군구,경북,고령군,passenger,official,60,대,승용>관용,5498,193,0
202604,시군구,경북,고령군,passenger,private,14734,대,승용>자가용,5498,193,0
202604,시군구,경북,고령군,passenger,total,14830,대,승용>계,5498,193,1
202604,시군구,경북,고령군,special,private,89,대,특수>자가용,5498,193,0
202604,시군구,경북,고령군,van,business,54,대,승합>영업용,5498,193,0
202604,시군구,경북,구미시,truck,private,25668,대,화물>자가용,5498,194,0
202604,시군구,경북,구미시,special,official,23,대,특수>관용,5498,194,0
202604,시군구,경북,구미시,truck,total,29516,대,화물>계,5498,194,1
202604,시군구,경북,구미시,total,private,227988,대,총계>자가용,5498,194,1
202604,시군구,경북,구미시,van,private,4588,대,승합>자가용,5498,194,0
202604,시군구,경북,구미시,special,total,1220,대,특수>계,5498,194,1
202604,시군구,경북,구미시,passenger,business,2352,대,승용>영업용,5498,194,0
202604,시군구,경북,구미시,truck,official,228,대,화물>관용,5498,194,0
202604,시군구,경북,구미시,special,business,476,대,특수>영업용,5498,194,0
202604,시군구,경북,구미시,total,official,564,대,총계>관용,5498,194,1
202604,시군구,경북,구미시,total,business,7259,대,총계>영업용,5498,194,1
202604,시군구,경북,구미시,total,total,235811,대,총계>계,5498,194,1
202604,시군구,경북,구미시,van,official,105,대,승합>관용,5498,194,0
202604,시군구,경북,구미시,truck,business,3620,대,화물>영업용,5498,194,0
202604,시군구,경북,구미시,van,total,5504,대,승합>계,5498,194,1
202604,시군구,경북,구미시,passenger,official,208,대,승용>관용,5498,194,0
202604,시군구,경북,구미시,passenger,private,197011,대,승용>자가용,5498,194,0
202604,시군구,경북,구미시,passenger,total,199571,대,승용>계,5498,194,1
202604,시군구,경북,구미시,special,private,721,대,특수>자가용,5498,194,0
202604,시군구,경북,구미시,van,business,811,대,승합>영업용,5498,194,0
202604,시군구,경북,군위군,truck,private,15,대,화물>자가용,5498,195,0
202604,시군구,경북,군위군,special,official,0,대,특수>관용,5498,195,0
202604,시군구,경북,군위군,truck,total,15,대,화물>계,5498,195,1
202604,시군구,경북,군위군,total,private,35,대,총계>자가용,5498,195,1
202604,시군구,경북,군위군,van,private,4,대,승합>자가용,5498,195,0
202604,시군구,경북,군위군,special,total,0,대,특수>계,5498,195,1
202604,시군구,경북,군위군,passenger,business,2,대,승용>영업용,5498,195,0
202604,시군구,경북,군위군,truck,official,0,대,화물>관용,5498,195,0
202604,시군구,경북,군위군,special,business,0,대,특수>영업용,5498,195,0
202604,시군구,경북,군위군,total,official,0,대,총계>관용,5498,195,1
202604,시군구,경북,군위군,total,business,2,대,총계>영업용,5498,195,1
202604,시군구,경북,군위군,total,total,37,대,총계>계,5498,195,1
202604,시군구,경북,군위군,van,official,0,대,승합>관용,5498,195,0
202604,시군구,경북,군위군,truck,business,0,대,화물>영업용,5498,195,0
202604,시군구,경북,군위군,van,total,4,대,승합>계,5498,195,1
202604,시군구,경북,군위군,passenger,official,0,대,승용>관용,5498,195,0
202604,시군구,경북,군위군,passenger,private,16,대,승용>자가용,5498,195,0
202604,시군구,경북,군위군,passenger,total,18,대,승용>계,5498,195,1
202604,시군구,경북,군위군,special,private,0,대,특수>자가용,5498,195,0
202604,시군구,경북,군위군,van,business,0,대,승합>영업용,5498,195,0
202604,시군구,경북,김천시,truck,private,17866,대,화물>자가용,5498,196,0
202604,시군구,경북,김천시,special,official,15,대,특수>관용,5498,196,0
202604,시군구,경북,김천시,truck,total,19203,대,화물>계,5498,196,1
202604,시군구,경북,김천시,total,private,79641,대,총계>자가용,5498,196,1
202604,시군구,경북,김천시,van,private,1859,대,승합>자가용,5498,196,0
202604,시군구,경북,김천시,special,total,475,대,특수>계,5498,196,1
202604,시군구,경북,김천시,passenger,business,590,대,승용>영업용,5498,196,0
202604,시군구,경북,김천시,truck,official,165,대,화물>관용,5498,196,0
202604,시군구,경북,김천시,special,business,196,대,특수>영업용,5498,196,0
202604,시군구,경북,김천시,total,official,414,대,총계>관용,5498,196,1
202604,시군구,경북,김천시,total,business,2237,대,총계>영업용,5498,196,1
202604,시군구,경북,김천시,total,total,82292,대,총계>계,5498,196,1
202604,시군구,경북,김천시,van,official,78,대,승합>관용,5498,196,0
202604,시군구,경북,김천시,truck,business,1172,대,화물>영업용,5498,196,0
202604,시군구,경북,김천시,van,total,2216,대,승합>계,5498,196,1
202604,시군구,경북,김천시,passenger,official,156,대,승용>관용,5498,196,0
202604,시군구,경북,김천시,passenger,private,59652,대,승용>자가용,5498,196,0
202604,시군구,경북,김천시,passenger,total,60398,대,승용>계,5498,196,1
202604,시군구,경북,김천시,special,private,264,대,특수>자가용,5498,196,0
202604,시군구,경북,김천시,van,business,279,대,승합>영업용,5498,196,0
202604,시군구,경북,문경시,truck,private,10369,대,화물>자가용,5498,197,0
202604,시군구,경북,문경시,special,official,13,대,특수>관용,5498,197,0
202604,시군구,경북,문경시,truck,total,10789,대,화물>계,5498,197,1
202604,시군구,경북,문경시,total,private,39109,대,총계>자가용,5498,197,1
202604,시군구,경북,문경시,van,private,1126,대,승합>자가용,5498,197,0
202604,시군구,경북,문경시,special,total,273,대,특수>계,5498,197,1
202604,시군구,경북,문경시,passenger,business,377,대,승용>영업용,5498,197,0
202604,시군구,경북,문경시,truck,official,127,대,화물>관용,5498,197,0
202604,시군구,경북,문경시,special,business,98,대,특수>영업용,5498,197,0
202604,시군구,경북,문경시,total,official,292,대,총계>관용,5498,197,1
202604,시군구,경북,문경시,total,business,885,대,총계>영업용,5498,197,1
202604,시군구,경북,문경시,total,total,40286,대,총계>계,5498,197,1
202604,시군구,경북,문경시,van,official,53,대,승합>관용,5498,197,0
202604,시군구,경북,문경시,truck,business,293,대,화물>영업용,5498,197,0
202604,시군구,경북,문경시,van,total,1296,대,승합>계,5498,197,1
202604,시군구,경북,문경시,passenger,official,99,대,승용>관용,5498,197,0
202604,시군구,경북,문경시,passenger,private,27452,대,승용>자가용,5498,197,0
202604,시군구,경북,문경시,passenger,total,27928,대,승용>계,5498,197,1
202604,시군구,경북,문경시,special,private,162,대,특수>자가용,5498,197,0
202604,시군구,경북,문경시,van,business,117,대,승합>영업용,5498,197,0
202604,시군구,경북,봉화군,truck,private,7205,대,화물>자가용,5498,198,0
202604,시군구,경북,봉화군,special,official,18,대,특수>관용,5498,198,0
202604,시군구,경북,봉화군,truck,total,7380,대,화물>계,5498,198,1
202604,시군구,경북,봉화군,total,private,18998,대,총계>자가용,5498,198,1
202604,시군구,경북,봉화군,van,private,394,대,승합>자가용,5498,198,0
202604,시군구,경북,봉화군,special,total,93,대,특수>계,5498,198,1
202604,시군구,경북,봉화군,passenger,business,45,대,승용>영업용,5498,198,0
202604,시군구,경북,봉화군,truck,official,90,대,화물>관용,5498,198,0
202604,시군구,경북,봉화군,special,business,15,대,특수>영업용,5498,198,0
202604,시군구,경북,봉화군,total,official,257,대,총계>관용,5498,198,1
202604,시군구,경북,봉화군,total,business,189,대,총계>영업용,5498,198,1
202604,시군구,경북,봉화군,total,total,19444,대,총계>계,5498,198,1
202604,시군구,경북,봉화군,van,official,50,대,승합>관용,5498,198,0
202604,시군구,경북,봉화군,truck,business,85,대,화물>영업용,5498,198,0
202604,시군구,경북,봉화군,van,total,488,대,승합>계,5498,198,1
202604,시군구,경북,봉화군,passenger,official,99,대,승용>관용,5498,198,0
202604,시군구,경북,봉화군,passenger,private,11339,대,승용>자가용,5498,198,0
202604,시군구,경북,봉화군,passenger,total,11483,대,승용>계,5498,198,1
202604,시군구,경북,봉화군,special,private,60,대,특수>자가용,5498,198,0
202604,시군구,경북,봉화군,van,business,44,대,승합>영업용,5498,198,0
202604,시군구,경북,상주시,truck,private,17374,대,화물>자가용,5498,199,0
202604,시군구,경북,상주시,special,official,17,대,특수>관용,5498,199,0
202604,시군구,경북,상주시,truck,total,18628,대,화물>계,5498,199,1
202604,시군구,경북,상주시,total,private,56810,대,총계>자가용,5498,199,1
202604,시군구,경북,상주시,van,private,1511,대,승합>자가용,5498,199,0
202604,시군구,경북,상주시,special,total,419,대,특수>계,5498,199,1
202604,시군구,경북,상주시,passenger,business,371,대,승용>영업용,5498,199,0
202604,시군구,경북,상주시,truck,official,208,대,화물>관용,5498,199,0
202604,시군구,경북,상주시,special,business,176,대,특수>영업용,5498,199,0
202604,시군구,경북,상주시,total,official,443,대,총계>관용,5498,199,1
202604,시군구,경북,상주시,total,business,1874,대,총계>영업용,5498,199,1
202604,시군구,경북,상주시,total,total,59127,대,총계>계,5498,199,1
202604,시군구,경북,상주시,van,official,85,대,승합>관용,5498,199,0
202604,시군구,경북,상주시,truck,business,1046,대,화물>영업용,5498,199,0
202604,시군구,경북,상주시,van,total,1877,대,승합>계,5498,199,1
202604,시군구,경북,상주시,passenger,official,133,대,승용>관용,5498,199,0
202604,시군구,경북,상주시,passenger,private,37699,대,승용>자가용,5498,199,0
202604,시군구,경북,상주시,passenger,total,38203,대,승용>계,5498,199,1
202604,시군구,경북,상주시,special,private,226,대,특수>자가용,5498,199,0
202604,시군구,경북,상주시,van,business,281,대,승합>영업용,5498,199,0
202604,시군구,경북,성주군,truck,private,11478,대,화물>자가용,5498,200,0
202604,시군구,경북,성주군,special,official,18,대,특수>관용,5498,200,0
202604,시군구,경북,성주군,truck,total,12540,대,화물>계,5498,200,1
202604,시군구,경북,성주군,total,private,33023,대,총계>자가용,5498,200,1
202604,시군구,경북,성주군,van,private,760,대,승합>자가용,5498,200,0
202604,시군구,경북,성주군,special,total,317,대,특수>계,5498,200,1
202604,시군구,경북,성주군,passenger,business,110,대,승용>영업용,5498,200,0
202604,시군구,경북,성주군,truck,official,90,대,화물>관용,5498,200,0
202604,시군구,경북,성주군,special,business,144,대,특수>영업용,5498,200,0
202604,시군구,경북,성주군,total,official,222,대,총계>관용,5498,200,1
202604,시군구,경북,성주군,total,business,1273,대,총계>영업용,5498,200,1
202604,시군구,경북,성주군,total,total,34518,대,총계>계,5498,200,1
202604,시군구,경북,성주군,van,official,40,대,승합>관용,5498,200,0
202604,시군구,경북,성주군,truck,business,972,대,화물>영업용,5498,200,0
202604,시군구,경북,성주군,van,total,847,대,승합>계,5498,200,1
202604,시군구,경북,성주군,passenger,official,74,대,승용>관용,5498,200,0
202604,시군구,경북,성주군,passenger,private,20630,대,승용>자가용,5498,200,0
202604,시군구,경북,성주군,passenger,total,20814,대,승용>계,5498,200,1
202604,시군구,경북,성주군,special,private,155,대,특수>자가용,5498,200,0
202604,시군구,경북,성주군,van,business,47,대,승합>영업용,5498,200,0
202604,시군구,경북,안동시,truck,private,19564,대,화물>자가용,5498,201,0
202604,시군구,경북,안동시,special,official,48,대,특수>관용,5498,201,0
202604,시군구,경북,안동시,truck,total,21078,대,화물>계,5498,201,1
202604,시군구,경북,안동시,total,private,88632,대,총계>자가용,5498,201,1
202604,시군구,경북,안동시,van,private,2004,대,승합>자가용,5498,201,0
202604,시군구,경북,안동시,special,total,679,대,특수>계,5498,201,1
202604,시군구,경북,안동시,passenger,business,917,대,승용>영업용,5498,201,0
202604,시군구,경북,안동시,truck,official,268,대,화물>관용,5498,201,0
202604,시군구,경북,안동시,special,business,238,대,특수>영업용,5498,201,0
202604,시군구,경북,안동시,total,official,826,대,총계>관용,5498,201,1
202604,시군구,경북,안동시,total,business,2703,대,총계>영업용,5498,201,1
202604,시군구,경북,안동시,total,total,92161,대,총계>계,5498,201,1
202604,시군구,경북,안동시,van,official,213,대,승합>관용,5498,201,0
202604,시군구,경북,안동시,truck,business,1246,대,화물>영업용,5498,201,0
202604,시군구,경북,안동시,van,total,2519,대,승합>계,5498,201,1
202604,시군구,경북,안동시,passenger,official,297,대,승용>관용,5498,201,0
202604,시군구,경북,안동시,passenger,private,66671,대,승용>자가용,5498,201,0
202604,시군구,경북,안동시,passenger,total,67885,대,승용>계,5498,201,1
202604,시군구,경북,안동시,special,private,393,대,특수>자가용,5498,201,0
202604,시군구,경북,안동시,van,business,302,대,승합>영업용,5498,201,0
202604,시군구,경북,영덕군,truck,private,6054,대,화물>자가용,5498,202,0
202604,시군구,경북,영덕군,special,official,20,대,특수>관용,5498,202,0
202604,시군구,경북,영덕군,truck,total,6315,대,화물>계,5498,202,1
202604,시군구,경북,영덕군,total,private,20072,대,총계>자가용,5498,202,1
202604,시군구,경북,영덕군,van,private,583,대,승합>자가용,5498,202,0
202604,시군구,경북,영덕군,special,total,133,대,특수>계,5498,202,1
202604,시군구,경북,영덕군,passenger,business,90,대,승용>영업용,5498,202,0
202604,시군구,경북,영덕군,truck,official,126,대,화물>관용,5498,202,0
202604,시군구,경북,영덕군,special,business,29,대,특수>영업용,5498,202,0
202604,시군구,경북,영덕군,total,official,271,대,총계>관용,5498,202,1
202604,시군구,경북,영덕군,total,business,306,대,총계>영업용,5498,202,1
202604,시군구,경북,영덕군,total,total,20649,대,총계>계,5498,202,1
202604,시군구,경북,영덕군,van,official,48,대,승합>관용,5498,202,0
202604,시군구,경북,영덕군,truck,business,135,대,화물>영업용,5498,202,0
202604,시군구,경북,영덕군,van,total,683,대,승합>계,5498,202,1
202604,시군구,경북,영덕군,passenger,official,77,대,승용>관용,5498,202,0
202604,시군구,경북,영덕군,passenger,private,13351,대,승용>자가용,5498,202,0
202604,시군구,경북,영덕군,passenger,total,13518,대,승용>계,5498,202,1
202604,시군구,경북,영덕군,special,private,84,대,특수>자가용,5498,202,0
202604,시군구,경북,영덕군,van,business,52,대,승합>영업용,5498,202,0
202604,시군구,경북,영양군,truck,private,4072,대,화물>자가용,5498,203,0
202604,시군구,경북,영양군,special,official,8,대,특수>관용,5498,203,0
202604,시군구,경북,영양군,truck,total,4196,대,화물>계,5498,203,1
202604,시군구,경북,영양군,total,private,11107,대,총계>자가용,5498,203,1
202604,시군구,경북,영양군,van,private,274,대,승합>자가용,5498,203,0
202604,시군구,경북,영양군,special,total,59,대,특수>계,5498,203,1
202604,시군구,경북,영양군,passenger,business,37,대,승용>영업용,5498,203,0
202604,시군구,경북,영양군,truck,official,71,대,화물>관용,5498,203,0
202604,시군구,경북,영양군,special,business,6,대,특수>영업용,5498,203,0
202604,시군구,경북,영양군,total,official,179,대,총계>관용,5498,203,1
202604,시군구,경북,영양군,total,business,123,대,총계>영업용,5498,203,1
202604,시군구,경북,영양군,total,total,11409,대,총계>계,5498,203,1
202604,시군구,경북,영양군,van,official,36,대,승합>관용,5498,203,0
202604,시군구,경북,영양군,truck,business,53,대,화물>영업용,5498,203,0
202604,시군구,경북,영양군,van,total,337,대,승합>계,5498,203,1
202604,시군구,경북,영양군,passenger,official,64,대,승용>관용,5498,203,0
202604,시군구,경북,영양군,passenger,private,6716,대,승용>자가용,5498,203,0
202604,시군구,경북,영양군,passenger,total,6817,대,승용>계,5498,203,1
202604,시군구,경북,영양군,special,private,45,대,특수>자가용,5498,203,0
202604,시군구,경북,영양군,van,business,27,대,승합>영업용,5498,203,0
202604,시군구,경북,영주시,truck,private,14683,대,화물>자가용,5498,204,0
202604,시군구,경북,영주시,special,official,27,대,특수>관용,5498,204,0
202604,시군구,경북,영주시,truck,total,15561,대,화물>계,5498,204,1
202604,시군구,경북,영주시,total,private,58416,대,총계>자가용,5498,204,1
202604,시군구,경북,영주시,van,private,1483,대,승합>자가용,5498,204,0
202604,시군구,경북,영주시,special,total,437,대,특수>계,5498,204,1
202604,시군구,경북,영주시,passenger,business,458,대,승용>영업용,5498,204,0
202604,시군구,경북,영주시,truck,official,153,대,화물>관용,5498,204,0
202604,시군구,경북,영주시,special,business,154,대,특수>영업용,5498,204,0
202604,시군구,경북,영주시,total,official,384,대,총계>관용,5498,204,1
202604,시군구,경북,영주시,total,business,1470,대,총계>영업용,5498,204,1
202604,시군구,경북,영주시,total,total,60270,대,총계>계,5498,204,1
202604,시군구,경북,영주시,van,official,75,대,승합>관용,5498,204,0
202604,시군구,경북,영주시,truck,business,725,대,화물>영업용,5498,204,0
202604,시군구,경북,영주시,van,total,1691,대,승합>계,5498,204,1
202604,시군구,경북,영주시,passenger,official,129,대,승용>관용,5498,204,0
202604,시군구,경북,영주시,passenger,private,41994,대,승용>자가용,5498,204,0
202604,시군구,경북,영주시,passenger,total,42581,대,승용>계,5498,204,1
202604,시군구,경북,영주시,special,private,256,대,특수>자가용,5498,204,0
202604,시군구,경북,영주시,van,business,133,대,승합>영업용,5498,204,0
202604,시군구,경북,영천시,truck,private,16068,대,화물>자가용,5498,205,0
202604,시군구,경북,영천시,special,official,19,대,특수>관용,5498,205,0
202604,시군구,경북,영천시,truck,total,17736,대,화물>계,5498,205,1
202604,시군구,경북,영천시,total,private,62917,대,총계>자가용,5498,205,1
202604,시군구,경북,영천시,van,private,1637,대,승합>자가용,5498,205,0
202604,시군구,경북,영천시,special,total,659,대,특수>계,5498,205,1
202604,시군구,경북,영천시,passenger,business,345,대,승용>영업용,5498,205,0
202604,시군구,경북,영천시,truck,official,153,대,화물>관용,5498,205,0
202604,시군구,경북,영천시,special,business,372,대,특수>영업용,5498,205,0
202604,시군구,경북,영천시,total,official,396,대,총계>관용,5498,205,1
202604,시군구,경북,영천시,total,business,2460,대,총계>영업용,5498,205,1
202604,시군구,경북,영천시,total,total,65773,대,총계>계,5498,205,1
202604,시군구,경북,영천시,van,official,81,대,승합>관용,5498,205,0
202604,시군구,경북,영천시,truck,business,1515,대,화물>영업용,5498,205,0
202604,시군구,경북,영천시,van,total,1946,대,승합>계,5498,205,1
202604,시군구,경북,영천시,passenger,official,143,대,승용>관용,5498,205,0
202604,시군구,경북,영천시,passenger,private,44944,대,승용>자가용,5498,205,0
202604,시군구,경북,영천시,passenger,total,45432,대,승용>계,5498,205,1
202604,시군구,경북,영천시,special,private,268,대,특수>자가용,5498,205,0
202604,시군구,경북,영천시,van,business,228,대,승합>영업용,5498,205,0
202604,시군구,경북,예천군,truck,private,8696,대,화물>자가용,5498,206,0
202604,시군구,경북,예천군,special,official,20,대,특수>관용,5498,206,0
202604,시군구,경북,예천군,truck,total,9012,대,화물>계,5498,206,1
202604,시군구,경북,예천군,total,private,33069,대,총계>자가용,5498,206,1
202604,시군구,경북,예천군,van,private,698,대,승합>자가용,5498,206,0
202604,시군구,경북,예천군,special,total,202,대,특수>계,5498,206,1
202604,시군구,경북,예천군,passenger,business,177,대,승용>영업용,5498,206,0
202604,시군구,경북,예천군,truck,official,110,대,화물>관용,5498,206,0
202604,시군구,경북,예천군,special,business,52,대,특수>영업용,5498,206,0
202604,시군구,경북,예천군,total,official,301,대,총계>관용,5498,206,1
202604,시군구,경북,예천군,total,business,518,대,총계>영업용,5498,206,1
202604,시군구,경북,예천군,total,total,33888,대,총계>계,5498,206,1
202604,시군구,경북,예천군,van,official,62,대,승합>관용,5498,206,0
202604,시군구,경북,예천군,truck,business,206,대,화물>영업용,5498,206,0
202604,시군구,경북,예천군,van,total,843,대,승합>계,5498,206,1
202604,시군구,경북,예천군,passenger,official,109,대,승용>관용,5498,206,0
202604,시군구,경북,예천군,passenger,private,23545,대,승용>자가용,5498,206,0
202604,시군구,경북,예천군,passenger,total,23831,대,승용>계,5498,206,1
202604,시군구,경북,예천군,special,private,130,대,특수>자가용,5498,206,0
202604,시군구,경북,예천군,van,business,83,대,승합>영업용,5498,206,0
202604,시군구,경북,울릉군,truck,private,1430,대,화물>자가용,5498,207,0
202604,시군구,경북,울릉군,special,official,10,대,특수>관용,5498,207,0
202604,시군구,경북,울릉군,truck,total,1518,대,화물>계,5498,207,1
202604,시군구,경북,울릉군,total,private,6117,대,총계>자가용,5498,207,1
202604,시군구,경북,울릉군,van,private,251,대,승합>자가용,5498,207,0
202604,시군구,경북,울릉군,special,total,38,대,특수>계,5498,207,1
202604,시군구,경북,울릉군,passenger,business,254,대,승용>영업용,5498,207,0
202604,시군구,경북,울릉군,truck,official,61,대,화물>관용,5498,207,0
202604,시군구,경북,울릉군,special,business,4,대,특수>영업용,5498,207,0
202604,시군구,경북,울릉군,total,official,150,대,총계>관용,5498,207,1
202604,시군구,경북,울릉군,total,business,483,대,총계>영업용,5498,207,1
202604,시군구,경북,울릉군,total,total,6750,대,총계>계,5498,207,1
202604,시군구,경북,울릉군,van,official,20,대,승합>관용,5498,207,0
202604,시군구,경북,울릉군,truck,business,27,대,화물>영업용,5498,207,0
202604,시군구,경북,울릉군,van,total,469,대,승합>계,5498,207,1
202604,시군구,경북,울릉군,passenger,official,59,대,승용>관용,5498,207,0
202604,시군구,경북,울릉군,passenger,private,4412,대,승용>자가용,5498,207,0
202604,시군구,경북,울릉군,passenger,total,4725,대,승용>계,5498,207,1
202604,시군구,경북,울릉군,special,private,24,대,특수>자가용,5498,207,0
202604,시군구,경북,울릉군,van,business,198,대,승합>영업용,5498,207,0
202604,시군구,경북,울진군,truck,private,6665,대,화물>자가용,5498,208,0
202604,시군구,경북,울진군,special,official,24,대,특수>관용,5498,208,0
202604,시군구,경북,울진군,truck,total,6909,대,화물>계,5498,208,1
202604,시군구,경북,울진군,total,private,28958,대,총계>자가용,5498,208,1
202604,시군구,경북,울진군,van,private,591,대,승합>자가용,5498,208,0
202604,시군구,경북,울진군,special,total,200,대,특수>계,5498,208,1
202604,시군구,경북,울진군,passenger,business,107,대,승용>영업용,5498,208,0
202604,시군구,경북,울진군,truck,official,121,대,화물>관용,5498,208,0
202604,시군구,경북,울진군,special,business,43,대,특수>영업용,5498,208,0
202604,시군구,경북,울진군,total,official,339,대,총계>관용,5498,208,1
202604,시군구,경북,울진군,total,business,363,대,총계>영업용,5498,208,1
202604,시군구,경북,울진군,total,total,29660,대,총계>계,5498,208,1
202604,시군구,경북,울진군,van,official,60,대,승합>관용,5498,208,0
202604,시군구,경북,울진군,truck,business,123,대,화물>영업용,5498,208,0
202604,시군구,경북,울진군,van,total,741,대,승합>계,5498,208,1
202604,시군구,경북,울진군,passenger,official,134,대,승용>관용,5498,208,0
202604,시군구,경북,울진군,passenger,private,21569,대,승용>자가용,5498,208,0
202604,시군구,경북,울진군,passenger,total,21810,대,승용>계,5498,208,1
202604,시군구,경북,울진군,special,private,133,대,특수>자가용,5498,208,0
202604,시군구,경북,울진군,van,business,90,대,승합>영업용,5498,208,0
202604,시군구,경북,의성군,truck,private,12395,대,화물>자가용,5498,209,0
202604,시군구,경북,의성군,special,official,11,대,특수>관용,5498,209,0
202604,시군구,경북,의성군,truck,total,13438,대,화물>계,5498,209,1
202604,시군구,경북,의성군,total,private,33606,대,총계>자가용,5498,209,1
202604,시군구,경북,의성군,van,private,817,대,승합>자가용,5498,209,0
202604,시군구,경북,의성군,special,total,242,대,특수>계,5498,209,1
202604,시군구,경북,의성군,passenger,business,87,대,승용>영업용,5498,209,0
202604,시군구,경북,의성군,truck,official,158,대,화물>관용,5498,209,0
202604,시군구,경북,의성군,special,business,102,대,특수>영업용,5498,209,0
202604,시군구,경북,의성군,total,official,319,대,총계>관용,5498,209,1
202604,시군구,경북,의성군,total,business,1149,대,총계>영업용,5498,209,1
202604,시군구,경북,의성군,total,total,35074,대,총계>계,5498,209,1
202604,시군구,경북,의성군,van,official,67,대,승합>관용,5498,209,0
202604,시군구,경북,의성군,truck,business,885,대,화물>영업용,5498,209,0
202604,시군구,경북,의성군,van,total,959,대,승합>계,5498,209,1
202604,시군구,경북,의성군,passenger,official,83,대,승용>관용,5498,209,0
202604,시군구,경북,의성군,passenger,private,20265,대,승용>자가용,5498,209,0
202604,시군구,경북,의성군,passenger,total,20435,대,승용>계,5498,209,1
202604,시군구,경북,의성군,special,private,129,대,특수>자가용,5498,209,0
202604,시군구,경북,의성군,van,business,75,대,승합>영업용,5498,209,0
202604,시군구,경북,청도군,truck,private,7985,대,화물>자가용,5498,210,0
202604,시군구,경북,청도군,special,official,16,대,특수>관용,5498,210,0
202604,시군구,경북,청도군,truck,total,8713,대,화물>계,5498,210,1
202604,시군구,경북,청도군,total,private,26928,대,총계>자가용,5498,210,1
202604,시군구,경북,청도군,van,private,606,대,승합>자가용,5498,210,0
202604,시군구,경북,청도군,special,total,296,대,특수>계,5498,210,1
202604,시군구,경북,청도군,passenger,business,157,대,승용>영업용,5498,210,0
202604,시군구,경북,청도군,truck,official,93,대,화물>관용,5498,210,0
202604,시군구,경북,청도군,special,business,171,대,특수>영업용,5498,210,0
202604,시군구,경북,청도군,total,official,240,대,총계>관용,5498,210,1
202604,시군구,경북,청도군,total,business,1015,대,총계>영업용,5498,210,1
202604,시군구,경북,청도군,total,total,28183,대,총계>계,5498,210,1
202604,시군구,경북,청도군,van,official,46,대,승합>관용,5498,210,0
202604,시군구,경북,청도군,truck,business,635,대,화물>영업용,5498,210,0
202604,시군구,경북,청도군,van,total,704,대,승합>계,5498,210,1
202604,시군구,경북,청도군,passenger,official,85,대,승용>관용,5498,210,0
202604,시군구,경북,청도군,passenger,private,18228,대,승용>자가용,5498,210,0
202604,시군구,경북,청도군,passenger,total,18470,대,승용>계,5498,210,1
202604,시군구,경북,청도군,special,private,109,대,특수>자가용,5498,210,0
202604,시군구,경북,청도군,van,business,52,대,승합>영업용,5498,210,0
202604,시군구,경북,청송군,truck,private,6182,대,화물>자가용,5498,211,0
202604,시군구,경북,청송군,special,official,12,대,특수>관용,5498,211,0
202604,시군구,경북,청송군,truck,total,6389,대,화물>계,5498,211,1
202604,시군구,경북,청송군,total,private,17022,대,총계>자가용,5498,211,1
202604,시군구,경북,청송군,van,private,469,대,승합>자가용,5498,211,0
202604,시군구,경북,청송군,special,total,92,대,특수>계,5498,211,1
202604,시군구,경북,청송군,passenger,business,37,대,승용>영업용,5498,211,0
202604,시군구,경북,청송군,truck,official,88,대,화물>관용,5498,211,0
202604,시군구,경북,청송군,special,business,15,대,특수>영업용,5498,211,0
202604,시군구,경북,청송군,total,official,223,대,총계>관용,5498,211,1
202604,시군구,경북,청송군,total,business,216,대,총계>영업용,5498,211,1
202604,시군구,경북,청송군,total,total,17461,대,총계>계,5498,211,1
202604,시군구,경북,청송군,van,official,62,대,승합>관용,5498,211,0
202604,시군구,경북,청송군,truck,business,119,대,화물>영업용,5498,211,0
202604,시군구,경북,청송군,van,total,576,대,승합>계,5498,211,1
202604,시군구,경북,청송군,passenger,official,61,대,승용>관용,5498,211,0
202604,시군구,경북,청송군,passenger,private,10306,대,승용>자가용,5498,211,0
202604,시군구,경북,청송군,passenger,total,10404,대,승용>계,5498,211,1
202604,시군구,경북,청송군,special,private,65,대,특수>자가용,5498,211,0
202604,시군구,경북,청송군,van,business,45,대,승합>영업용,5498,211,0
202604,시군구,경북,칠곡군,truck,private,12897,대,화물>자가용,5498,212,0
202604,시군구,경북,칠곡군,special,official,14,대,특수>관용,5498,212,0
202604,시군구,경북,칠곡군,truck,total,14617,대,화물>계,5498,212,1
202604,시군구,경북,칠곡군,total,private,70665,대,총계>자가용,5498,212,1
202604,시군구,경북,칠곡군,van,private,1659,대,승합>자가용,5498,212,0
202604,시군구,경북,칠곡군,special,total,581,대,특수>계,5498,212,1
202604,시군구,경북,칠곡군,passenger,business,295,대,승용>영업용,5498,212,0
202604,시군구,경북,칠곡군,truck,official,114,대,화물>관용,5498,212,0
202604,시군구,경북,칠곡군,special,business,295,대,특수>영업용,5498,212,0
202604,시군구,경북,칠곡군,total,official,299,대,총계>관용,5498,212,1
202604,시군구,경북,칠곡군,total,business,2544,대,총계>영업용,5498,212,1
202604,시군구,경북,칠곡군,total,total,73508,대,총계>계,5498,212,1
202604,시군구,경북,칠곡군,van,official,60,대,승합>관용,5498,212,0
202604,시군구,경북,칠곡군,truck,business,1606,대,화물>영업용,5498,212,0
202604,시군구,경북,칠곡군,van,total,2067,대,승합>계,5498,212,1
202604,시군구,경북,칠곡군,passenger,official,111,대,승용>관용,5498,212,0
202604,시군구,경북,칠곡군,passenger,private,55837,대,승용>자가용,5498,212,0
202604,시군구,경북,칠곡군,passenger,total,56243,대,승용>계,5498,212,1
202604,시군구,경북,칠곡군,special,private,272,대,특수>자가용,5498,212,0
202604,시군구,경북,칠곡군,van,business,348,대,승합>영업용,5498,212,0
202604,시군구,경북,포항시 남구,truck,private,17605,대,화물>자가용,5498,213,0
202604,시군구,경북,포항시 남구,special,official,13,대,특수>관용,5498,213,0
202604,시군구,경북,포항시 남구,truck,total,21841,대,화물>계,5498,213,1
202604,시군구,경북,포항시 남구,total,private,123602,대,총계>자가용,5498,213,1
202604,시군구,경북,포항시 남구,van,private,2661,대,승합>자가용,5498,213,0
202604,시군구,경북,포항시 남구,special,total,2169,대,특수>계,5498,213,1
202604,시군구,경북,포항시 남구,passenger,business,1394,대,승용>영업용,5498,213,0
202604,시군구,경북,포항시 남구,truck,official,214,대,화물>관용,5498,213,0
202604,시군구,경북,포항시 남구,special,business,1676,대,특수>영업용,5498,213,0
202604,시군구,경북,포항시 남구,total,official,460,대,총계>관용,5498,213,1
202604,시군구,경북,포항시 남구,total,business,7826,대,총계>영업용,5498,213,1
202604,시군구,경북,포항시 남구,total,total,131888,대,총계>계,5498,213,1
202604,시군구,경북,포항시 남구,van,official,75,대,승합>관용,5498,213,0
202604,시군구,경북,포항시 남구,truck,business,4022,대,화물>영업용,5498,213,0
202604,시군구,경북,포항시 남구,van,total,3470,대,승합>계,5498,213,1
202604,시군구,경북,포항시 남구,passenger,official,158,대,승용>관용,5498,213,0
202604,시군구,경북,포항시 남구,passenger,private,102856,대,승용>자가용,5498,213,0
202604,시군구,경북,포항시 남구,passenger,total,104408,대,승용>계,5498,213,1
202604,시군구,경북,포항시 남구,special,private,480,대,특수>자가용,5498,213,0
202604,시군구,경북,포항시 남구,van,business,734,대,승합>영업용,5498,213,0
202604,시군구,경북,포항시 북구,truck,private,18109,대,화물>자가용,5498,214,0
202604,시군구,경북,포항시 북구,special,official,30,대,특수>관용,5498,214,0
202604,시군구,경북,포항시 북구,truck,total,19347,대,화물>계,5498,214,1
202604,시군구,경북,포항시 북구,total,private,155382,대,총계>자가용,5498,214,1
202604,시군구,경북,포항시 북구,van,private,2717,대,승합>자가용,5498,214,0
202604,시군구,경북,포항시 북구,special,total,816,대,특수>계,5498,214,1
202604,시군구,경북,포항시 북구,passenger,business,2145,대,승용>영업용,5498,214,0
202604,시군구,경북,포항시 북구,truck,official,111,대,화물>관용,5498,214,0
202604,시군구,경북,포항시 북구,special,business,298,대,특수>영업용,5498,214,0
202604,시군구,경북,포항시 북구,total,official,406,대,총계>관용,5498,214,1
202604,시군구,경북,포항시 북구,total,business,3912,대,총계>영업용,5498,214,1
202604,시군구,경북,포항시 북구,total,total,159700,대,총계>계,5498,214,1
202604,시군구,경북,포항시 북구,van,official,93,대,승합>관용,5498,214,0
202604,시군구,경북,포항시 북구,truck,business,1127,대,화물>영업용,5498,214,0
202604,시군구,경북,포항시 북구,van,total,3152,대,승합>계,5498,214,1
202604,시군구,경북,포항시 북구,passenger,official,172,대,승용>관용,5498,214,0
202604,시군구,경북,포항시 북구,passenger,private,134068,대,승용>자가용,5498,214,0
202604,시군구,경북,포항시 북구,passenger,total,136385,대,승용>계,5498,214,1
202604,시군구,경북,포항시 북구,special,private,488,대,특수>자가용,5498,214,0
202604,시군구,경북,포항시 북구,van,business,342,대,승합>영업용,5498,214,0
202604,시도,경북,,truck,private,296884,대,화물>자가용,5498,215,0
202604,시도,경북,,special,official,430,대,특수>관용,5498,215,0
202604,시도,경북,,truck,total,325205,대,화물>계,5498,215,1
202604,시도,경북,,total,private,1512336,대,총계>자가용,5498,215,1
202604,시도,경북,,van,private,33557,대,승합>자가용,5498,215,0
202604,시도,경북,,special,total,11428,대,특수>계,5498,215,1
202604,시도,경북,,passenger,business,12862,대,승용>영업용,5498,215,0
202604,시도,경북,,truck,official,3174,대,화물>관용,5498,215,0
202604,시도,경북,,special,business,5393,대,특수>영업용,5498,215,0
202604,시도,경북,,total,official,8164,대,총계>관용,5498,215,1
202604,시도,경북,,total,business,48641,대,총계>영업용,5498,215,1
202604,시도,경북,,total,total,1569141,대,총계>계,5498,215,1
202604,시도,경북,,van,official,1667,대,승합>관용,5498,215,0
202604,시도,경북,,truck,business,25147,대,화물>영업용,5498,215,0
202604,시도,경북,,van,total,40463,대,승합>계,5498,215,1
202604,시도,경북,,passenger,official,2893,대,승용>관용,5498,215,0
202604,시도,경북,,passenger,private,1176290,대,승용>자가용,5498,215,0
202604,시도,경북,,passenger,total,1192045,대,승용>계,5498,215,1
202604,시도,경북,,special,private,5605,대,특수>자가용,5498,215,0
202604,시도,경북,,van,business,5239,대,승합>영업용,5498,215,0
202604,시군구,경남,거제시,truck,private,12041,대,화물>자가용,5498,216,0
202604,시군구,경남,거제시,special,official,17,대,특수>관용,5498,216,0
202604,시군구,경남,거제시,truck,total,12720,대,화물>계,5498,216,1
202604,시군구,경남,거제시,total,private,112554,대,총계>자가용,5498,216,1
202604,시군구,경남,거제시,van,private,2549,대,승합>자가용,5498,216,0
202604,시군구,경남,거제시,special,total,530,대,특수>계,5498,216,1
202604,시군구,경남,거제시,passenger,business,981,대,승용>영업용,5498,216,0
202604,시군구,경남,거제시,truck,official,152,대,화물>관용,5498,216,0
202604,시군구,경남,거제시,special,business,166,대,특수>영업용,5498,216,0
202604,시군구,경남,거제시,total,official,377,대,총계>관용,5498,216,1
202604,시군구,경남,거제시,total,business,2140,대,총계>영업용,5498,216,1
202604,시군구,경남,거제시,total,total,115071,대,총계>계,5498,216,1
202604,시군구,경남,거제시,van,official,78,대,승합>관용,5498,216,0
202604,시군구,경남,거제시,truck,business,527,대,화물>영업용,5498,216,0
202604,시군구,경남,거제시,van,total,3093,대,승합>계,5498,216,1
202604,시군구,경남,거제시,passenger,official,130,대,승용>관용,5498,216,0
202604,시군구,경남,거제시,passenger,private,97617,대,승용>자가용,5498,216,0
202604,시군구,경남,거제시,passenger,total,98728,대,승용>계,5498,216,1
202604,시군구,경남,거제시,special,private,347,대,특수>자가용,5498,216,0
202604,시군구,경남,거제시,van,business,466,대,승합>영업용,5498,216,0
202604,시군구,경남,거창군,truck,private,9325,대,화물>자가용,5498,217,0
202604,시군구,경남,거창군,special,official,16,대,특수>관용,5498,217,0
202604,시군구,경남,거창군,truck,total,9687,대,화물>계,5498,217,1
202604,시군구,경남,거창군,total,private,35492,대,총계>자가용,5498,217,1
202604,시군구,경남,거창군,van,private,817,대,승합>자가용,5498,217,0
202604,시군구,경남,거창군,special,total,283,대,특수>계,5498,217,1
202604,시군구,경남,거창군,passenger,business,179,대,승용>영업용,5498,217,0
202604,시군구,경남,거창군,truck,official,103,대,화물>관용,5498,217,0
202604,시군구,경남,거창군,special,business,178,대,특수>영업용,5498,217,0
202604,시군구,경남,거창군,total,official,295,대,총계>관용,5498,217,1
202604,시군구,경남,거창군,total,business,805,대,총계>영업용,5498,217,1
202604,시군구,경남,거창군,total,total,36592,대,총계>계,5498,217,1
202604,시군구,경남,거창군,van,official,70,대,승합>관용,5498,217,0
202604,시군구,경남,거창군,truck,business,259,대,화물>영업용,5498,217,0
202604,시군구,경남,거창군,van,total,1076,대,승합>계,5498,217,1
202604,시군구,경남,거창군,passenger,official,106,대,승용>관용,5498,217,0
202604,시군구,경남,거창군,passenger,private,25261,대,승용>자가용,5498,217,0
202604,시군구,경남,거창군,passenger,total,25546,대,승용>계,5498,217,1
202604,시군구,경남,거창군,special,private,89,대,특수>자가용,5498,217,0
202604,시군구,경남,거창군,van,business,189,대,승합>영업용,5498,217,0
202604,시군구,경남,고성군,truck,private,7389,대,화물>자가용,5498,218,0
202604,시군구,경남,고성군,special,official,11,대,특수>관용,5498,218,0
202604,시군구,경남,고성군,truck,total,7701,대,화물>계,5498,218,1
202604,시군구,경남,고성군,total,private,28015,대,총계>자가용,5498,218,1
202604,시군구,경남,고성군,van,private,655,대,승합>자가용,5498,218,0
202604,시군구,경남,고성군,special,total,221,대,특수>계,5498,218,1
202604,시군구,경남,고성군,passenger,business,176,대,승용>영업용,5498,218,0
202604,시군구,경남,고성군,truck,official,93,대,화물>관용,5498,218,0
202604,시군구,경남,고성군,special,business,65,대,특수>영업용,5498,218,0
202604,시군구,경남,고성군,total,official,235,대,총계>관용,5498,218,1
202604,시군구,경남,고성군,total,business,551,대,총계>영업용,5498,218,1
202604,시군구,경남,고성군,total,total,28801,대,총계>계,5498,218,1
202604,시군구,경남,고성군,van,official,65,대,승합>관용,5498,218,0
202604,시군구,경남,고성군,truck,business,219,대,화물>영업용,5498,218,0
202604,시군구,경남,고성군,van,total,811,대,승합>계,5498,218,1
202604,시군구,경남,고성군,passenger,official,66,대,승용>관용,5498,218,0
202604,시군구,경남,고성군,passenger,private,19826,대,승용>자가용,5498,218,0
202604,시군구,경남,고성군,passenger,total,20068,대,승용>계,5498,218,1
202604,시군구,경남,고성군,special,private,145,대,특수>자가용,5498,218,0
202604,시군구,경남,고성군,van,business,91,대,승합>영업용,5498,218,0
202604,시군구,경남,김해시,truck,private,40992,대,화물>자가용,5498,219,0
202604,시군구,경남,김해시,special,official,43,대,특수>관용,5498,219,0
202604,시군구,경남,김해시,truck,total,46077,대,화물>계,5498,219,1
202604,시군구,경남,김해시,total,private,300792,대,총계>자가용,5498,219,1
202604,시군구,경남,김해시,van,private,5615,대,승합>자가용,5498,219,0
202604,시군구,경남,김해시,special,total,1498,대,특수>계,5498,219,1
202604,시군구,경남,김해시,passenger,business,2214,대,승용>영업용,5498,219,0
202604,시군구,경남,김해시,truck,official,241,대,화물>관용,5498,219,0
202604,시군구,경남,김해시,special,business,625,대,특수>영업용,5498,219,0
202604,시군구,경남,김해시,total,official,716,대,총계>관용,5498,219,1
202604,시군구,경남,김해시,total,business,8306,대,총계>영업용,5498,219,1
202604,시군구,경남,김해시,total,total,309814,대,총계>계,5498,219,1
202604,시군구,경남,김해시,van,official,156,대,승합>관용,5498,219,0
202604,시군구,경남,김해시,truck,business,4844,대,화물>영업용,5498,219,0
202604,시군구,경남,김해시,van,total,6394,대,승합>계,5498,219,1
202604,시군구,경남,김해시,passenger,official,276,대,승용>관용,5498,219,0
202604,시군구,경남,김해시,passenger,private,253355,대,승용>자가용,5498,219,0
202604,시군구,경남,김해시,passenger,total,255845,대,승용>계,5498,219,1
202604,시군구,경남,김해시,special,private,830,대,특수>자가용,5498,219,0
202604,시군구,경남,김해시,van,business,623,대,승합>영업용,5498,219,0
202604,시군구,경남,남해군,truck,private,6294,대,화물>자가용,5498,220,0
202604,시군구,경남,남해군,special,official,8,대,특수>관용,5498,220,0
202604,시군구,경남,남해군,truck,total,6584,대,화물>계,5498,220,1
202604,시군구,경남,남해군,total,private,22253,대,총계>자가용,5498,220,1
202604,시군구,경남,남해군,van,private,520,대,승합>자가용,5498,220,0
202604,시군구,경남,남해군,special,total,109,대,특수>계,5498,220,1
202604,시군구,경남,남해군,passenger,business,142,대,승용>영업용,5498,220,0
202604,시군구,경남,남해군,truck,official,138,대,화물>관용,5498,220,0
202604,시군구,경남,남해군,special,business,28,대,특수>영업용,5498,220,0
202604,시군구,경남,남해군,total,official,300,대,총계>관용,5498,220,1
202604,시군구,경남,남해군,total,business,427,대,총계>영업용,5498,220,1
202604,시군구,경남,남해군,total,total,22980,대,총계>계,5498,220,1
202604,시군구,경남,남해군,van,official,54,대,승합>관용,5498,220,0
202604,시군구,경남,남해군,truck,business,152,대,화물>영업용,5498,220,0
202604,시군구,경남,남해군,van,total,679,대,승합>계,5498,220,1
202604,시군구,경남,남해군,passenger,official,100,대,승용>관용,5498,220,0
202604,시군구,경남,남해군,passenger,private,15366,대,승용>자가용,5498,220,0
202604,시군구,경남,남해군,passenger,total,15608,대,승용>계,5498,220,1
202604,시군구,경남,남해군,special,private,73,대,특수>자가용,5498,220,0
202604,시군구,경남,남해군,van,business,105,대,승합>영업용,5498,220,0
202604,시군구,경남,밀양시,truck,private,13617,대,화물>자가용,5498,221,0
202604,시군구,경남,밀양시,special,official,17,대,특수>관용,5498,221,0
202604,시군구,경남,밀양시,truck,total,16372,대,화물>계,5498,221,1
202604,시군구,경남,밀양시,total,private,59524,대,총계>자가용,5498,221,1
202604,시군구,경남,밀양시,van,private,1266,대,승합>자가용,5498,221,0
202604,시군구,경남,밀양시,special,total,831,대,특수>계,5498,221,1
202604,시군구,경남,밀양시,passenger,business,477,대,승용>영업용,5498,221,0
202604,시군구,경남,밀양시,truck,official,110,대,화물>관용,5498,221,0
202604,시군구,경남,밀양시,special,business,590,대,특수>영업용,5498,221,0
202604,시군구,경남,밀양시,total,official,336,대,총계>관용,5498,221,1
202604,시군구,경남,밀양시,total,business,3916,대,총계>영업용,5498,221,1
202604,시군구,경남,밀양시,total,total,63776,대,총계>계,5498,221,1
202604,시군구,경남,밀양시,van,official,92,대,승합>관용,5498,221,0
202604,시군구,경남,밀양시,truck,business,2645,대,화물>영업용,5498,221,0
202604,시군구,경남,밀양시,van,total,1562,대,승합>계,5498,221,1
202604,시군구,경남,밀양시,passenger,official,117,대,승용>관용,5498,221,0
202604,시군구,경남,밀양시,passenger,private,44417,대,승용>자가용,5498,221,0
202604,시군구,경남,밀양시,passenger,total,45011,대,승용>계,5498,221,1
202604,시군구,경남,밀양시,special,private,224,대,특수>자가용,5498,221,0
202604,시군구,경남,밀양시,van,business,204,대,승합>영업용,5498,221,0
202604,시군구,경남,사천시,truck,private,10471,대,화물>자가용,5498,222,0
202604,시군구,경남,사천시,special,official,18,대,특수>관용,5498,222,0
202604,시군구,경남,사천시,truck,total,11193,대,화물>계,5498,222,1
202604,시군구,경남,사천시,total,private,61870,대,총계>자가용,5498,222,1
202604,시군구,경남,사천시,van,private,1364,대,승합>자가용,5498,222,0
202604,시군구,경남,사천시,special,total,341,대,특수>계,5498,222,1
202604,시군구,경남,사천시,passenger,business,637,대,승용>영업용,5498,222,0
202604,시군구,경남,사천시,truck,official,139,대,화물>관용,5498,222,0
202604,시군구,경남,사천시,special,business,118,대,특수>영업용,5498,222,0
202604,시군구,경남,사천시,total,official,344,대,총계>관용,5498,222,1
202604,시군구,경남,사천시,total,business,1518,대,총계>영업용,5498,222,1
202604,시군구,경남,사천시,total,total,63732,대,총계>계,5498,222,1
202604,시군구,경남,사천시,van,official,80,대,승합>관용,5498,222,0
202604,시군구,경남,사천시,truck,business,583,대,화물>영업용,5498,222,0
202604,시군구,경남,사천시,van,total,1624,대,승합>계,5498,222,1
202604,시군구,경남,사천시,passenger,official,107,대,승용>관용,5498,222,0
202604,시군구,경남,사천시,passenger,private,49830,대,승용>자가용,5498,222,0
202604,시군구,경남,사천시,passenger,total,50574,대,승용>계,5498,222,1
202604,시군구,경남,사천시,special,private,205,대,특수>자가용,5498,222,0
202604,시군구,경남,사천시,van,business,180,대,승합>영업용,5498,222,0
202604,시군구,경남,산청군,truck,private,7283,대,화물>자가용,5498,223,0
202604,시군구,경남,산청군,special,official,11,대,특수>관용,5498,223,0
202604,시군구,경남,산청군,truck,total,7853,대,화물>계,5498,223,1
202604,시군구,경남,산청군,total,private,22043,대,총계>자가용,5498,223,1
202604,시군구,경남,산청군,van,private,467,대,승합>자가용,5498,223,0
202604,시군구,경남,산청군,special,total,310,대,특수>계,5498,223,1
202604,시군구,경남,산청군,passenger,business,53,대,승용>영업용,5498,223,0
202604,시군구,경남,산청군,truck,official,99,대,화물>관용,5498,223,0
202604,시군구,경남,산청군,special,business,149,대,특수>영업용,5498,223,0
202604,시군구,경남,산청군,total,official,261,대,총계>관용,5498,223,1
202604,시군구,경남,산청군,total,business,728,대,총계>영업용,5498,223,1
202604,시군구,경남,산청군,total,total,23032,대,총계>계,5498,223,1
202604,시군구,경남,산청군,van,official,60,대,승합>관용,5498,223,0
202604,시군구,경남,산청군,truck,business,471,대,화물>영업용,5498,223,0
202604,시군구,경남,산청군,van,total,582,대,승합>계,5498,223,1
202604,시군구,경남,산청군,passenger,official,91,대,승용>관용,5498,223,0
202604,시군구,경남,산청군,passenger,private,14143,대,승용>자가용,5498,223,0
202604,시군구,경남,산청군,passenger,total,14287,대,승용>계,5498,223,1
202604,시군구,경남,산청군,special,private,150,대,특수>자가용,5498,223,0
202604,시군구,경남,산청군,van,business,55,대,승합>영업용,5498,223,0
202604,시군구,경남,양산시,truck,private,22313,대,화물>자가용,5498,224,0
202604,시군구,경남,양산시,special,official,29,대,특수>관용,5498,224,0
202604,시군구,경남,양산시,truck,total,29647,대,화물>계,5498,224,1
202604,시군구,경남,양산시,total,private,186786,대,총계>자가용,5498,224,1
202604,시군구,경남,양산시,van,private,3823,대,승합>자가용,5498,224,0
202604,시군구,경남,양산시,special,total,2182,대,특수>계,5498,224,1
202604,시군구,경남,양산시,passenger,business,1035,대,승용>영업용,5498,224,0
202604,시군구,경남,양산시,truck,official,157,대,화물>관용,5498,224,0
202604,시군구,경남,양산시,special,business,1476,대,특수>영업용,5498,224,0
202604,시군구,경남,양산시,total,official,464,대,총계>관용,5498,224,1
202604,시군구,경남,양산시,total,business,10436,대,총계>영업용,5498,224,1
202604,시군구,경남,양산시,total,total,197686,대,총계>계,5498,224,1
202604,시군구,경남,양산시,van,official,88,대,승합>관용,5498,224,0
202604,시군구,경남,양산시,truck,business,7177,대,화물>영업용,5498,224,0
202604,시군구,경남,양산시,van,total,4659,대,승합>계,5498,224,1
202604,시군구,경남,양산시,passenger,official,190,대,승용>관용,5498,224,0
202604,시군구,경남,양산시,passenger,private,159973,대,승용>자가용,5498,224,0
202604,시군구,경남,양산시,passenger,total,161198,대,승용>계,5498,224,1
202604,시군구,경남,양산시,special,private,677,대,특수>자가용,5498,224,0
202604,시군구,경남,양산시,van,business,748,대,승합>영업용,5498,224,0
202604,시군구,경남,의령군,truck,private,4547,대,화물>자가용,5498,225,0
202604,시군구,경남,의령군,special,official,14,대,특수>관용,5498,225,0
202604,시군구,경남,의령군,truck,total,5205,대,화물>계,5498,225,1
202604,시군구,경남,의령군,total,private,15607,대,총계>자가용,5498,225,1
202604,시군구,경남,의령군,van,private,351,대,승합>자가용,5498,225,0
202604,시군구,경남,의령군,special,total,204,대,특수>계,5498,225,1
202604,시군구,경남,의령군,passenger,business,44,대,승용>영업용,5498,225,0
202604,시군구,경남,의령군,truck,official,94,대,화물>관용,5498,225,0
202604,시군구,경남,의령군,special,business,124,대,특수>영업용,5498,225,0
202604,시군구,경남,의령군,total,official,229,대,총계>관용,5498,225,1
202604,시군구,경남,의령군,total,business,774,대,총계>영업용,5498,225,1
202604,시군구,경남,의령군,total,total,16610,대,총계>계,5498,225,1
202604,시군구,경남,의령군,van,official,53,대,승합>관용,5498,225,0
202604,시군구,경남,의령군,truck,business,564,대,화물>영업용,5498,225,0
202604,시군구,경남,의령군,van,total,446,대,승합>계,5498,225,1
202604,시군구,경남,의령군,passenger,official,68,대,승용>관용,5498,225,0
202604,시군구,경남,의령군,passenger,private,10643,대,승용>자가용,5498,225,0
202604,시군구,경남,의령군,passenger,total,10755,대,승용>계,5498,225,1
202604,시군구,경남,의령군,special,private,66,대,특수>자가용,5498,225,0
202604,시군구,경남,의령군,van,business,42,대,승합>영업용,5498,225,0
202604,시군구,경남,진주시,truck,private,26481,대,화물>자가용,5498,226,0
202604,시군구,경남,진주시,special,official,34,대,특수>관용,5498,226,0
202604,시군구,경남,진주시,truck,total,29171,대,화물>계,5498,226,1
202604,시군구,경남,진주시,total,private,175356,대,총계>자가용,5498,226,1
202604,시군구,경남,진주시,van,private,2947,대,승합>자가용,5498,226,0
202604,시군구,경남,진주시,special,total,1017,대,특수>계,5498,226,1
202604,시군구,경남,진주시,passenger,business,2614,대,승용>영업용,5498,226,0
202604,시군구,경남,진주시,truck,official,288,대,화물>관용,5498,226,0
202604,시군구,경남,진주시,special,business,439,대,특수>영업용,5498,226,0
202604,시군구,경남,진주시,total,official,712,대,총계>관용,5498,226,1
202604,시군구,경남,진주시,total,business,6544,대,총계>영업용,5498,226,1
202604,시군구,경남,진주시,total,total,182612,대,총계>계,5498,226,1
202604,시군구,경남,진주시,van,official,168,대,승합>관용,5498,226,0
202604,시군구,경남,진주시,truck,business,2402,대,화물>영업용,5498,226,0
202604,시군구,경남,진주시,van,total,4204,대,승합>계,5498,226,1
202604,시군구,경남,진주시,passenger,official,222,대,승용>관용,5498,226,0
202604,시군구,경남,진주시,passenger,private,145384,대,승용>자가용,5498,226,0
202604,시군구,경남,진주시,passenger,total,148220,대,승용>계,5498,226,1
202604,시군구,경남,진주시,special,private,544,대,특수>자가용,5498,226,0
202604,시군구,경남,진주시,van,business,1089,대,승합>영업용,5498,226,0
202604,시군구,경남,창녕군,truck,private,10214,대,화물>자가용,5498,227,0
202604,시군구,경남,창녕군,special,official,9,대,특수>관용,5498,227,0
202604,시군구,경남,창녕군,truck,total,10640,대,화물>계,5498,227,1
202604,시군구,경남,창녕군,total,private,36736,대,총계>자가용,5498,227,1
202604,시군구,경남,창녕군,van,private,923,대,승합>자가용,5498,227,0
202604,시군구,경남,창녕군,special,total,234,대,특수>계,5498,227,1
202604,시군구,경남,창녕군,passenger,business,192,대,승용>영업용,5498,227,0
202604,시군구,경남,창녕군,truck,official,95,대,화물>관용,5498,227,0
202604,시군구,경남,창녕군,special,business,69,대,특수>영업용,5498,227,0
202604,시군구,경남,창녕군,total,official,245,대,총계>관용,5498,227,1
202604,시군구,경남,창녕군,total,business,706,대,총계>영업용,5498,227,1
202604,시군구,경남,창녕군,total,total,37687,대,총계>계,5498,227,1
202604,시군구,경남,창녕군,van,official,73,대,승합>관용,5498,227,0
202604,시군구,경남,창녕군,truck,business,331,대,화물>영업용,5498,227,0
202604,시군구,경남,창녕군,van,total,1110,대,승합>계,5498,227,1
202604,시군구,경남,창녕군,passenger,official,68,대,승용>관용,5498,227,0
202604,시군구,경남,창녕군,passenger,private,25443,대,승용>자가용,5498,227,0
202604,시군구,경남,창녕군,passenger,total,25703,대,승용>계,5498,227,1
202604,시군구,경남,창녕군,special,private,156,대,특수>자가용,5498,227,0
202604,시군구,경남,창녕군,van,business,114,대,승합>영업용,5498,227,0
202604,시군구,경남,창원시 마산합포구,truck,private,10242,대,화물>자가용,5498,228,0
202604,시군구,경남,창원시 마산합포구,special,official,15,대,특수>관용,5498,228,0
202604,시군구,경남,창원시 마산합포구,truck,total,11385,대,화물>계,5498,228,1
202604,시군구,경남,창원시 마산합포구,total,private,102434,대,총계>자가용,5498,228,1
202604,시군구,경남,창원시 마산합포구,van,private,1702,대,승합>자가용,5498,228,0
202604,시군구,경남,창원시 마산합포구,special,total,340,대,특수>계,5498,228,1
202604,시군구,경남,창원시 마산합포구,passenger,business,1299,대,승용>영업용,5498,228,0
202604,시군구,경남,창원시 마산합포구,truck,official,138,대,화물>관용,5498,228,0
202604,시군구,경남,창원시 마산합포구,special,business,152,대,특수>영업용,5498,228,0
202604,시군구,경남,창원시 마산합포구,total,official,369,대,총계>관용,5498,228,1
202604,시군구,경남,창원시 마산합포구,total,business,2927,대,총계>영업용,5498,228,1
202604,시군구,경남,창원시 마산합포구,total,total,105730,대,총계>계,5498,228,1
202604,시군구,경남,창원시 마산합포구,van,official,61,대,승합>관용,5498,228,0
202604,시군구,경남,창원시 마산합포구,truck,business,1005,대,화물>영업용,5498,228,0
202604,시군구,경남,창원시 마산합포구,van,total,2234,대,승합>계,5498,228,1
202604,시군구,경남,창원시 마산합포구,passenger,official,155,대,승용>관용,5498,228,0
202604,시군구,경남,창원시 마산합포구,passenger,private,90317,대,승용>자가용,5498,228,0
202604,시군구,경남,창원시 마산합포구,passenger,total,91771,대,승용>계,5498,228,1
202604,시군구,경남,창원시 마산합포구,special,private,173,대,특수>자가용,5498,228,0
202604,시군구,경남,창원시 마산합포구,van,business,471,대,승합>영업용,5498,228,0
202604,시군구,경남,창원시 마산회원구,truck,private,10658,대,화물>자가용,5498,229,0
202604,시군구,경남,창원시 마산회원구,special,official,4,대,특수>관용,5498,229,0
202604,시군구,경남,창원시 마산회원구,truck,total,12263,대,화물>계,5498,229,1
202604,시군구,경남,창원시 마산회원구,total,private,108925,대,총계>자가용,5498,229,1
202604,시군구,경남,창원시 마산회원구,van,private,1658,대,승합>자가용,5498,229,0
202604,시군구,경남,창원시 마산회원구,special,total,477,대,특수>계,5498,229,1
202604,시군구,경남,창원시 마산회원구,passenger,business,5636,대,승용>영업용,5498,229,0
202604,시군구,경남,창원시 마산회원구,truck,official,53,대,화물>관용,5498,229,0
202604,시군구,경남,창원시 마산회원구,special,business,230,대,특수>영업용,5498,229,0
202604,시군구,경남,창원시 마산회원구,total,official,161,대,총계>관용,5498,229,1
202604,시군구,경남,창원시 마산회원구,total,business,7825,대,총계>영업용,5498,229,1
202604,시군구,경남,창원시 마산회원구,total,total,116911,대,총계>계,5498,229,1
202604,시군구,경남,창원시 마산회원구,van,official,28,대,승합>관용,5498,229,0
202604,시군구,경남,창원시 마산회원구,truck,business,1552,대,화물>영업용,5498,229,0
202604,시군구,경남,창원시 마산회원구,van,total,2093,대,승합>계,5498,229,1
202604,시군구,경남,창원시 마산회원구,passenger,official,76,대,승용>관용,5498,229,0
202604,시군구,경남,창원시 마산회원구,passenger,private,96366,대,승용>자가용,5498,229,0
202604,시군구,경남,창원시 마산회원구,passenger,total,102078,대,승용>계,5498,229,1
202604,시군구,경남,창원시 마산회원구,special,private,243,대,특수>자가용,5498,229,0
202604,시군구,경남,창원시 마산회원구,van,business,407,대,승합>영업용,5498,229,0
202604,시군구,경남,창원시 성산구,truck,private,10430,대,화물>자가용,5498,230,0
202604,시군구,경남,창원시 성산구,special,official,16,대,특수>관용,5498,230,0
202604,시군구,경남,창원시 성산구,truck,total,11542,대,화물>계,5498,230,1
202604,시군구,경남,창원시 성산구,total,private,151245,대,총계>자가용,5498,230,1
202604,시군구,경남,창원시 성산구,van,private,1906,대,승합>자가용,5498,230,0
202604,시군구,경남,창원시 성산구,special,total,466,대,특수>계,5498,230,1
202604,시군구,경남,창원시 성산구,passenger,business,17552,대,승용>영업용,5498,230,0
202604,시군구,경남,창원시 성산구,truck,official,140,대,화물>관용,5498,230,0
202604,시군구,경남,창원시 성산구,special,business,200,대,특수>영업용,5498,230,0
202604,시군구,경남,창원시 성산구,total,official,632,대,총계>관용,5498,230,1
202604,시군구,경남,창원시 성산구,total,business,19548,대,총계>영업용,5498,230,1
202604,시군구,경남,창원시 성산구,total,total,171425,대,총계>계,5498,230,1
202604,시군구,경남,창원시 성산구,van,official,214,대,승합>관용,5498,230,0
202604,시군구,경남,창원시 성산구,truck,business,972,대,화물>영업용,5498,230,0
202604,시군구,경남,창원시 성산구,van,total,2944,대,승합>계,5498,230,1
202604,시군구,경남,창원시 성산구,passenger,official,262,대,승용>관용,5498,230,0
202604,시군구,경남,창원시 성산구,passenger,private,138659,대,승용>자가용,5498,230,0
202604,시군구,경남,창원시 성산구,passenger,total,156473,대,승용>계,5498,230,1
202604,시군구,경남,창원시 성산구,special,private,250,대,특수>자가용,5498,230,0
202604,시군구,경남,창원시 성산구,van,business,824,대,승합>영업용,5498,230,0
202604,시군구,경남,창원시 의창구,truck,private,17109,대,화물>자가용,5498,231,0
202604,시군구,경남,창원시 의창구,special,official,20,대,특수>관용,5498,231,0
202604,시군구,경남,창원시 의창구,truck,total,18745,대,화물>계,5498,231,1
202604,시군구,경남,창원시 의창구,total,private,149324,대,총계>자가용,5498,231,1
202604,시군구,경남,창원시 의창구,van,private,2073,대,승합>자가용,5498,231,0
202604,시군구,경남,창원시 의창구,special,total,707,대,특수>계,5498,231,1
202604,시군구,경남,창원시 의창구,passenger,business,57520,대,승용>영업용,5498,231,0
202604,시군구,경남,창원시 의창구,truck,official,126,대,화물>관용,5498,231,0
202604,시군구,경남,창원시 의창구,special,business,344,대,특수>영업용,5498,231,0
202604,시군구,경남,창원시 의창구,total,official,556,대,총계>관용,5498,231,1
202604,시군구,경남,창원시 의창구,total,business,59736,대,총계>영업용,5498,231,1
202604,시군구,경남,창원시 의창구,total,total,209616,대,총계>계,5498,231,1
202604,시군구,경남,창원시 의창구,van,official,158,대,승합>관용,5498,231,0
202604,시군구,경남,창원시 의창구,truck,business,1510,대,화물>영업용,5498,231,0
202604,시군구,경남,창원시 의창구,van,total,2593,대,승합>계,5498,231,1
202604,시군구,경남,창원시 의창구,passenger,official,252,대,승용>관용,5498,231,0
202604,시군구,경남,창원시 의창구,passenger,private,129799,대,승용>자가용,5498,231,0
202604,시군구,경남,창원시 의창구,passenger,total,187571,대,승용>계,5498,231,1
202604,시군구,경남,창원시 의창구,special,private,343,대,특수>자가용,5498,231,0
202604,시군구,경남,창원시 의창구,van,business,362,대,승합>영업용,5498,231,0
202604,시군구,경남,창원시 진해구,truck,private,7691,대,화물>자가용,5498,232,0
202604,시군구,경남,창원시 진해구,special,official,13,대,특수>관용,5498,232,0
202604,시군구,경남,창원시 진해구,truck,total,8957,대,화물>계,5498,232,1
202604,시군구,경남,창원시 진해구,total,private,96989,대,총계>자가용,5498,232,1
202604,시군구,경남,창원시 진해구,van,private,1692,대,승합>자가용,5498,232,0
202604,시군구,경남,창원시 진해구,special,total,648,대,특수>계,5498,232,1
202604,시군구,경남,창원시 진해구,passenger,business,723,대,승용>영업용,5498,232,0
202604,시군구,경남,창원시 진해구,truck,official,88,대,화물>관용,5498,232,0
202604,시군구,경남,창원시 진해구,special,business,334,대,특수>영업용,5498,232,0
202604,시군구,경남,창원시 진해구,total,official,236,대,총계>관용,5498,232,1
202604,시군구,경남,창원시 진해구,total,business,2390,대,총계>영업용,5498,232,1
202604,시군구,경남,창원시 진해구,total,total,99615,대,총계>계,5498,232,1
202604,시군구,경남,창원시 진해구,van,official,37,대,승합>관용,5498,232,0
202604,시군구,경남,창원시 진해구,truck,business,1178,대,화물>영업용,5498,232,0
202604,시군구,경남,창원시 진해구,van,total,1884,대,승합>계,5498,232,1
202604,시군구,경남,창원시 진해구,passenger,official,98,대,승용>관용,5498,232,0
202604,시군구,경남,창원시 진해구,passenger,private,87305,대,승용>자가용,5498,232,0
202604,시군구,경남,창원시 진해구,passenger,total,88126,대,승용>계,5498,232,1
202604,시군구,경남,창원시 진해구,special,private,301,대,특수>자가용,5498,232,0
202604,시군구,경남,창원시 진해구,van,business,155,대,승합>영업용,5498,232,0
202604,시군구,경남,통영시,truck,private,8661,대,화물>자가용,5498,233,0
202604,시군구,경남,통영시,special,official,14,대,특수>관용,5498,233,0
202604,시군구,경남,통영시,truck,total,9152,대,화물>계,5498,233,1
202604,시군구,경남,통영시,total,private,53786,대,총계>자가용,5498,233,1
202604,시군구,경남,통영시,van,private,1469,대,승합>자가용,5498,233,0
202604,시군구,경남,통영시,special,total,270,대,특수>계,5498,233,1
202604,시군구,경남,통영시,passenger,business,659,대,승용>영업용,5498,233,0
202604,시군구,경남,통영시,truck,official,125,대,화물>관용,5498,233,0
202604,시군구,경남,통영시,special,business,72,대,특수>영업용,5498,233,0
202604,시군구,경남,통영시,total,official,329,대,총계>관용,5498,233,1
202604,시군구,경남,통영시,total,business,1349,대,총계>영업용,5498,233,1
202604,시군구,경남,통영시,total,total,55464,대,총계>계,5498,233,1
202604,시군구,경남,통영시,van,official,86,대,승합>관용,5498,233,0
202604,시군구,경남,통영시,truck,business,366,대,화물>영업용,5498,233,0
202604,시군구,경남,통영시,van,total,1807,대,승합>계,5498,233,1
202604,시군구,경남,통영시,passenger,official,104,대,승용>관용,5498,233,0
202604,시군구,경남,통영시,passenger,private,43472,대,승용>자가용,5498,233,0
202604,시군구,경남,통영시,passenger,total,44235,대,승용>계,5498,233,1
202604,시군구,경남,통영시,special,private,184,대,특수>자가용,5498,233,0
202604,시군구,경남,통영시,van,business,252,대,승합>영업용,5498,233,0
202604,시군구,경남,하동군,truck,private,7831,대,화물>자가용,5498,234,0
202604,시군구,경남,하동군,special,official,16,대,특수>관용,5498,234,0
202604,시군구,경남,하동군,truck,total,8115,대,화물>계,5498,234,1
202604,시군구,경남,하동군,total,private,24879,대,총계>자가용,5498,234,1
202604,시군구,경남,하동군,van,private,492,대,승합>자가용,5498,234,0
202604,시군구,경남,하동군,special,total,201,대,특수>계,5498,234,1
202604,시군구,경남,하동군,passenger,business,86,대,승용>영업용,5498,234,0
202604,시군구,경남,하동군,truck,official,111,대,화물>관용,5498,234,0
202604,시군구,경남,하동군,special,business,86,대,특수>영업용,5498,234,0
202604,시군구,경남,하동군,total,official,261,대,총계>관용,5498,234,1
202604,시군구,경남,하동군,total,business,391,대,총계>영업용,5498,234,1
202604,시군구,경남,하동군,total,total,25531,대,총계>계,5498,234,1
202604,시군구,경남,하동군,van,official,74,대,승합>관용,5498,234,0
202604,시군구,경남,하동군,truck,business,173,대,화물>영업용,5498,234,0
202604,시군구,경남,하동군,van,total,612,대,승합>계,5498,234,1
202604,시군구,경남,하동군,passenger,official,60,대,승용>관용,5498,234,0
202604,시군구,경남,하동군,passenger,private,16457,대,승용>자가용,5498,234,0
202604,시군구,경남,하동군,passenger,total,16603,대,승용>계,5498,234,1
202604,시군구,경남,하동군,special,private,99,대,특수>자가용,5498,234,0
202604,시군구,경남,하동군,van,business,46,대,승합>영업용,5498,234,0
202604,시군구,경남,함안군,truck,private,10154,대,화물>자가용,5498,235,0
202604,시군구,경남,함안군,special,official,6,대,특수>관용,5498,235,0
202604,시군구,경남,함안군,truck,total,10796,대,화물>계,5498,235,1
202604,시군구,경남,함안군,total,private,45230,대,총계>자가용,5498,235,1
202604,시군구,경남,함안군,van,private,929,대,승합>자가용,5498,235,0
202604,시군구,경남,함안군,special,total,421,대,특수>계,5498,235,1
202604,시군구,경남,함안군,passenger,business,29095,대,승용>영업용,5498,235,0
202604,시군구,경남,함안군,truck,official,84,대,화물>관용,5498,235,0
202604,시군구,경남,함안군,special,business,231,대,특수>영업용,5498,235,0
202604,시군구,경남,함안군,total,official,231,대,총계>관용,5498,235,1
202604,시군구,경남,함안군,total,business,30113,대,총계>영업용,5498,235,1
202604,시군구,경남,함안군,total,total,75574,대,총계>계,5498,235,1
202604,시군구,경남,함안군,van,official,55,대,승합>관용,5498,235,0
202604,시군구,경남,함안군,truck,business,558,대,화물>영업용,5498,235,0
202604,시군구,경남,함안군,van,total,1213,대,승합>계,5498,235,1
202604,시군구,경남,함안군,passenger,official,86,대,승용>관용,5498,235,0
202604,시군구,경남,함안군,passenger,private,33963,대,승용>자가용,5498,235,0
202604,시군구,경남,함안군,passenger,total,63144,대,승용>계,5498,235,1
202604,시군구,경남,함안군,special,private,184,대,특수>자가용,5498,235,0
202604,시군구,경남,함안군,van,business,229,대,승합>영업용,5498,235,0
202604,시군구,경남,함양군,truck,private,6852,대,화물>자가용,5498,236,0
202604,시군구,경남,함양군,special,official,17,대,특수>관용,5498,236,0
202604,시군구,경남,함양군,truck,total,7109,대,화물>계,5498,236,1
202604,시군구,경남,함양군,total,private,24205,대,총계>자가용,5498,236,1
202604,시군구,경남,함양군,van,private,459,대,승합>자가용,5498,236,0
202604,시군구,경남,함양군,special,total,133,대,특수>계,5498,236,1
202604,시군구,경남,함양군,passenger,business,21141,대,승용>영업용,5498,236,0
202604,시군구,경남,함양군,truck,official,115,대,화물>관용,5498,236,0
202604,시군구,경남,함양군,special,business,32,대,특수>영업용,5498,236,0
202604,시군구,경남,함양군,total,official,255,대,총계>관용,5498,236,1
202604,시군구,경남,함양군,total,business,21480,대,총계>영업용,5498,236,1
202604,시군구,경남,함양군,total,total,45940,대,총계>계,5498,236,1
202604,시군구,경남,함양군,van,official,57,대,승합>관용,5498,236,0
202604,시군구,경남,함양군,truck,business,142,대,화물>영업용,5498,236,0
202604,시군구,경남,함양군,van,total,681,대,승합>계,5498,236,1
202604,시군구,경남,함양군,passenger,official,66,대,승용>관용,5498,236,0
202604,시군구,경남,함양군,passenger,private,16810,대,승용>자가용,5498,236,0
202604,시군구,경남,함양군,passenger,total,38017,대,승용>계,5498,236,1
202604,시군구,경남,함양군,special,private,84,대,특수>자가용,5498,236,0
202604,시군구,경남,함양군,van,business,165,대,승합>영업용,5498,236,0
202604,시군구,경남,합천군,truck,private,8244,대,화물>자가용,5498,237,0
202604,시군구,경남,합천군,special,official,15,대,특수>관용,5498,237,0
202604,시군구,경남,합천군,truck,total,8781,대,화물>계,5498,237,1
202604,시군구,경남,합천군,total,private,24951,대,총계>자가용,5498,237,1
202604,시군구,경남,합천군,van,private,543,대,승합>자가용,5498,237,0
202604,시군구,경남,합천군,special,total,177,대,특수>계,5498,237,1
202604,시군구,경남,합천군,passenger,business,149,대,승용>영업용,5498,237,0
202604,시군구,경남,합천군,truck,official,140,대,화물>관용,5498,237,0
202604,시군구,경남,합천군,special,business,68,대,특수>영업용,5498,237,0
202604,시군구,경남,합천군,total,official,302,대,총계>관용,5498,237,1
202604,시군구,경남,합천군,total,business,687,대,총계>영업용,5498,237,1
202604,시군구,경남,합천군,total,total,25940,대,총계>계,5498,237,1
202604,시군구,경남,합천군,van,official,59,대,승합>관용,5498,237,0
202604,시군구,경남,합천군,truck,business,397,대,화물>영업용,5498,237,0
202604,시군구,경남,합천군,van,total,675,대,승합>계,5498,237,1
202604,시군구,경남,합천군,passenger,official,88,대,승용>관용,5498,237,0
202604,시군구,경남,합천군,passenger,private,16070,대,승용>자가용,5498,237,0
202604,시군구,경남,합천군,passenger,total,16307,대,승용>계,5498,237,1
202604,시군구,경남,합천군,special,private,94,대,특수>자가용,5498,237,0
202604,시군구,경남,합천군,van,business,73,대,승합>영업용,5498,237,0
202604,시도,경남,,truck,private,268839,대,화물>자가용,5498,238,0
202604,시도,경남,,special,official,363,대,특수>관용,5498,238,0
202604,시도,경남,,truck,total,299695,대,화물>계,5498,238,1
202604,시도,경남,,total,private,1838996,대,총계>자가용,5498,238,1
202604,시도,경남,,van,private,34220,대,승합>자가용,5498,238,0
202604,시도,경남,,special,total,11600,대,특수>계,5498,238,1
202604,시도,경남,,passenger,business,142604,대,승용>영업용,5498,238,0
202604,시도,경남,,truck,official,2829,대,화물>관용,5498,238,0
202604,시도,경남,,special,business,5776,대,특수>영업용,5498,238,0
202604,시도,경남,,total,official,7846,대,총계>관용,5498,238,1
202604,시도,경남,,total,business,183297,대,총계>영업용,5498,238,1
202604,시도,경남,,total,total,2030139,대,총계>계,5498,238,1
202604,시도,경남,,van,official,1866,대,승합>관용,5498,238,0
202604,시도,경남,,truck,business,28027,대,화물>영업용,5498,238,0
202604,시도,경남,,van,total,42976,대,승합>계,5498,238,1
202604,시도,경남,,passenger,official,2788,대,승용>관용,5498,238,0
202604,시도,경남,,passenger,private,1530476,대,승용>자가용,5498,238,0
202604,시도,경남,,passenger,total,1675868,대,승용>계,5498,238,1
202604,시도,경남,,special,private,5461,대,특수>자가용,5498,238,0
202604,시도,경남,,van,business,6890,대,승합>영업용,5498,238,0
202604,시군구,제주,서귀포시,truck,private,26818,대,화물>자가용,5498,239,0
202604,시군구,제주,서귀포시,special,official,49,대,특수>관용,5498,239,0
202604,시군구,제주,서귀포시,truck,total,27867,대,화물>계,5498,239,1
202604,시군구,제주,서귀포시,total,private,107405,대,총계>자가용,5498,239,1
202604,시군구,제주,서귀포시,van,private,2653,대,승합>자가용,5498,239,0
202604,시군구,제주,서귀포시,special,total,442,대,특수>계,5498,239,1
202604,시군구,제주,서귀포시,passenger,business,926,대,승용>영업용,5498,239,0
202604,시군구,제주,서귀포시,truck,official,348,대,화물>관용,5498,239,0
202604,시군구,제주,서귀포시,special,business,143,대,특수>영업용,5498,239,0
202604,시군구,제주,서귀포시,total,official,774,대,총계>관용,5498,239,1
202604,시군구,제주,서귀포시,total,business,1910,대,총계>영업용,5498,239,1
202604,시군구,제주,서귀포시,total,total,110089,대,총계>계,5498,239,1
202604,시군구,제주,서귀포시,van,official,130,대,승합>관용,5498,239,0
202604,시군구,제주,서귀포시,truck,business,701,대,화물>영업용,5498,239,0
202604,시군구,제주,서귀포시,van,total,2923,대,승합>계,5498,239,1
202604,시군구,제주,서귀포시,passenger,official,247,대,승용>관용,5498,239,0
202604,시군구,제주,서귀포시,passenger,private,77684,대,승용>자가용,5498,239,0
202604,시군구,제주,서귀포시,passenger,total,78857,대,승용>계,5498,239,1
202604,시군구,제주,서귀포시,special,private,250,대,특수>자가용,5498,239,0
202604,시군구,제주,서귀포시,van,business,140,대,승합>영업용,5498,239,0
202604,시군구,제주,제주시,truck,private,60364,대,화물>자가용,5498,240,0
202604,시군구,제주,제주시,special,official,40,대,특수>관용,5498,240,0
202604,시군구,제주,제주시,truck,total,64787,대,화물>계,5498,240,1
202604,시군구,제주,제주시,total,private,325643,대,총계>자가용,5498,240,1
202604,시군구,제주,제주시,van,private,6569,대,승합>자가용,5498,240,0
202604,시군구,제주,제주시,special,total,1782,대,특수>계,5498,240,1
202604,시군구,제주,제주시,passenger,business,282630,대,승용>영업용,5498,240,0
202604,시군구,제주,제주시,truck,official,697,대,화물>관용,5498,240,0
202604,시군구,제주,제주시,special,business,553,대,특수>영업용,5498,240,0
202604,시군구,제주,제주시,total,official,1697,대,총계>관용,5498,240,1
202604,시군구,제주,제주시,total,business,293273,대,총계>영업용,5498,240,1
202604,시군구,제주,제주시,total,total,620613,대,총계>계,5498,240,1
202604,시군구,제주,제주시,van,official,349,대,승합>관용,5498,240,0
202604,시군구,제주,제주시,truck,business,3726,대,화물>영업용,5498,240,0
202604,시군구,제주,제주시,van,total,13282,대,승합>계,5498,240,1
202604,시군구,제주,제주시,passenger,official,611,대,승용>관용,5498,240,0
202604,시군구,제주,제주시,passenger,private,257521,대,승용>자가용,5498,240,0
202604,시군구,제주,제주시,passenger,total,540762,대,승용>계,5498,240,1
202604,시군구,제주,제주시,special,private,1189,대,특수>자가용,5498,240,0
202604,시군구,제주,제주시,van,business,6364,대,승합>영업용,5498,240,0
202604,시도,제주,,truck,private,87182,대,화물>자가용,5498,241,0
202604,시도,제주,,special,official,89,대,특수>관용,5498,241,0
202604,시도,제주,,truck,total,92654,대,화물>계,5498,241,1
202604,시도,제주,,total,private,433048,대,총계>자가용,5498,241,1
202604,시도,제주,,van,private,9222,대,승합>자가용,5498,241,0
202604,시도,제주,,special,total,2224,대,특수>계,5498,241,1
202604,시도,제주,,passenger,business,283556,대,승용>영업용,5498,241,0
202604,시도,제주,,truck,official,1045,대,화물>관용,5498,241,0
202604,시도,제주,,special,business,696,대,특수>영업용,5498,241,0
202604,시도,제주,,total,official,2471,대,총계>관용,5498,241,1
202604,시도,제주,,total,business,295183,대,총계>영업용,5498,241,1
202604,시도,제주,,total,total,730702,대,총계>계,5498,241,1
202604,시도,제주,,van,official,479,대,승합>관용,5498,241,0
202604,시도,제주,,truck,business,4427,대,화물>영업용,5498,241,0
202604,시도,제주,,van,total,16205,대,승합>계,5498,241,1
202604,시도,제주,,passenger,official,858,대,승용>관용,5498,241,0
202604,시도,제주,,passenger,private,335205,대,승용>자가용,5498,241,0
202604,시도,제주,,passenger,total,619619,대,승용>계,5498,241,1
202604,시도,제주,,special,private,1439,대,특수>자가용,5498,241,0
202604,시도,제주,,van,business,6504,대,승합>영업용,5498,241,0
202604,시군구,강원,강릉시,truck,private,17780,대,화물>자가용,5498,242,0
202604,시군구,강원,강릉시,special,official,46,대,특수>관용,5498,242,0
202604,시군구,강원,강릉시,truck,total,19465,대,화물>계,5498,242,1
202604,시군구,강원,강릉시,total,private,115634,대,총계>자가용,5498,242,1
202604,시군구,강원,강릉시,van,private,2310,대,승합>자가용,5498,242,0
202604,시군구,강원,강릉시,special,total,871,대,특수>계,5498,242,1
202604,시군구,강원,강릉시,passenger,business,2143,대,승용>영업용,5498,242,0
202604,시군구,강원,강릉시,truck,official,268,대,화물>관용,5498,242,0
202604,시군구,강원,강릉시,special,business,382,대,특수>영업용,5498,242,0
202604,시군구,강원,강릉시,total,official,634,대,총계>관용,5498,242,1
202604,시군구,강원,강릉시,total,business,4444,대,총계>영업용,5498,242,1
202604,시군구,강원,강릉시,total,total,120712,대,총계>계,5498,242,1
202604,시군구,강원,강릉시,van,official,143,대,승합>관용,5498,242,0
202604,시군구,강원,강릉시,truck,business,1417,대,화물>영업용,5498,242,0
202604,시군구,강원,강릉시,van,total,2955,대,승합>계,5498,242,1
202604,시군구,강원,강릉시,passenger,official,177,대,승용>관용,5498,242,0
202604,시군구,강원,강릉시,passenger,private,95101,대,승용>자가용,5498,242,0
202604,시군구,강원,강릉시,passenger,total,97421,대,승용>계,5498,242,1
202604,시군구,강원,강릉시,special,private,443,대,특수>자가용,5498,242,0
202604,시군구,강원,강릉시,van,business,502,대,승합>영업용,5498,242,0
202604,시군구,강원,고성군,truck,private,3984,대,화물>자가용,5498,243,0
202604,시군구,강원,고성군,special,official,7,대,특수>관용,5498,243,0
202604,시군구,강원,고성군,truck,total,4195,대,화물>계,5498,243,1
202604,시군구,강원,고성군,total,private,16817,대,총계>자가용,5498,243,1
202604,시군구,강원,고성군,van,private,414,대,승합>자가용,5498,243,0
202604,시군구,강원,고성군,special,total,105,대,특수>계,5498,243,1
202604,시군구,강원,고성군,passenger,business,117,대,승용>영업용,5498,243,0
202604,시군구,강원,고성군,truck,official,102,대,화물>관용,5498,243,0
202604,시군구,강원,고성군,special,business,32,대,특수>영업용,5498,243,0
202604,시군구,강원,고성군,total,official,210,대,총계>관용,5498,243,1
202604,시군구,강원,고성군,total,business,292,대,총계>영업용,5498,243,1
202604,시군구,강원,고성군,total,total,17319,대,총계>계,5498,243,1
202604,시군구,강원,고성군,van,official,44,대,승합>관용,5498,243,0
202604,시군구,강원,고성군,truck,business,109,대,화물>영업용,5498,243,0
202604,시군구,강원,고성군,van,total,492,대,승합>계,5498,243,1
202604,시군구,강원,고성군,passenger,official,57,대,승용>관용,5498,243,0
202604,시군구,강원,고성군,passenger,private,12353,대,승용>자가용,5498,243,0
202604,시군구,강원,고성군,passenger,total,12527,대,승용>계,5498,243,1
202604,시군구,강원,고성군,special,private,66,대,특수>자가용,5498,243,0
202604,시군구,강원,고성군,van,business,34,대,승합>영업용,5498,243,0
202604,시군구,강원,동해시,truck,private,6844,대,화물>자가용,5498,244,0
202604,시군구,강원,동해시,special,official,11,대,특수>관용,5498,244,0
202604,시군구,강원,동해시,truck,total,7469,대,화물>계,5498,244,1
202604,시군구,강원,동해시,total,private,48042,대,총계>자가용,5498,244,1
202604,시군구,강원,동해시,van,private,1098,대,승합>자가용,5498,244,0
202604,시군구,강원,동해시,special,total,390,대,특수>계,5498,244,1
202604,시군구,강원,동해시,passenger,business,713,대,승용>영업용,5498,244,0
202604,시군구,강원,동해시,truck,official,123,대,화물>관용,5498,244,0
202604,시군구,강원,동해시,special,business,187,대,특수>영업용,5498,244,0
202604,시군구,강원,동해시,total,official,342,대,총계>관용,5498,244,1
202604,시군구,강원,동해시,total,business,1563,대,총계>영업용,5498,244,1
202604,시군구,강원,동해시,total,total,49947,대,총계>계,5498,244,1
202604,시군구,강원,동해시,van,official,82,대,승합>관용,5498,244,0
202604,시군구,강원,동해시,truck,business,502,대,화물>영업용,5498,244,0
202604,시군구,강원,동해시,van,total,1341,대,승합>계,5498,244,1
202604,시군구,강원,동해시,passenger,official,126,대,승용>관용,5498,244,0
202604,시군구,강원,동해시,passenger,private,39908,대,승용>자가용,5498,244,0
202604,시군구,강원,동해시,passenger,total,40747,대,승용>계,5498,244,1
202604,시군구,강원,동해시,special,private,192,대,특수>자가용,5498,244,0
202604,시군구,강원,동해시,van,business,161,대,승합>영업용,5498,244,0
202604,시군구,강원,삼척시,truck,private,6708,대,화물>자가용,5498,245,0
202604,시군구,강원,삼척시,special,official,14,대,특수>관용,5498,245,0
202604,시군구,강원,삼척시,truck,total,7082,대,화물>계,5498,245,1
202604,시군구,강원,삼척시,total,private,34318,대,총계>자가용,5498,245,1
202604,시군구,강원,삼척시,van,private,713,대,승합>자가용,5498,245,0
202604,시군구,강원,삼척시,special,total,225,대,특수>계,5498,245,1
202604,시군구,강원,삼척시,passenger,business,470,대,승용>영업용,5498,245,0
202604,시군구,강원,삼척시,truck,official,185,대,화물>관용,5498,245,0
202604,시군구,강원,삼척시,special,business,49,대,특수>영업용,5498,245,0
202604,시군구,강원,삼척시,total,official,418,대,총계>관용,5498,245,1
202604,시군구,강원,삼척시,total,business,825,대,총계>영업용,5498,245,1
202604,시군구,강원,삼척시,total,total,35561,대,총계>계,5498,245,1
202604,시군구,강원,삼척시,van,official,95,대,승합>관용,5498,245,0
202604,시군구,강원,삼척시,truck,business,189,대,화물>영업용,5498,245,0
202604,시군구,강원,삼척시,van,total,925,대,승합>계,5498,245,1
202604,시군구,강원,삼척시,passenger,official,124,대,승용>관용,5498,245,0
202604,시군구,강원,삼척시,passenger,private,26735,대,승용>자가용,5498,245,0
202604,시군구,강원,삼척시,passenger,total,27329,대,승용>계,5498,245,1
202604,시군구,강원,삼척시,special,private,162,대,특수>자가용,5498,245,0
202604,시군구,강원,삼척시,van,business,117,대,승합>영업용,5498,245,0
202604,시군구,강원,속초시,truck,private,5220,대,화물>자가용,5498,246,0
202604,시군구,강원,속초시,special,official,10,대,특수>관용,5498,246,0
202604,시군구,강원,속초시,truck,total,5655,대,화물>계,5498,246,1
202604,시군구,강원,속초시,total,private,40481,대,총계>자가용,5498,246,1
202604,시군구,강원,속초시,van,private,995,대,승합>자가용,5498,246,0
202604,시군구,강원,속초시,special,total,246,대,특수>계,5498,246,1
202604,시군구,강원,속초시,passenger,business,798,대,승용>영업용,5498,246,0
202604,시군구,강원,속초시,truck,official,117,대,화물>관용,5498,246,0
202604,시군구,강원,속초시,special,business,85,대,특수>영업용,5498,246,0
202604,시군구,강원,속초시,total,official,334,대,총계>관용,5498,246,1
202604,시군구,강원,속초시,total,business,1338,대,총계>영업용,5498,246,1
202604,시군구,강원,속초시,total,total,42153,대,총계>계,5498,246,1
202604,시군구,강원,속초시,van,official,88,대,승합>관용,5498,246,0
202604,시군구,강원,속초시,truck,business,318,대,화물>영업용,5498,246,0
202604,시군구,강원,속초시,van,total,1220,대,승합>계,5498,246,1
202604,시군구,강원,속초시,passenger,official,119,대,승용>관용,5498,246,0
202604,시군구,강원,속초시,passenger,private,34115,대,승용>자가용,5498,246,0
202604,시군구,강원,속초시,passenger,total,35032,대,승용>계,5498,246,1
202604,시군구,강원,속초시,special,private,151,대,특수>자가용,5498,246,0
202604,시군구,강원,속초시,van,business,137,대,승합>영업용,5498,246,0
202604,시군구,강원,양구군,truck,private,3339,대,화물>자가용,5498,247,0
202604,시군구,강원,양구군,special,official,11,대,특수>관용,5498,247,0
202604,시군구,강원,양구군,truck,total,3510,대,화물>계,5498,247,1
202604,시군구,강원,양구군,total,private,12725,대,총계>자가용,5498,247,1
202604,시군구,강원,양구군,van,private,270,대,승합>자가용,5498,247,0
202604,시군구,강원,양구군,special,total,84,대,특수>계,5498,247,1
202604,시군구,강원,양구군,passenger,business,54,대,승용>영업용,5498,247,0
202604,시군구,강원,양구군,truck,official,114,대,화물>관용,5498,247,0
202604,시군구,강원,양구군,special,business,20,대,특수>영업용,5498,247,0
202604,시군구,강원,양구군,total,official,234,대,총계>관용,5498,247,1
202604,시군구,강원,양구군,total,business,167,대,총계>영업용,5498,247,1
202604,시군구,강원,양구군,total,total,13126,대,총계>계,5498,247,1
202604,시군구,강원,양구군,van,official,53,대,승합>관용,5498,247,0
202604,시군구,강원,양구군,truck,business,57,대,화물>영업용,5498,247,0
202604,시군구,강원,양구군,van,total,359,대,승합>계,5498,247,1
202604,시군구,강원,양구군,passenger,official,56,대,승용>관용,5498,247,0
202604,시군구,강원,양구군,passenger,private,9063,대,승용>자가용,5498,247,0
202604,시군구,강원,양구군,passenger,total,9173,대,승용>계,5498,247,1
202604,시군구,강원,양구군,special,private,53,대,특수>자가용,5498,247,0
202604,시군구,강원,양구군,van,business,36,대,승합>영업용,5498,247,0
202604,시군구,강원,양양군,truck,private,4075,대,화물>자가용,5498,248,0
202604,시군구,강원,양양군,special,official,17,대,특수>관용,5498,248,0
202604,시군구,강원,양양군,truck,total,4274,대,화물>계,5498,248,1
202604,시군구,강원,양양군,total,private,17297,대,총계>자가용,5498,248,1
202604,시군구,강원,양양군,van,private,370,대,승합>자가용,5498,248,0
202604,시군구,강원,양양군,special,total,127,대,특수>계,5498,248,1
202604,시군구,강원,양양군,passenger,business,186,대,승용>영업용,5498,248,0
202604,시군구,강원,양양군,truck,official,130,대,화물>관용,5498,248,0
202604,시군구,강원,양양군,special,business,21,대,특수>영업용,5498,248,0
202604,시군구,강원,양양군,total,official,231,대,총계>관용,5498,248,1
202604,시군구,강원,양양군,total,business,302,대,총계>영업용,5498,248,1
202604,시군구,강원,양양군,total,total,17830,대,총계>계,5498,248,1
202604,시군구,강원,양양군,van,official,37,대,승합>관용,5498,248,0
202604,시군구,강원,양양군,truck,business,69,대,화물>영업용,5498,248,0
202604,시군구,강원,양양군,van,total,433,대,승합>계,5498,248,1
202604,시군구,강원,양양군,passenger,official,47,대,승용>관용,5498,248,0
202604,시군구,강원,양양군,passenger,private,12763,대,승용>자가용,5498,248,0
202604,시군구,강원,양양군,passenger,total,12996,대,승용>계,5498,248,1
202604,시군구,강원,양양군,special,private,89,대,특수>자가용,5498,248,0
202604,시군구,강원,양양군,van,business,26,대,승합>영업용,5498,248,0
202604,시군구,강원,영월군,truck,private,6182,대,화물>자가용,5498,249,0
202604,시군구,강원,영월군,special,official,14,대,특수>관용,5498,249,0
202604,시군구,강원,영월군,truck,total,6444,대,화물>계,5498,249,1
202604,시군구,강원,영월군,total,private,22003,대,총계>자가용,5498,249,1
202604,시군구,강원,영월군,van,private,570,대,승합>자가용,5498,249,0
202604,시군구,강원,영월군,special,total,200,대,특수>계,5498,249,1
202604,시군구,강원,영월군,passenger,business,150,대,승용>영업용,5498,249,0
202604,시군구,강원,영월군,truck,official,126,대,화물>관용,5498,249,0
202604,시군구,강원,영월군,special,business,59,대,특수>영업용,5498,249,0
202604,시군구,강원,영월군,total,official,350,대,총계>관용,5498,249,1
202604,시군구,강원,영월군,total,business,401,대,총계>영업용,5498,249,1
202604,시군구,강원,영월군,total,total,22754,대,총계>계,5498,249,1
202604,시군구,강원,영월군,van,official,80,대,승합>관용,5498,249,0
202604,시군구,강원,영월군,truck,business,136,대,화물>영업용,5498,249,0
202604,시군구,강원,영월군,van,total,706,대,승합>계,5498,249,1
202604,시군구,강원,영월군,passenger,official,130,대,승용>관용,5498,249,0
202604,시군구,강원,영월군,passenger,private,15124,대,승용>자가용,5498,249,0
202604,시군구,강원,영월군,passenger,total,15404,대,승용>계,5498,249,1
202604,시군구,강원,영월군,special,private,127,대,특수>자가용,5498,249,0
202604,시군구,강원,영월군,van,business,56,대,승합>영업용,5498,249,0
202604,시군구,강원,원주시,truck,private,26420,대,화물>자가용,5498,250,0
202604,시군구,강원,원주시,special,official,31,대,특수>관용,5498,250,0
202604,시군구,강원,원주시,truck,total,28965,대,화물>계,5498,250,1
202604,시군구,강원,원주시,total,private,197006,대,총계>자가용,5498,250,1
202604,시군구,강원,원주시,van,private,3874,대,승합>자가용,5498,250,0
202604,시군구,강원,원주시,special,total,1169,대,특수>계,5498,250,1
202604,시군구,강원,원주시,passenger,business,2531,대,승용>영업용,5498,250,0
202604,시군구,강원,원주시,truck,official,233,대,화물>관용,5498,250,0
202604,시군구,강원,원주시,special,business,357,대,특수>영업용,5498,250,0
202604,시군구,강원,원주시,total,official,651,대,총계>관용,5498,250,1
202604,시군구,강원,원주시,total,business,5699,대,총계>영업용,5498,250,1
202604,시군구,강원,원주시,total,total,203356,대,총계>계,5498,250,1
202604,시군구,강원,원주시,van,official,153,대,승합>관용,5498,250,0
202604,시군구,강원,원주시,truck,business,2312,대,화물>영업용,5498,250,0
202604,시군구,강원,원주시,van,total,4526,대,승합>계,5498,250,1
202604,시군구,강원,원주시,passenger,official,234,대,승용>관용,5498,250,0
202604,시군구,강원,원주시,passenger,private,165931,대,승용>자가용,5498,250,0
202604,시군구,강원,원주시,passenger,total,168696,대,승용>계,5498,250,1
202604,시군구,강원,원주시,special,private,781,대,특수>자가용,5498,250,0
202604,시군구,강원,원주시,van,business,499,대,승합>영업용,5498,250,0
202604,시군구,강원,인제군,truck,private,5007,대,화물>자가용,5498,251,0
202604,시군구,강원,인제군,special,official,14,대,특수>관용,5498,251,0
202604,시군구,강원,인제군,truck,total,5253,대,화물>계,5498,251,1
202604,시군구,강원,인제군,total,private,20396,대,총계>자가용,5498,251,1
202604,시군구,강원,인제군,van,private,424,대,승합>자가용,5498,251,0
202604,시군구,강원,인제군,special,total,139,대,특수>계,5498,251,1
202604,시군구,강원,인제군,passenger,business,72,대,승용>영업용,5498,251,0
202604,시군구,강원,인제군,truck,official,125,대,화물>관용,5498,251,0
202604,시군구,강원,인제군,special,business,32,대,특수>영업용,5498,251,0
202604,시군구,강원,인제군,total,official,248,대,총계>관용,5498,251,1
202604,시군구,강원,인제군,total,business,282,대,총계>영업용,5498,251,1
202604,시군구,강원,인제군,total,total,20926,대,총계>계,5498,251,1
202604,시군구,강원,인제군,van,official,52,대,승합>관용,5498,251,0
202604,시군구,강원,인제군,truck,business,121,대,화물>영업용,5498,251,0
202604,시군구,강원,인제군,van,total,533,대,승합>계,5498,251,1
202604,시군구,강원,인제군,passenger,official,57,대,승용>관용,5498,251,0
202604,시군구,강원,인제군,passenger,private,14872,대,승용>자가용,5498,251,0
202604,시군구,강원,인제군,passenger,total,15001,대,승용>계,5498,251,1
202604,시군구,강원,인제군,special,private,93,대,특수>자가용,5498,251,0
202604,시군구,강원,인제군,van,business,57,대,승합>영업용,5498,251,0
202604,시군구,강원,정선군,truck,private,6199,대,화물>자가용,5498,252,0
202604,시군구,강원,정선군,special,official,26,대,특수>관용,5498,252,0
202604,시군구,강원,정선군,truck,total,6509,대,화물>계,5498,252,1
202604,시군구,강원,정선군,total,private,22536,대,총계>자가용,5498,252,1
202604,시군구,강원,정선군,van,private,498,대,승합>자가용,5498,252,0
202604,시군구,강원,정선군,special,total,188,대,특수>계,5498,252,1
202604,시군구,강원,정선군,passenger,business,219,대,승용>영업용,5498,252,0
202604,시군구,강원,정선군,truck,official,147,대,화물>관용,5498,252,0
202604,시군구,강원,정선군,special,business,36,대,특수>영업용,5498,252,0
202604,시군구,강원,정선군,total,official,389,대,총계>관용,5498,252,1
202604,시군구,강원,정선군,total,business,496,대,총계>영업용,5498,252,1
202604,시군구,강원,정선군,total,total,23421,대,총계>계,5498,252,1
202604,시군구,강원,정선군,van,official,99,대,승합>관용,5498,252,0
202604,시군구,강원,정선군,truck,business,163,대,화물>영업용,5498,252,0
202604,시군구,강원,정선군,van,total,675,대,승합>계,5498,252,1
202604,시군구,강원,정선군,passenger,official,117,대,승용>관용,5498,252,0
202604,시군구,강원,정선군,passenger,private,15713,대,승용>자가용,5498,252,0
202604,시군구,강원,정선군,passenger,total,16049,대,승용>계,5498,252,1
202604,시군구,강원,정선군,special,private,126,대,특수>자가용,5498,252,0
202604,시군구,강원,정선군,van,business,78,대,승합>영업용,5498,252,0
202604,시군구,강원,철원군,truck,private,7002,대,화물>자가용,5498,253,0
202604,시군구,강원,철원군,special,official,18,대,특수>관용,5498,253,0
202604,시군구,강원,철원군,truck,total,7282,대,화물>계,5498,253,1
202604,시군구,강원,철원군,total,private,25118,대,총계>자가용,5498,253,1
202604,시군구,강원,철원군,van,private,590,대,승합>자가용,5498,253,0
202604,시군구,강원,철원군,special,total,135,대,특수>계,5498,253,1
202604,시군구,강원,철원군,passenger,business,187,대,승용>영업용,5498,253,0
202604,시군구,강원,철원군,truck,official,143,대,화물>관용,5498,253,0
202604,시군구,강원,철원군,special,business,22,대,특수>영업용,5498,253,0
202604,시군구,강원,철원군,total,official,286,대,총계>관용,5498,253,1
202604,시군구,강원,철원군,total,business,397,대,총계>영업용,5498,253,1
202604,시군구,강원,철원군,total,total,25801,대,총계>계,5498,253,1
202604,시군구,강원,철원군,van,official,68,대,승합>관용,5498,253,0
202604,시군구,강원,철원군,truck,business,137,대,화물>영업용,5498,253,0
202604,시군구,강원,철원군,van,total,709,대,승합>계,5498,253,1
202604,시군구,강원,철원군,passenger,official,57,대,승용>관용,5498,253,0
202604,시군구,강원,철원군,passenger,private,17431,대,승용>자가용,5498,253,0
202604,시군구,강원,철원군,passenger,total,17675,대,승용>계,5498,253,1
202604,시군구,강원,철원군,special,private,95,대,특수>자가용,5498,253,0
202604,시군구,강원,철원군,van,business,51,대,승합>영업용,5498,253,0
202604,시군구,강원,춘천시,truck,private,18412,대,화물>자가용,5498,254,0
202604,시군구,강원,춘천시,special,official,32,대,특수>관용,5498,254,0
202604,시군구,강원,춘천시,truck,total,21499,대,화물>계,5498,254,1
202604,시군구,강원,춘천시,total,private,145495,대,총계>자가용,5498,254,1
202604,시군구,강원,춘천시,van,private,2858,대,승합>자가용,5498,254,0
202604,시군구,강원,춘천시,special,total,995,대,특수>계,5498,254,1
202604,시군구,강원,춘천시,passenger,business,2275,대,승용>영업용,5498,254,0
202604,시군구,강원,춘천시,truck,official,265,대,화물>관용,5498,254,0
202604,시군구,강원,춘천시,special,business,410,대,특수>영업용,5498,254,0
202604,시군구,강원,춘천시,total,official,908,대,총계>관용,5498,254,1
202604,시군구,강원,춘천시,total,business,6105,대,총계>영업용,5498,254,1
202604,시군구,강원,춘천시,total,total,152508,대,총계>계,5498,254,1
202604,시군구,강원,춘천시,van,official,263,대,승합>관용,5498,254,0
202604,시군구,강원,춘천시,truck,business,2822,대,화물>영업용,5498,254,0
202604,시군구,강원,춘천시,van,total,3719,대,승합>계,5498,254,1
202604,시군구,강원,춘천시,passenger,official,348,대,승용>관용,5498,254,0
202604,시군구,강원,춘천시,passenger,private,123672,대,승용>자가용,5498,254,0
202604,시군구,강원,춘천시,passenger,total,126295,대,승용>계,5498,254,1
202604,시군구,강원,춘천시,special,private,553,대,특수>자가용,5498,254,0
202604,시군구,강원,춘천시,van,business,598,대,승합>영업용,5498,254,0
202604,시군구,강원,태백시,truck,private,3311,대,화물>자가용,5498,255,0
202604,시군구,강원,태백시,special,official,16,대,특수>관용,5498,255,0
202604,시군구,강원,태백시,truck,total,3571,대,화물>계,5498,255,1
202604,시군구,강원,태백시,total,private,20018,대,총계>자가용,5498,255,1
202604,시군구,강원,태백시,van,private,557,대,승합>자가용,5498,255,0
202604,시군구,강원,태백시,special,total,183,대,특수>계,5498,255,1
202604,시군구,강원,태백시,passenger,business,348,대,승용>영업용,5498,255,0
202604,시군구,강원,태백시,truck,official,123,대,화물>관용,5498,255,0
202604,시군구,강원,태백시,special,business,47,대,특수>영업용,5498,255,0
202604,시군구,강원,태백시,total,official,267,대,총계>관용,5498,255,1
202604,시군구,강원,태백시,total,business,654,대,총계>영업용,5498,255,1
202604,시군구,강원,태백시,total,total,20939,대,총계>계,5498,255,1
202604,시군구,강원,태백시,van,official,56,대,승합>관용,5498,255,0
202604,시군구,강원,태백시,truck,business,137,대,화물>영업용,5498,255,0
202604,시군구,강원,태백시,van,total,735,대,승합>계,5498,255,1
202604,시군구,강원,태백시,passenger,official,72,대,승용>관용,5498,255,0
202604,시군구,강원,태백시,passenger,private,16030,대,승용>자가용,5498,255,0
202604,시군구,강원,태백시,passenger,total,16450,대,승용>계,5498,255,1
202604,시군구,강원,태백시,special,private,120,대,특수>자가용,5498,255,0
202604,시군구,강원,태백시,van,business,122,대,승합>영업용,5498,255,0
202604,시군구,강원,평창군,truck,private,8676,대,화물>자가용,5498,256,0
202604,시군구,강원,평창군,special,official,25,대,특수>관용,5498,256,0
202604,시군구,강원,평창군,truck,total,8928,대,화물>계,5498,256,1
202604,시군구,강원,평창군,total,private,27405,대,총계>자가용,5498,256,1
202604,시군구,강원,평창군,van,private,694,대,승합>자가용,5498,256,0
202604,시군구,강원,평창군,special,total,174,대,특수>계,5498,256,1
202604,시군구,강원,평창군,passenger,business,210,대,승용>영업용,5498,256,0
202604,시군구,강원,평창군,truck,official,120,대,화물>관용,5498,256,0
202604,시군구,강원,평창군,special,business,48,대,특수>영업용,5498,256,0
202604,시군구,강원,평창군,total,official,328,대,총계>관용,5498,256,1
202604,시군구,강원,평창군,total,business,462,대,총계>영업용,5498,256,1
202604,시군구,강원,평창군,total,total,28195,대,총계>계,5498,256,1
202604,시군구,강원,평창군,van,official,75,대,승합>관용,5498,256,0
202604,시군구,강원,평창군,truck,business,132,대,화물>영업용,5498,256,0
202604,시군구,강원,평창군,van,total,841,대,승합>계,5498,256,1
202604,시군구,강원,평창군,passenger,official,108,대,승용>관용,5498,256,0
202604,시군구,강원,평창군,passenger,private,17934,대,승용>자가용,5498,256,0
202604,시군구,강원,평창군,passenger,total,18252,대,승용>계,5498,256,1
202604,시군구,강원,평창군,special,private,101,대,특수>자가용,5498,256,0
202604,시군구,강원,평창군,van,business,72,대,승합>영업용,5498,256,0
202604,시군구,강원,홍천군,truck,private,11686,대,화물>자가용,5498,257,0
202604,시군구,강원,홍천군,special,official,26,대,특수>관용,5498,257,0
202604,시군구,강원,홍천군,truck,total,12323,대,화물>계,5498,257,1
202604,시군구,강원,홍천군,total,private,41491,대,총계>자가용,5498,257,1
202604,시군구,강원,홍천군,van,private,1073,대,승합>자가용,5498,257,0
202604,시군구,강원,홍천군,special,total,275,대,특수>계,5498,257,1
202604,시군구,강원,홍천군,passenger,business,301,대,승용>영업용,5498,257,0
202604,시군구,강원,홍천군,truck,official,181,대,화물>관용,5498,257,0
202604,시군구,강원,홍천군,special,business,66,대,특수>영업용,5498,257,0
202604,시군구,강원,홍천군,total,official,457,대,총계>관용,5498,257,1
202604,시군구,강원,홍천군,total,business,1092,대,총계>영업용,5498,257,1
202604,시군구,강원,홍천군,total,total,43040,대,총계>계,5498,257,1
202604,시군구,강원,홍천군,van,official,114,대,승합>관용,5498,257,0
202604,시군구,강원,홍천군,truck,business,456,대,화물>영업용,5498,257,0
202604,시군구,강원,홍천군,van,total,1456,대,승합>계,5498,257,1
202604,시군구,강원,홍천군,passenger,official,136,대,승용>관용,5498,257,0
202604,시군구,강원,홍천군,passenger,private,28549,대,승용>자가용,5498,257,0
202604,시군구,강원,홍천군,passenger,total,28986,대,승용>계,5498,257,1
202604,시군구,강원,홍천군,special,private,183,대,특수>자가용,5498,257,0
202604,시군구,강원,홍천군,van,business,269,대,승합>영업용,5498,257,0
202604,시군구,강원,화천군,truck,private,3304,대,화물>자가용,5498,258,0
202604,시군구,강원,화천군,special,official,10,대,특수>관용,5498,258,0
202604,시군구,강원,화천군,truck,total,3450,대,화물>계,5498,258,1
202604,시군구,강원,화천군,total,private,13651,대,총계>자가용,5498,258,1
202604,시군구,강원,화천군,van,private,261,대,승합>자가용,5498,258,0
202604,시군구,강원,화천군,special,total,97,대,특수>계,5498,258,1
202604,시군구,강원,화천군,passenger,business,55,대,승용>영업용,5498,258,0
202604,시군구,강원,화천군,truck,official,100,대,화물>관용,5498,258,0
202604,시군구,강원,화천군,special,business,25,대,특수>영업용,5498,258,0
202604,시군구,강원,화천군,total,official,229,대,총계>관용,5498,258,1
202604,시군구,강원,화천군,total,business,161,대,총계>영업용,5498,258,1
202604,시군구,강원,화천군,total,total,14041,대,총계>계,5498,258,1
202604,시군구,강원,화천군,van,official,61,대,승합>관용,5498,258,0
202604,시군구,강원,화천군,truck,business,46,대,화물>영업용,5498,258,0
202604,시군구,강원,화천군,van,total,357,대,승합>계,5498,258,1
202604,시군구,강원,화천군,passenger,official,58,대,승용>관용,5498,258,0
202604,시군구,강원,화천군,passenger,private,10024,대,승용>자가용,5498,258,0
202604,시군구,강원,화천군,passenger,total,10137,대,승용>계,5498,258,1
202604,시군구,강원,화천군,special,private,62,대,특수>자가용,5498,258,0
202604,시군구,강원,화천군,van,business,35,대,승합>영업용,5498,258,0
202604,시군구,강원,횡성군,truck,private,8708,대,화물>자가용,5498,259,0
202604,시군구,강원,횡성군,special,official,12,대,특수>관용,5498,259,0
202604,시군구,강원,횡성군,truck,total,9104,대,화물>계,5498,259,1
202604,시군구,강원,횡성군,total,private,29568,대,총계>자가용,5498,259,1
202604,시군구,강원,횡성군,van,private,778,대,승합>자가용,5498,259,0
202604,시군구,강원,횡성군,special,total,209,대,특수>계,5498,259,1
202604,시군구,강원,횡성군,passenger,business,541,대,승용>영업용,5498,259,0
202604,시군구,강원,횡성군,truck,official,127,대,화물>관용,5498,259,0
202604,시군구,강원,횡성군,special,business,51,대,특수>영업용,5498,259,0
202604,시군구,강원,횡성군,total,official,292,대,총계>관용,5498,259,1
202604,시군구,강원,횡성군,total,business,957,대,총계>영업용,5498,259,1
202604,시군구,강원,횡성군,total,total,30817,대,총계>계,5498,259,1
202604,시군구,강원,횡성군,van,official,64,대,승합>관용,5498,259,0
202604,시군구,강원,횡성군,truck,business,269,대,화물>영업용,5498,259,0
202604,시군구,강원,횡성군,van,total,938,대,승합>계,5498,259,1
202604,시군구,강원,횡성군,passenger,official,89,대,승용>관용,5498,259,0
202604,시군구,강원,횡성군,passenger,private,19936,대,승용>자가용,5498,259,0
202604,시군구,강원,횡성군,passenger,total,20566,대,승용>계,5498,259,1
202604,시군구,강원,횡성군,special,private,146,대,특수>자가용,5498,259,0
202604,시군구,강원,횡성군,van,business,96,대,승합>영업용,5498,259,0
202604,시도,강원,,truck,private,152857,대,화물>자가용,5498,260,0
202604,시도,강원,,special,official,340,대,특수>관용,5498,260,0
202604,시도,강원,,truck,total,164978,대,화물>계,5498,260,1
202604,시도,강원,,total,private,850001,대,총계>자가용,5498,260,1
202604,시도,강원,,van,private,18347,대,승합>자가용,5498,260,0
202604,시도,강원,,special,total,5812,대,특수>계,5498,260,1
202604,시도,강원,,passenger,business,11370,대,승용>영업용,5498,260,0
202604,시도,강원,,truck,official,2729,대,화물>관용,5498,260,0
202604,시도,강원,,special,business,1929,대,특수>영업용,5498,260,0
202604,시도,강원,,total,official,6808,대,총계>관용,5498,260,1
202604,시도,강원,,total,business,25637,대,총계>영업용,5498,260,1
202604,시도,강원,,total,total,882446,대,총계>계,5498,260,1
202604,시도,강원,,van,official,1627,대,승합>관용,5498,260,0
202604,시도,강원,,truck,business,9392,대,화물>영업용,5498,260,0
202604,시도,강원,,van,total,22920,대,승합>계,5498,260,1
202604,시도,강원,,passenger,official,2112,대,승용>관용,5498,260,0
202604,시도,강원,,passenger,private,675254,대,승용>자가용,5498,260,0
202604,시도,강원,,passenger,total,688736,대,승용>계,5498,260,1
202604,시도,강원,,special,private,3543,대,특수>자가용,5498,260,0
202604,시도,강원,,van,business,2946,대,승합>영업용,5498,260,0
202604,시군구,전북,고창군,truck,private,10694,대,화물>자가용,5498,261,0
202604,시군구,전북,고창군,special,official,15,대,특수>관용,5498,261,0
202604,시군구,전북,고창군,truck,total,11156,대,화물>계,5498,261,1
202604,시군구,전북,고창군,total,private,32736,대,총계>자가용,5498,261,1
202604,시군구,전북,고창군,van,private,1197,대,승합>자가용,5498,261,0
202604,시군구,전북,고창군,special,total,200,대,특수>계,5498,261,1
202604,시군구,전북,고창군,passenger,business,160,대,승용>영업용,5498,261,0
202604,시군구,전북,고창군,truck,official,158,대,화물>관용,5498,261,0
202604,시군구,전북,고창군,special,business,58,대,특수>영업용,5498,261,0
202604,시군구,전북,고창군,total,official,351,대,총계>관용,5498,261,1
202604,시군구,전북,고창군,total,business,615,대,총계>영업용,5498,261,1
202604,시군구,전북,고창군,total,total,33702,대,총계>계,5498,261,1
202604,시군구,전북,고창군,van,official,65,대,승합>관용,5498,261,0
202604,시군구,전북,고창군,truck,business,304,대,화물>영업용,5498,261,0
202604,시군구,전북,고창군,van,total,1355,대,승합>계,5498,261,1
202604,시군구,전북,고창군,passenger,official,113,대,승용>관용,5498,261,0
202604,시군구,전북,고창군,passenger,private,20718,대,승용>자가용,5498,261,0
202604,시군구,전북,고창군,passenger,total,20991,대,승용>계,5498,261,1
202604,시군구,전북,고창군,special,private,127,대,특수>자가용,5498,261,0
202604,시군구,전북,고창군,van,business,93,대,승합>영업용,5498,261,0
202604,시군구,전북,군산시,truck,private,19242,대,화물>자가용,5498,262,0
202604,시군구,전북,군산시,special,official,22,대,특수>관용,5498,262,0
202604,시군구,전북,군산시,truck,total,22757,대,화물>계,5498,262,1
202604,시군구,전북,군산시,total,private,141307,대,총계>자가용,5498,262,1
202604,시군구,전북,군산시,van,private,2719,대,승합>자가용,5498,262,0
202604,시군구,전북,군산시,special,total,1289,대,특수>계,5498,262,1
202604,시군구,전북,군산시,passenger,business,1906,대,승용>영업용,5498,262,0
202604,시군구,전북,군산시,truck,official,213,대,화물>관용,5498,262,0
202604,시군구,전북,군산시,special,business,718,대,특수>영업용,5498,262,0
202604,시군구,전북,군산시,total,official,569,대,총계>관용,5498,262,1
202604,시군구,전북,군산시,total,business,6435,대,총계>영업용,5498,262,1
202604,시군구,전북,군산시,total,total,148311,대,총계>계,5498,262,1
202604,시군구,전북,군산시,van,official,126,대,승합>관용,5498,262,0
202604,시군구,전북,군산시,truck,business,3302,대,화물>영업용,5498,262,0
202604,시군구,전북,군산시,van,total,3354,대,승합>계,5498,262,1
202604,시군구,전북,군산시,passenger,official,208,대,승용>관용,5498,262,0
202604,시군구,전북,군산시,passenger,private,118797,대,승용>자가용,5498,262,0
202604,시군구,전북,군산시,passenger,total,120911,대,승용>계,5498,262,1
202604,시군구,전북,군산시,special,private,549,대,특수>자가용,5498,262,0
202604,시군구,전북,군산시,van,business,509,대,승합>영업용,5498,262,0
202604,시군구,전북,김제시,truck,private,14000,대,화물>자가용,5498,263,0
202604,시군구,전북,김제시,special,official,8,대,특수>관용,5498,263,0
202604,시군구,전북,김제시,truck,total,15212,대,화물>계,5498,263,1
202604,시군구,전북,김제시,total,private,52039,대,총계>자가용,5498,263,1
202604,시군구,전북,김제시,van,private,1423,대,승합>자가용,5498,263,0
202604,시군구,전북,김제시,special,total,458,대,특수>계,5498,263,1
202604,시군구,전북,김제시,passenger,business,497,대,승용>영업용,5498,263,0
202604,시군구,전북,김제시,truck,official,150,대,화물>관용,5498,263,0
202604,시군구,전북,김제시,special,business,161,대,특수>영업용,5498,263,0
202604,시군구,전북,김제시,total,official,349,대,총계>관용,5498,263,1
202604,시군구,전북,김제시,total,business,1869,대,총계>영업용,5498,263,1
202604,시군구,전북,김제시,total,total,54257,대,총계>계,5498,263,1
202604,시군구,전북,김제시,van,official,59,대,승합>관용,5498,263,0
202604,시군구,전북,김제시,truck,business,1062,대,화물>영업용,5498,263,0
202604,시군구,전북,김제시,van,total,1631,대,승합>계,5498,263,1
202604,시군구,전북,김제시,passenger,official,132,대,승용>관용,5498,263,0
202604,시군구,전북,김제시,passenger,private,36327,대,승용>자가용,5498,263,0
202604,시군구,전북,김제시,passenger,total,36956,대,승용>계,5498,263,1
202604,시군구,전북,김제시,special,private,289,대,특수>자가용,5498,263,0
202604,시군구,전북,김제시,van,business,149,대,승합>영업용,5498,263,0
202604,시군구,전북,남원시,truck,private,12469,대,화물>자가용,5498,264,0
202604,시군구,전북,남원시,special,official,24,대,특수>관용,5498,264,0
202604,시군구,전북,남원시,truck,total,13112,대,화물>계,5498,264,1
202604,시군구,전북,남원시,total,private,43969,대,총계>자가용,5498,264,1
202604,시군구,전북,남원시,van,private,1091,대,승합>자가용,5498,264,0
202604,시군구,전북,남원시,special,total,295,대,특수>계,5498,264,1
202604,시군구,전북,남원시,passenger,business,404,대,승용>영업용,5498,264,0
202604,시군구,전북,남원시,truck,official,184,대,화물>관용,5498,264,0
202604,시군구,전북,남원시,special,business,74,대,특수>영업용,5498,264,0
202604,시군구,전북,남원시,total,official,454,대,총계>관용,5498,264,1
202604,시군구,전북,남원시,total,business,1097,대,총계>영업용,5498,264,1
202604,시군구,전북,남원시,total,total,45520,대,총계>계,5498,264,1
202604,시군구,전북,남원시,van,official,107,대,승합>관용,5498,264,0
202604,시군구,전북,남원시,truck,business,459,대,화물>영업용,5498,264,0
202604,시군구,전북,남원시,van,total,1358,대,승합>계,5498,264,1
202604,시군구,전북,남원시,passenger,official,139,대,승용>관용,5498,264,0
202604,시군구,전북,남원시,passenger,private,30212,대,승용>자가용,5498,264,0
202604,시군구,전북,남원시,passenger,total,30755,대,승용>계,5498,264,1
202604,시군구,전북,남원시,special,private,197,대,특수>자가용,5498,264,0
202604,시군구,전북,남원시,van,business,160,대,승합>영업용,5498,264,0
202604,시군구,전북,무주군,truck,private,4489,대,화물>자가용,5498,265,0
202604,시군구,전북,무주군,special,official,9,대,특수>관용,5498,265,0
202604,시군구,전북,무주군,truck,total,4838,대,화물>계,5498,265,1
202604,시군구,전북,무주군,total,private,14372,대,총계>자가용,5498,265,1
202604,시군구,전북,무주군,van,private,434,대,승합>자가용,5498,265,0
202604,시군구,전북,무주군,special,total,97,대,특수>계,5498,265,1
202604,시군구,전북,무주군,passenger,business,56,대,승용>영업용,5498,265,0
202604,시군구,전북,무주군,truck,official,102,대,화물>관용,5498,265,0
202604,시군구,전북,무주군,special,business,38,대,특수>영업용,5498,265,0
202604,시군구,전북,무주군,total,official,221,대,총계>관용,5498,265,1
202604,시군구,전북,무주군,total,business,393,대,총계>영업용,5498,265,1
202604,시군구,전북,무주군,total,total,14986,대,총계>계,5498,265,1
202604,시군구,전북,무주군,van,official,38,대,승합>관용,5498,265,0
202604,시군구,전북,무주군,truck,business,247,대,화물>영업용,5498,265,0
202604,시군구,전북,무주군,van,total,524,대,승합>계,5498,265,1
202604,시군구,전북,무주군,passenger,official,72,대,승용>관용,5498,265,0
202604,시군구,전북,무주군,passenger,private,9399,대,승용>자가용,5498,265,0
202604,시군구,전북,무주군,passenger,total,9527,대,승용>계,5498,265,1
202604,시군구,전북,무주군,special,private,50,대,특수>자가용,5498,265,0
202604,시군구,전북,무주군,van,business,52,대,승합>영업용,5498,265,0
202604,시군구,전북,부안군,truck,private,8755,대,화물>자가용,5498,266,0
202604,시군구,전북,부안군,special,official,13,대,특수>관용,5498,266,0
202604,시군구,전북,부안군,truck,total,9161,대,화물>계,5498,266,1
202604,시군구,전북,부안군,total,private,28873,대,총계>자가용,5498,266,1
202604,시군구,전북,부안군,van,private,749,대,승합>자가용,5498,266,0
202604,시군구,전북,부안군,special,total,185,대,특수>계,5498,266,1
202604,시군구,전북,부안군,passenger,business,173,대,승용>영업용,5498,266,0
202604,시군구,전북,부안군,truck,official,140,대,화물>관용,5498,266,0
202604,시군구,전북,부안군,special,business,53,대,특수>영업용,5498,266,0
202604,시군구,전북,부안군,total,official,314,대,총계>관용,5498,266,1
202604,시군구,전북,부안군,total,business,607,대,총계>영업용,5498,266,1
202604,시군구,전북,부안군,total,total,29794,대,총계>계,5498,266,1
202604,시군구,전북,부안군,van,official,61,대,승합>관용,5498,266,0
202604,시군구,전북,부안군,truck,business,266,대,화물>영업용,5498,266,0
202604,시군구,전북,부안군,van,total,925,대,승합>계,5498,266,1
202604,시군구,전북,부안군,passenger,official,100,대,승용>관용,5498,266,0
202604,시군구,전북,부안군,passenger,private,19250,대,승용>자가용,5498,266,0
202604,시군구,전북,부안군,passenger,total,19523,대,승용>계,5498,266,1
202604,시군구,전북,부안군,special,private,119,대,특수>자가용,5498,266,0
202604,시군구,전북,부안군,van,business,115,대,승합>영업용,5498,266,0
202604,시군구,전북,순창군,truck,private,5380,대,화물>자가용,5498,267,0
202604,시군구,전북,순창군,special,official,10,대,특수>관용,5498,267,0
202604,시군구,전북,순창군,truck,total,5543,대,화물>계,5498,267,1
202604,시군구,전북,순창군,total,private,17232,대,총계>자가용,5498,267,1
202604,시군구,전북,순창군,van,private,380,대,승합>자가용,5498,267,0
202604,시군구,전북,순창군,special,total,78,대,특수>계,5498,267,1
202604,시군구,전북,순창군,passenger,business,84,대,승용>영업용,5498,267,0
202604,시군구,전북,순창군,truck,official,100,대,화물>관용,5498,267,0
202604,시군구,전북,순창군,special,business,21,대,특수>영업용,5498,267,0
202604,시군구,전북,순창군,total,official,243,대,총계>관용,5498,267,1
202604,시군구,전북,순창군,total,business,189,대,총계>영업용,5498,267,1
202604,시군구,전북,순창군,total,total,17664,대,총계>계,5498,267,1
202604,시군구,전북,순창군,van,official,59,대,승합>관용,5498,267,0
202604,시군구,전북,순창군,truck,business,63,대,화물>영업용,5498,267,0
202604,시군구,전북,순창군,van,total,460,대,승합>계,5498,267,1
202604,시군구,전북,순창군,passenger,official,74,대,승용>관용,5498,267,0
202604,시군구,전북,순창군,passenger,private,11425,대,승용>자가용,5498,267,0
202604,시군구,전북,순창군,passenger,total,11583,대,승용>계,5498,267,1
202604,시군구,전북,순창군,special,private,47,대,특수>자가용,5498,267,0
202604,시군구,전북,순창군,van,business,21,대,승합>영업용,5498,267,0
202604,시군구,전북,완주군,truck,private,12573,대,화물>자가용,5498,268,0
202604,시군구,전북,완주군,special,official,30,대,특수>관용,5498,268,0
202604,시군구,전북,완주군,truck,total,15190,대,화물>계,5498,268,1
202604,시군구,전북,완주군,total,private,63190,대,총계>자가용,5498,268,1
202604,시군구,전북,완주군,van,private,1485,대,승합>자가용,5498,268,0
202604,시군구,전북,완주군,special,total,517,대,특수>계,5498,268,1
202604,시군구,전북,완주군,passenger,business,225,대,승용>영업용,5498,268,0
202604,시군구,전북,완주군,truck,official,214,대,화물>관용,5498,268,0
202604,시군구,전북,완주군,special,business,225,대,특수>영업용,5498,268,0
202604,시군구,전북,완주군,total,official,487,대,총계>관용,5498,268,1
202604,시군구,전북,완주군,total,business,3274,대,총계>영업용,5498,268,1
202604,시군구,전북,완주군,total,total,66951,대,총계>계,5498,268,1
202604,시군구,전북,완주군,van,official,109,대,승합>관용,5498,268,0
202604,시군구,전북,완주군,truck,business,2403,대,화물>영업용,5498,268,0
202604,시군구,전북,완주군,van,total,2015,대,승합>계,5498,268,1
202604,시군구,전북,완주군,passenger,official,134,대,승용>관용,5498,268,0
202604,시군구,전북,완주군,passenger,private,48870,대,승용>자가용,5498,268,0
202604,시군구,전북,완주군,passenger,total,49229,대,승용>계,5498,268,1
202604,시군구,전북,완주군,special,private,262,대,특수>자가용,5498,268,0
202604,시군구,전북,완주군,van,business,421,대,승합>영업용,5498,268,0
202604,시군구,전북,익산시,truck,private,24091,대,화물>자가용,5498,269,0
202604,시군구,전북,익산시,special,official,18,대,특수>관용,5498,269,0
202604,시군구,전북,익산시,truck,total,27455,대,화물>계,5498,269,1
202604,시군구,전북,익산시,total,private,145565,대,총계>자가용,5498,269,1
202604,시군구,전북,익산시,van,private,3554,대,승합>자가용,5498,269,0
202604,시군구,전북,익산시,special,total,942,대,특수>계,5498,269,1
202604,시군구,전북,익산시,passenger,business,1789,대,승용>영업용,5498,269,0
202604,시군구,전북,익산시,truck,official,213,대,화물>관용,5498,269,0
202604,시군구,전북,익산시,special,business,421,대,특수>영업용,5498,269,0
202604,시군구,전북,익산시,total,official,562,대,총계>관용,5498,269,1
202604,시군구,전북,익산시,total,business,5842,대,총계>영업용,5498,269,1
202604,시군구,전북,익산시,total,total,151969,대,총계>계,5498,269,1
202604,시군구,전북,익산시,van,official,131,대,승합>관용,5498,269,0
202604,시군구,전북,익산시,truck,business,3151,대,화물>영업용,5498,269,0
202604,시군구,전북,익산시,van,total,4166,대,승합>계,5498,269,1
202604,시군구,전북,익산시,passenger,official,200,대,승용>관용,5498,269,0
202604,시군구,전북,익산시,passenger,private,117417,대,승용>자가용,5498,269,0
202604,시군구,전북,익산시,passenger,total,119406,대,승용>계,5498,269,1
202604,시군구,전북,익산시,special,private,503,대,특수>자가용,5498,269,0
202604,시군구,전북,익산시,van,business,481,대,승합>영업용,5498,269,0
202604,시군구,전북,임실군,truck,private,4966,대,화물>자가용,5498,270,0
202604,시군구,전북,임실군,special,official,9,대,특수>관용,5498,270,0
202604,시군구,전북,임실군,truck,total,5370,대,화물>계,5498,270,1
202604,시군구,전북,임실군,total,private,15501,대,총계>자가용,5498,270,1
202604,시군구,전북,임실군,van,private,389,대,승합>자가용,5498,270,0
202604,시군구,전북,임실군,special,total,96,대,특수>계,5498,270,1
202604,시군구,전북,임실군,passenger,business,57,대,승용>영업용,5498,270,0
202604,시군구,전북,임실군,truck,official,121,대,화물>관용,5498,270,0
202604,시군구,전북,임실군,special,business,23,대,특수>영업용,5498,270,0
202604,시군구,전북,임실군,total,official,275,대,총계>관용,5498,270,1
202604,시군구,전북,임실군,total,business,429,대,총계>영업용,5498,270,1
202604,시군구,전북,임실군,total,total,16205,대,총계>계,5498,270,1
202604,시군구,전북,임실군,van,official,61,대,승합>관용,5498,270,0
202604,시군구,전북,임실군,truck,business,283,대,화물>영업용,5498,270,0
202604,시군구,전북,임실군,van,total,516,대,승합>계,5498,270,1
202604,시군구,전북,임실군,passenger,official,84,대,승용>관용,5498,270,0
202604,시군구,전북,임실군,passenger,private,10082,대,승용>자가용,5498,270,0
202604,시군구,전북,임실군,passenger,total,10223,대,승용>계,5498,270,1
202604,시군구,전북,임실군,special,private,64,대,특수>자가용,5498,270,0
202604,시군구,전북,임실군,van,business,66,대,승합>영업용,5498,270,0
202604,시군구,전북,장수군,truck,private,4529,대,화물>자가용,5498,271,0
202604,시군구,전북,장수군,special,official,7,대,특수>관용,5498,271,0
202604,시군구,전북,장수군,truck,total,4736,대,화물>계,5498,271,1
202604,시군구,전북,장수군,total,private,13388,대,총계>자가용,5498,271,1
202604,시군구,전북,장수군,van,private,319,대,승합>자가용,5498,271,0
202604,시군구,전북,장수군,special,total,85,대,특수>계,5498,271,1
202604,시군구,전북,장수군,passenger,business,32,대,승용>영업용,5498,271,0
202604,시군구,전북,장수군,truck,official,114,대,화물>관용,5498,271,0
202604,시군구,전북,장수군,special,business,22,대,특수>영업용,5498,271,0
202604,시군구,전북,장수군,total,official,241,대,총계>관용,5498,271,1
202604,시군구,전북,장수군,total,business,168,대,총계>영업용,5498,271,1
202604,시군구,전북,장수군,total,total,13797,대,총계>계,5498,271,1
202604,시군구,전북,장수군,van,official,41,대,승합>관용,5498,271,0
202604,시군구,전북,장수군,truck,business,93,대,화물>영업용,5498,271,0
202604,시군구,전북,장수군,van,total,381,대,승합>계,5498,271,1
202604,시군구,전북,장수군,passenger,official,79,대,승용>관용,5498,271,0
202604,시군구,전북,장수군,passenger,private,8484,대,승용>자가용,5498,271,0
202604,시군구,전북,장수군,passenger,total,8595,대,승용>계,5498,271,1
202604,시군구,전북,장수군,special,private,56,대,특수>자가용,5498,271,0
202604,시군구,전북,장수군,van,business,21,대,승합>영업용,5498,271,0
202604,시군구,전북,전주시 덕진구,truck,private,18808,대,화물>자가용,5498,272,0
202604,시군구,전북,전주시 덕진구,special,official,13,대,특수>관용,5498,272,0
202604,시군구,전북,전주시 덕진구,truck,total,21567,대,화물>계,5498,272,1
202604,시군구,전북,전주시 덕진구,total,private,172126,대,총계>자가용,5498,272,1
202604,시군구,전북,전주시 덕진구,van,private,3079,대,승합>자가용,5498,272,0
202604,시군구,전북,전주시 덕진구,special,total,1013,대,특수>계,5498,272,1
202604,시군구,전북,전주시 덕진구,passenger,business,2952,대,승용>영업용,5498,272,0
202604,시군구,전북,전주시 덕진구,truck,official,151,대,화물>관용,5498,272,0
202604,시군구,전북,전주시 덕진구,special,business,404,대,특수>영업용,5498,272,0
202604,시군구,전북,전주시 덕진구,total,official,451,대,총계>관용,5498,272,1
202604,시군구,전북,전주시 덕진구,total,business,6880,대,총계>영업용,5498,272,1
202604,시군구,전북,전주시 덕진구,total,total,179457,대,총계>계,5498,272,1
202604,시군구,전북,전주시 덕진구,van,official,95,대,승합>관용,5498,272,0
202604,시군구,전북,전주시 덕진구,truck,business,2608,대,화물>영업용,5498,272,0
202604,시군구,전북,전주시 덕진구,van,total,4090,대,승합>계,5498,272,1
202604,시군구,전북,전주시 덕진구,passenger,official,192,대,승용>관용,5498,272,0
202604,시군구,전북,전주시 덕진구,passenger,private,149643,대,승용>자가용,5498,272,0
202604,시군구,전북,전주시 덕진구,passenger,total,152787,대,승용>계,5498,272,1
202604,시군구,전북,전주시 덕진구,special,private,596,대,특수>자가용,5498,272,0
202604,시군구,전북,전주시 덕진구,van,business,916,대,승합>영업용,5498,272,0
202604,시군구,전북,전주시 완산구,truck,private,15492,대,화물>자가용,5498,273,0
202604,시군구,전북,전주시 완산구,special,official,22,대,특수>관용,5498,273,0
202604,시군구,전북,전주시 완산구,truck,total,17284,대,화물>계,5498,273,1
202604,시군구,전북,전주시 완산구,total,private,154892,대,총계>자가용,5498,273,1
202604,시군구,전북,전주시 완산구,van,private,2775,대,승합>자가용,5498,273,0
202604,시군구,전북,전주시 완산구,special,total,672,대,특수>계,5498,273,1
202604,시군구,전북,전주시 완산구,passenger,business,1982,대,승용>영업용,5498,273,0
202604,시군구,전북,전주시 완산구,truck,official,210,대,화물>관용,5498,273,0
202604,시군구,전북,전주시 완산구,special,business,259,대,특수>영업용,5498,273,0
202604,시군구,전북,전주시 완산구,total,official,792,대,총계>관용,5498,273,1
202604,시군구,전북,전주시 완산구,total,business,4373,대,총계>영업용,5498,273,1
202604,시군구,전북,전주시 완산구,total,total,160057,대,총계>계,5498,273,1
202604,시군구,전북,전주시 완산구,van,official,216,대,승합>관용,5498,273,0
202604,시군구,전북,전주시 완산구,truck,business,1582,대,화물>영업용,5498,273,0
202604,시군구,전북,전주시 완산구,van,total,3541,대,승합>계,5498,273,1
202604,시군구,전북,전주시 완산구,passenger,official,344,대,승용>관용,5498,273,0
202604,시군구,전북,전주시 완산구,passenger,private,136234,대,승용>자가용,5498,273,0
202604,시군구,전북,전주시 완산구,passenger,total,138560,대,승용>계,5498,273,1
202604,시군구,전북,전주시 완산구,special,private,391,대,특수>자가용,5498,273,0
202604,시군구,전북,전주시 완산구,van,business,550,대,승합>영업용,5498,273,0
202604,시군구,전북,정읍시,truck,private,14920,대,화물>자가용,5498,274,0
202604,시군구,전북,정읍시,special,official,11,대,특수>관용,5498,274,0
202604,시군구,전북,정읍시,truck,total,16004,대,화물>계,5498,274,1
202604,시군구,전북,정읍시,total,private,59020,대,총계>자가용,5498,274,1
202604,시군구,전북,정읍시,van,private,1471,대,승합>자가용,5498,274,0
202604,시군구,전북,정읍시,special,total,415,대,특수>계,5498,274,1
202604,시군구,전북,정읍시,passenger,business,613,대,승용>영업용,5498,274,0
202604,시군구,전북,정읍시,truck,official,166,대,화물>관용,5498,274,0
202604,시군구,전북,정읍시,special,business,124,대,특수>영업용,5498,274,0
202604,시군구,전북,정읍시,total,official,392,대,총계>관용,5498,274,1
202604,시군구,전북,정읍시,total,business,1851,대,총계>영업용,5498,274,1
202604,시군구,전북,정읍시,total,total,61263,대,총계>계,5498,274,1
202604,시군구,전북,정읍시,van,official,106,대,승합>관용,5498,274,0
202604,시군구,전북,정읍시,truck,business,918,대,화물>영업용,5498,274,0
202604,시군구,전북,정읍시,van,total,1773,대,승합>계,5498,274,1
202604,시군구,전북,정읍시,passenger,official,109,대,승용>관용,5498,274,0
202604,시군구,전북,정읍시,passenger,private,42349,대,승용>자가용,5498,274,0
202604,시군구,전북,정읍시,passenger,total,43071,대,승용>계,5498,274,1
202604,시군구,전북,정읍시,special,private,280,대,특수>자가용,5498,274,0
202604,시군구,전북,정읍시,van,business,196,대,승합>영업용,5498,274,0
202604,시군구,전북,진안군,truck,private,5065,대,화물>자가용,5498,275,0
202604,시군구,전북,진안군,special,official,18,대,특수>관용,5498,275,0
202604,시군구,전북,진안군,truck,total,5281,대,화물>계,5498,275,1
202604,시군구,전북,진안군,total,private,15623,대,총계>자가용,5498,275,1
202604,시군구,전북,진안군,van,private,390,대,승합>자가용,5498,275,0
202604,시군구,전북,진안군,special,total,96,대,특수>계,5498,275,1
202604,시군구,전북,진안군,passenger,business,67,대,승용>영업용,5498,275,0
202604,시군구,전북,진안군,truck,official,114,대,화물>관용,5498,275,0
202604,시군구,전북,진안군,special,business,16,대,특수>영업용,5498,275,0
202604,시군구,전북,진안군,total,official,296,대,총계>관용,5498,275,1
202604,시군구,전북,진안군,total,business,280,대,총계>영업용,5498,275,1
202604,시군구,전북,진안군,total,total,16199,대,총계>계,5498,275,1
202604,시군구,전북,진안군,van,official,49,대,승합>관용,5498,275,0
202604,시군구,전북,진안군,truck,business,102,대,화물>영업용,5498,275,0
202604,시군구,전북,진안군,van,total,534,대,승합>계,5498,275,1
202604,시군구,전북,진안군,passenger,official,115,대,승용>관용,5498,275,0
202604,시군구,전북,진안군,passenger,private,10106,대,승용>자가용,5498,275,0
202604,시군구,전북,진안군,passenger,total,10288,대,승용>계,5498,275,1
202604,시군구,전북,진안군,special,private,62,대,특수>자가용,5498,275,0
202604,시군구,전북,진안군,van,business,95,대,승합>영업용,5498,275,0
202604,시도,전북,,truck,private,175473,대,화물>자가용,5498,276,0
202604,시도,전북,,special,official,229,대,특수>관용,5498,276,0
202604,시도,전북,,truck,total,194666,대,화물>계,5498,276,1
202604,시도,전북,,total,private,969833,대,총계>자가용,5498,276,1
202604,시도,전북,,van,private,21455,대,승합>자가용,5498,276,0
202604,시도,전북,,special,total,6438,대,특수>계,5498,276,1
202604,시도,전북,,passenger,business,10997,대,승용>영업용,5498,276,0
202604,시도,전북,,truck,official,2350,대,화물>관용,5498,276,0
202604,시도,전북,,special,business,2617,대,특수>영업용,5498,276,0
202604,시도,전북,,total,official,5997,대,총계>관용,5498,276,1
202604,시도,전북,,total,business,34302,대,총계>영업용,5498,276,1
202604,시도,전북,,total,total,1010132,대,총계>계,5498,276,1
202604,시도,전북,,van,official,1323,대,승합>관용,5498,276,0
202604,시도,전북,,truck,business,16843,대,화물>영업용,5498,276,0
202604,시도,전북,,van,total,26623,대,승합>계,5498,276,1
202604,시도,전북,,passenger,official,2095,대,승용>관용,5498,276,0
202604,시도,전북,,passenger,private,769313,대,승용>자가용,5498,276,0
202604,시도,전북,,passenger,total,782405,대,승용>계,5498,276,1
202604,시도,전북,,special,private,3592,대,특수>자가용,5498,276,0
202604,시도,전북,,van,business,3845,대,승합>영업용,5498,276,0
202605,시군구,서울,강남구,truck,private,13439,대,화물>자가용,5498,277,0
202605,시군구,서울,강남구,special,official,17,대,특수>관용,5498,277,0
202605,시군구,서울,강남구,truck,total,15657,대,화물>계,5498,277,1
202605,시군구,서울,강남구,total,private,235434,대,총계>자가용,5498,277,1
202605,시군구,서울,강남구,van,private,3632,대,승합>자가용,5498,277,0
202605,시군구,서울,강남구,special,total,561,대,특수>계,5498,277,1
202605,시군구,서울,강남구,passenger,business,11537,대,승용>영업용,5498,277,0
202605,시군구,서울,강남구,truck,official,191,대,화물>관용,5498,277,0
202605,시군구,서울,강남구,special,business,148,대,특수>영업용,5498,277,0
202605,시군구,서울,강남구,total,official,423,대,총계>관용,5498,277,1
202605,시군구,서울,강남구,total,business,14263,대,총계>영업용,5498,277,1
202605,시군구,서울,강남구,total,total,250120,대,총계>계,5498,277,1
202605,시군구,서울,강남구,van,official,59,대,승합>관용,5498,277,0
202605,시군구,서울,강남구,truck,business,2027,대,화물>영업용,5498,277,0
202605,시군구,서울,강남구,van,total,4242,대,승합>계,5498,277,1
202605,시군구,서울,강남구,passenger,official,156,대,승용>관용,5498,277,0
202605,시군구,서울,강남구,passenger,private,217967,대,승용>자가용,5498,277,0
202605,시군구,서울,강남구,passenger,total,229660,대,승용>계,5498,277,1
202605,시군구,서울,강남구,special,private,396,대,특수>자가용,5498,277,0
202605,시군구,서울,강남구,van,business,551,대,승합>영업용,5498,277,0
202605,시군구,서울,강동구,truck,private,11817,대,화물>자가용,5498,278,0
202605,시군구,서울,강동구,special,official,8,대,특수>관용,5498,278,0
202605,시군구,서울,강동구,truck,total,14543,대,화물>계,5498,278,1
202605,시군구,서울,강동구,total,private,160365,대,총계>자가용,5498,278,1
202605,시군구,서울,강동구,van,private,2963,대,승합>자가용,5498,278,0
202605,시군구,서울,강동구,special,total,477,대,특수>계,5498,278,1
202605,시군구,서울,강동구,passenger,business,4942,대,승용>영업용,5498,278,0
202605,시군구,서울,강동구,truck,official,149,대,화물>관용,5498,278,0
202605,시군구,서울,강동구,special,business,196,대,특수>영업용,5498,278,0
202605,시군구,서울,강동구,total,official,307,대,총계>관용,5498,278,1
202605,시군구,서울,강동구,total,business,8320,대,총계>영업용,5498,278,1
202605,시군구,서울,강동구,total,total,168992,대,총계>계,5498,278,1
202605,시군구,서울,강동구,van,official,41,대,승합>관용,5498,278,0
202605,시군구,서울,강동구,truck,business,2577,대,화물>영업용,5498,278,0
202605,시군구,서울,강동구,van,total,3609,대,승합>계,5498,278,1
202605,시군구,서울,강동구,passenger,official,109,대,승용>관용,5498,278,0
202605,시군구,서울,강동구,passenger,private,145312,대,승용>자가용,5498,278,0
202605,시군구,서울,강동구,passenger,total,150363,대,승용>계,5498,278,1
202605,시군구,서울,강동구,special,private,273,대,특수>자가용,5498,278,0
202605,시군구,서울,강동구,van,business,605,대,승합>영업용,5498,278,0
202605,시군구,서울,강북구,truck,private,6453,대,화물>자가용,5498,279,0
202605,시군구,서울,강북구,special,official,17,대,특수>관용,5498,279,0
202605,시군구,서울,강북구,truck,total,7806,대,화물>계,5498,279,1
202605,시군구,서울,강북구,total,private,67683,대,총계>자가용,5498,279,1
202605,시군구,서울,강북구,van,private,1834,대,승합>자가용,5498,279,0
202605,시군구,서울,강북구,special,total,270,대,특수>계,5498,279,1
202605,시군구,서울,강북구,passenger,business,2133,대,승용>영업용,5498,279,0
202605,시군구,서울,강북구,truck,official,129,대,화물>관용,5498,279,0
202605,시군구,서울,강북구,special,business,113,대,특수>영업용,5498,279,0
202605,시군구,서울,강북구,total,official,326,대,총계>관용,5498,279,1
202605,시군구,서울,강북구,total,business,4180,대,총계>영업용,5498,279,1
202605,시군구,서울,강북구,total,total,72189,대,총계>계,5498,279,1
202605,시군구,서울,강북구,van,official,66,대,승합>관용,5498,279,0
202605,시군구,서울,강북구,truck,business,1224,대,화물>영업용,5498,279,0
202605,시군구,서울,강북구,van,total,2610,대,승합>계,5498,279,1
202605,시군구,서울,강북구,passenger,official,114,대,승용>관용,5498,279,0
202605,시군구,서울,강북구,passenger,private,59256,대,승용>자가용,5498,279,0
202605,시군구,서울,강북구,passenger,total,61503,대,승용>계,5498,279,1
202605,시군구,서울,강북구,special,private,140,대,특수>자가용,5498,279,0
202605,시군구,서울,강북구,van,business,710,대,승합>영업용,5498,279,0
202605,시군구,서울,강서구,truck,private,15352,대,화물>자가용,5498,280,0
202605,시군구,서울,강서구,special,official,18,대,특수>관용,5498,280,0
202605,시군구,서울,강서구,truck,total,19875,대,화물>계,5498,280,1
202605,시군구,서울,강서구,total,private,186212,대,총계>자가용,5498,280,1
202605,시군구,서울,강서구,van,private,3687,대,승합>자가용,5498,280,0
202605,시군구,서울,강서구,special,total,762,대,특수>계,5498,280,1
202605,시군구,서울,강서구,passenger,business,11196,대,승용>영업용,5498,280,0
202605,시군구,서울,강서구,truck,official,156,대,화물>관용,5498,280,0
202605,시군구,서울,강서구,special,business,256,대,특수>영업용,5498,280,0
202605,시군구,서울,강서구,total,official,354,대,총계>관용,5498,280,1
202605,시군구,서울,강서구,total,business,17221,대,총계>영업용,5498,280,1
202605,시군구,서울,강서구,total,total,203787,대,총계>계,5498,280,1
202605,시군구,서울,강서구,van,official,44,대,승합>관용,5498,280,0
202605,시군구,서울,강서구,truck,business,4367,대,화물>영업용,5498,280,0
202605,시군구,서울,강서구,van,total,5133,대,승합>계,5498,280,1
202605,시군구,서울,강서구,passenger,official,136,대,승용>관용,5498,280,0
202605,시군구,서울,강서구,passenger,private,166685,대,승용>자가용,5498,280,0
202605,시군구,서울,강서구,passenger,total,178017,대,승용>계,5498,280,1
202605,시군구,서울,강서구,special,private,488,대,특수>자가용,5498,280,0
202605,시군구,서울,강서구,van,business,1402,대,승합>영업용,5498,280,0
202605,시군구,서울,관악구,truck,private,8435,대,화물>자가용,5498,281,0
202605,시군구,서울,관악구,special,official,12,대,특수>관용,5498,281,0
202605,시군구,서울,관악구,truck,total,10784,대,화물>계,5498,281,1
202605,시군구,서울,관악구,total,private,109238,대,총계>자가용,5498,281,1
202605,시군구,서울,관악구,van,private,2538,대,승합>자가용,5498,281,0
202605,시군구,서울,관악구,special,total,382,대,특수>계,5498,281,1
202605,시군구,서울,관악구,passenger,business,3123,대,승용>영업용,5498,281,0
202605,시군구,서울,관악구,truck,official,142,대,화물>관용,5498,281,0
202605,시군구,서울,관악구,special,business,166,대,특수>영업용,5498,281,0
202605,시군구,서울,관악구,total,official,286,대,총계>관용,5498,281,1
202605,시군구,서울,관악구,total,business,5856,대,총계>영업용,5498,281,1
202605,시군구,서울,관악구,total,total,115380,대,총계>계,5498,281,1
202605,시군구,서울,관악구,van,official,44,대,승합>관용,5498,281,0
202605,시군구,서울,관악구,truck,business,2207,대,화물>영업용,5498,281,0
202605,시군구,서울,관악구,van,total,2942,대,승합>계,5498,281,1
202605,시군구,서울,관악구,passenger,official,88,대,승용>관용,5498,281,0
202605,시군구,서울,관악구,passenger,private,98061,대,승용>자가용,5498,281,0
202605,시군구,서울,관악구,passenger,total,101272,대,승용>계,5498,281,1
202605,시군구,서울,관악구,special,private,204,대,특수>자가용,5498,281,0
202605,시군구,서울,관악구,van,business,360,대,승합>영업용,5498,281,0
202605,시군구,서울,광진구,truck,private,8238,대,화물>자가용,5498,282,0
202605,시군구,서울,광진구,special,official,9,대,특수>관용,5498,282,0
202605,시군구,서울,광진구,truck,total,9858,대,화물>계,5498,282,1
202605,시군구,서울,광진구,total,private,89890,대,총계>자가용,5498,282,1
202605,시군구,서울,광진구,van,private,1788,대,승합>자가용,5498,282,0
202605,시군구,서울,광진구,special,total,238,대,특수>계,5498,282,1
202605,시군구,서울,광진구,passenger,business,2945,대,승용>영업용,5498,282,0
202605,시군구,서울,광진구,truck,official,161,대,화물>관용,5498,282,0
202605,시군구,서울,광진구,special,business,91,대,특수>영업용,5498,282,0
202605,시군구,서울,광진구,total,official,297,대,총계>관용,5498,282,1
202605,시군구,서울,광진구,total,business,4827,대,총계>영업용,5498,282,1
202605,시군구,서울,광진구,total,total,95014,대,총계>계,5498,282,1
202605,시군구,서울,광진구,van,official,42,대,승합>관용,5498,282,0
202605,시군구,서울,광진구,truck,business,1459,대,화물>영업용,5498,282,0
202605,시군구,서울,광진구,van,total,2162,대,승합>계,5498,282,1
202605,시군구,서울,광진구,passenger,official,85,대,승용>관용,5498,282,0
202605,시군구,서울,광진구,passenger,private,79726,대,승용>자가용,5498,282,0
202605,시군구,서울,광진구,passenger,total,82756,대,승용>계,5498,282,1
202605,시군구,서울,광진구,special,private,138,대,특수>자가용,5498,282,0
202605,시군구,서울,광진구,van,business,332,대,승합>영업용,5498,282,0
202605,시군구,서울,구로구,truck,private,13144,대,화물>자가용,5498,283,0
202605,시군구,서울,구로구,special,official,6,대,특수>관용,5498,283,0
202605,시군구,서울,구로구,truck,total,15909,대,화물>계,5498,283,1
202605,시군구,서울,구로구,total,private,130284,대,총계>자가용,5498,283,1
202605,시군구,서울,구로구,van,private,3316,대,승합>자가용,5498,283,0
202605,시군구,서울,구로구,special,total,479,대,특수>계,5498,283,1
202605,시군구,서울,구로구,passenger,business,5535,대,승용>영업용,5498,283,0
202605,시군구,서울,구로구,truck,official,127,대,화물>관용,5498,283,0
202605,시군구,서울,구로구,special,business,165,대,특수>영업용,5498,283,0
202605,시군구,서울,구로구,total,official,303,대,총계>관용,5498,283,1
202605,시군구,서울,구로구,total,business,8889,대,총계>영업용,5498,283,1
202605,시군구,서울,구로구,total,total,139476,대,총계>계,5498,283,1
202605,시군구,서울,구로구,van,official,60,대,승합>관용,5498,283,0
202605,시군구,서울,구로구,truck,business,2638,대,화물>영업용,5498,283,0
202605,시군구,서울,구로구,van,total,3927,대,승합>계,5498,283,1
202605,시군구,서울,구로구,passenger,official,110,대,승용>관용,5498,283,0
202605,시군구,서울,구로구,passenger,private,113516,대,승용>자가용,5498,283,0
202605,시군구,서울,구로구,passenger,total,119161,대,승용>계,5498,283,1
202605,시군구,서울,구로구,special,private,308,대,특수>자가용,5498,283,0
202605,시군구,서울,구로구,van,business,551,대,승합>영업용,5498,283,0
202605,시군구,서울,금천구,truck,private,10185,대,화물>자가용,5498,284,0
202605,시군구,서울,금천구,special,official,13,대,특수>관용,5498,284,0
202605,시군구,서울,금천구,truck,total,12416,대,화물>계,5498,284,1
202605,시군구,서울,금천구,total,private,83746,대,총계>자가용,5498,284,1
202605,시군구,서울,금천구,van,private,2189,대,승합>자가용,5498,284,0
202605,시군구,서울,금천구,special,total,298,대,특수>계,5498,284,1
202605,시군구,서울,금천구,passenger,business,2852,대,승용>영업용,5498,284,0
202605,시군구,서울,금천구,truck,official,76,대,화물>관용,5498,284,0
202605,시군구,서울,금천구,special,business,90,대,특수>영업용,5498,284,0
202605,시군구,서울,금천구,total,official,178,대,총계>관용,5498,284,1
202605,시군구,서울,금천구,total,business,5530,대,총계>영업용,5498,284,1
202605,시군구,서울,금천구,total,total,89454,대,총계>계,5498,284,1
202605,시군구,서울,금천구,van,official,32,대,승합>관용,5498,284,0
202605,시군구,서울,금천구,truck,business,2155,대,화물>영업용,5498,284,0
202605,시군구,서울,금천구,van,total,2654,대,승합>계,5498,284,1
202605,시군구,서울,금천구,passenger,official,57,대,승용>관용,5498,284,0
202605,시군구,서울,금천구,passenger,private,71177,대,승용>자가용,5498,284,0
202605,시군구,서울,금천구,passenger,total,74086,대,승용>계,5498,284,1
202605,시군구,서울,금천구,special,private,195,대,특수>자가용,5498,284,0
202605,시군구,서울,금천구,van,business,433,대,승합>영업용,5498,284,0
202605,시군구,서울,노원구,truck,private,9261,대,화물>자가용,5498,285,0
202605,시군구,서울,노원구,special,official,11,대,특수>관용,5498,285,0
202605,시군구,서울,노원구,truck,total,11498,대,화물>계,5498,285,1
202605,시군구,서울,노원구,total,private,139990,대,총계>자가용,5498,285,1
202605,시군구,서울,노원구,van,private,2802,대,승합>자가용,5498,285,0
202605,시군구,서울,노원구,special,total,539,대,특수>계,5498,285,1
202605,시군구,서울,노원구,passenger,business,5598,대,승용>영업용,5498,285,0
202605,시군구,서울,노원구,truck,official,167,대,화물>관용,5498,285,0
202605,시군구,서울,노원구,special,business,240,대,특수>영업용,5498,285,0
202605,시군구,서울,노원구,total,official,308,대,총계>관용,5498,285,1
202605,시군구,서울,노원구,total,business,8617,대,총계>영업용,5498,285,1
202605,시군구,서울,노원구,total,total,148915,대,총계>계,5498,285,1
202605,시군구,서울,노원구,van,official,51,대,승합>관용,5498,285,0
202605,시군구,서울,노원구,truck,business,2070,대,화물>영업용,5498,285,0
202605,시군구,서울,노원구,van,total,3562,대,승합>계,5498,285,1
202605,시군구,서울,노원구,passenger,official,79,대,승용>관용,5498,285,0
202605,시군구,서울,노원구,passenger,private,127639,대,승용>자가용,5498,285,0
202605,시군구,서울,노원구,passenger,total,133316,대,승용>계,5498,285,1
202605,시군구,서울,노원구,special,private,288,대,특수>자가용,5498,285,0
202605,시군구,서울,노원구,van,business,709,대,승합>영업용,5498,285,0
202605,시군구,서울,도봉구,truck,private,7664,대,화물>자가용,5498,286,0
202605,시군구,서울,도봉구,special,official,12,대,특수>관용,5498,286,0
202605,시군구,서울,도봉구,truck,total,9854,대,화물>계,5498,286,1
202605,시군구,서울,도봉구,total,private,85320,대,총계>자가용,5498,286,1
202605,시군구,서울,도봉구,van,private,1976,대,승합>자가용,5498,286,0
202605,시군구,서울,도봉구,special,total,369,대,특수>계,5498,286,1
202605,시군구,서울,도봉구,passenger,business,4555,대,승용>영업용,5498,286,0
202605,시군구,서울,도봉구,truck,official,125,대,화물>관용,5498,286,0
202605,시군구,서울,도봉구,special,business,150,대,특수>영업용,5498,286,0
202605,시군구,서울,도봉구,total,official,276,대,총계>관용,5498,286,1
202605,시군구,서울,도봉구,total,business,7338,대,총계>영업용,5498,286,1
202605,시군구,서울,도봉구,total,total,92934,대,총계>계,5498,286,1
202605,시군구,서울,도봉구,van,official,48,대,승합>관용,5498,286,0
202605,시군구,서울,도봉구,truck,business,2065,대,화물>영업용,5498,286,0
202605,시군구,서울,도봉구,van,total,2592,대,승합>계,5498,286,1
202605,시군구,서울,도봉구,passenger,official,91,대,승용>관용,5498,286,0
202605,시군구,서울,도봉구,passenger,private,75473,대,승용>자가용,5498,286,0
202605,시군구,서울,도봉구,passenger,total,80119,대,승용>계,5498,286,1
202605,시군구,서울,도봉구,special,private,207,대,특수>자가용,5498,286,0
202605,시군구,서울,도봉구,van,business,568,대,승합>영업용,5498,286,0
202605,시군구,서울,동대문구,truck,private,9367,대,화물>자가용,5498,287,0
202605,시군구,서울,동대문구,special,official,15,대,특수>관용,5498,287,0
202605,시군구,서울,동대문구,truck,total,11732,대,화물>계,5498,287,1
202605,시군구,서울,동대문구,total,private,101581,대,총계>자가용,5498,287,1
202605,시군구,서울,동대문구,van,private,2222,대,승합>자가용,5498,287,0
202605,시군구,서울,동대문구,special,total,322,대,특수>계,5498,287,1
202605,시군구,서울,동대문구,passenger,business,2757,대,승용>영업용,5498,287,0
202605,시군구,서울,동대문구,truck,official,136,대,화물>관용,5498,287,0
202605,시군구,서울,동대문구,special,business,94,대,특수>영업용,5498,287,0
202605,시군구,서울,동대문구,total,official,322,대,총계>관용,5498,287,1
202605,시군구,서울,동대문구,total,business,5208,대,총계>영업용,5498,287,1
202605,시군구,서울,동대문구,total,total,107111,대,총계>계,5498,287,1
202605,시군구,서울,동대문구,van,official,63,대,승합>관용,5498,287,0
202605,시군구,서울,동대문구,truck,business,2229,대,화물>영업용,5498,287,0
202605,시군구,서울,동대문구,van,total,2413,대,승합>계,5498,287,1
202605,시군구,서울,동대문구,passenger,official,108,대,승용>관용,5498,287,0
202605,시군구,서울,동대문구,passenger,private,89779,대,승용>자가용,5498,287,0
202605,시군구,서울,동대문구,passenger,total,92644,대,승용>계,5498,287,1
202605,시군구,서울,동대문구,special,private,213,대,특수>자가용,5498,287,0
202605,시군구,서울,동대문구,van,business,128,대,승합>영업용,5498,287,0
202605,시군구,서울,동작구,truck,private,6112,대,화물>자가용,5498,288,0
202605,시군구,서울,동작구,special,official,16,대,특수>관용,5498,288,0
202605,시군구,서울,동작구,truck,total,7349,대,화물>계,5498,288,1
202605,시군구,서울,동작구,total,private,101929,대,총계>자가용,5498,288,1
202605,시군구,서울,동작구,van,private,1917,대,승합>자가용,5498,288,0
202605,시군구,서울,동작구,special,total,345,대,특수>계,5498,288,1
202605,시군구,서울,동작구,passenger,business,1268,대,승용>영업용,5498,288,0
202605,시군구,서울,동작구,truck,official,135,대,화물>관용,5498,288,0
202605,시군구,서울,동작구,special,business,172,대,특수>영업용,5498,288,0
202605,시군구,서울,동작구,total,official,320,대,총계>관용,5498,288,1
202605,시군구,서울,동작구,total,business,2672,대,총계>영업용,5498,288,1
202605,시군구,서울,동작구,total,total,104921,대,총계>계,5498,288,1
202605,시군구,서울,동작구,van,official,45,대,승합>관용,5498,288,0
202605,시군구,서울,동작구,truck,business,1102,대,화물>영업용,5498,288,0
202605,시군구,서울,동작구,van,total,2092,대,승합>계,5498,288,1
202605,시군구,서울,동작구,passenger,official,124,대,승용>관용,5498,288,0
202605,시군구,서울,동작구,passenger,private,93743,대,승용>자가용,5498,288,0
202605,시군구,서울,동작구,passenger,total,95135,대,승용>계,5498,288,1
202605,시군구,서울,동작구,special,private,157,대,특수>자가용,5498,288,0
202605,시군구,서울,동작구,van,business,130,대,승합>영업용,5498,288,0
202605,시군구,서울,마포구,truck,private,8894,대,화물>자가용,5498,289,0
202605,시군구,서울,마포구,special,official,21,대,특수>관용,5498,289,0
202605,시군구,서울,마포구,truck,total,11711,대,화물>계,5498,289,1
202605,시군구,서울,마포구,total,private,112170,대,총계>자가용,5498,289,1
202605,시군구,서울,마포구,van,private,2174,대,승합>자가용,5498,289,0
202605,시군구,서울,마포구,special,total,823,대,특수>계,5498,289,1
202605,시군구,서울,마포구,passenger,business,3883,대,승용>영업용,5498,289,0
202605,시군구,서울,마포구,truck,official,174,대,화물>관용,5498,289,0
202605,시군구,서울,마포구,special,business,516,대,특수>영업용,5498,289,0
202605,시군구,서울,마포구,total,official,345,대,총계>관용,5498,289,1
202605,시군구,서울,마포구,total,business,7624,대,총계>영업용,5498,289,1
202605,시군구,서울,마포구,total,total,120139,대,총계>계,5498,289,1
202605,시군구,서울,마포구,van,official,54,대,승합>관용,5498,289,0
202605,시군구,서울,마포구,truck,business,2643,대,화물>영업용,5498,289,0
202605,시군구,서울,마포구,van,total,2810,대,승합>계,5498,289,1
202605,시군구,서울,마포구,passenger,official,96,대,승용>관용,5498,289,0
202605,시군구,서울,마포구,passenger,private,100816,대,승용>자가용,5498,289,0
202605,시군구,서울,마포구,passenger,total,104795,대,승용>계,5498,289,1
202605,시군구,서울,마포구,special,private,286,대,특수>자가용,5498,289,0
202605,시군구,서울,마포구,van,business,582,대,승합>영업용,5498,289,0
202605,시군구,서울,서대문구,truck,private,5489,대,화물>자가용,5498,290,0
202605,시군구,서울,서대문구,special,official,6,대,특수>관용,5498,290,0
202605,시군구,서울,서대문구,truck,total,7371,대,화물>계,5498,290,1
202605,시군구,서울,서대문구,total,private,84517,대,총계>자가용,5498,290,1
202605,시군구,서울,서대문구,van,private,1732,대,승합>자가용,5498,290,0
202605,시군구,서울,서대문구,special,total,272,대,특수>계,5498,290,1
202605,시군구,서울,서대문구,passenger,business,3465,대,승용>영업용,5498,290,0
202605,시군구,서울,서대문구,truck,official,135,대,화물>관용,5498,290,0
202605,시군구,서울,서대문구,special,business,110,대,특수>영업용,5498,290,0
202605,시군구,서울,서대문구,total,official,464,대,총계>관용,5498,290,1
202605,시군구,서울,서대문구,total,business,5719,대,총계>영업용,5498,290,1
202605,시군구,서울,서대문구,total,total,90700,대,총계>계,5498,290,1
202605,시군구,서울,서대문구,van,official,100,대,승합>관용,5498,290,0
202605,시군구,서울,서대문구,truck,business,1747,대,화물>영업용,5498,290,0
202605,시군구,서울,서대문구,van,total,2229,대,승합>계,5498,290,1
202605,시군구,서울,서대문구,passenger,official,223,대,승용>관용,5498,290,0
202605,시군구,서울,서대문구,passenger,private,77140,대,승용>자가용,5498,290,0
202605,시군구,서울,서대문구,passenger,total,80828,대,승용>계,5498,290,1
202605,시군구,서울,서대문구,special,private,156,대,특수>자가용,5498,290,0
202605,시군구,서울,서대문구,van,business,397,대,승합>영업용,5498,290,0
202605,시군구,서울,서초구,truck,private,10223,대,화물>자가용,5498,291,0
202605,시군구,서울,서초구,special,official,14,대,특수>관용,5498,291,0
202605,시군구,서울,서초구,truck,total,14439,대,화물>계,5498,291,1
202605,시군구,서울,서초구,total,private,169834,대,총계>자가용,5498,291,1
202605,시군구,서울,서초구,van,private,2745,대,승합>자가용,5498,291,0
202605,시군구,서울,서초구,special,total,523,대,특수>계,5498,291,1
202605,시군구,서울,서초구,passenger,business,2951,대,승용>영업용,5498,291,0
202605,시군구,서울,서초구,truck,official,181,대,화물>관용,5498,291,0
202605,시군구,서울,서초구,special,business,229,대,특수>영업용,5498,291,0
202605,시군구,서울,서초구,total,official,494,대,총계>관용,5498,291,1
202605,시군구,서울,서초구,total,business,7854,대,총계>영업용,5498,291,1
202605,시군구,서울,서초구,total,total,178182,대,총계>계,5498,291,1
202605,시군구,서울,서초구,van,official,131,대,승합>관용,5498,291,0
202605,시군구,서울,서초구,truck,business,4035,대,화물>영업용,5498,291,0
202605,시군구,서울,서초구,van,total,3515,대,승합>계,5498,291,1
202605,시군구,서울,서초구,passenger,official,168,대,승용>관용,5498,291,0
202605,시군구,서울,서초구,passenger,private,156586,대,승용>자가용,5498,291,0
202605,시군구,서울,서초구,passenger,total,159705,대,승용>계,5498,291,1
202605,시군구,서울,서초구,special,private,280,대,특수>자가용,5498,291,0
202605,시군구,서울,서초구,van,business,639,대,승합>영업용,5498,291,0
202605,시군구,서울,성동구,truck,private,7986,대,화물>자가용,5498,292,0
202605,시군구,서울,성동구,special,official,17,대,특수>관용,5498,292,0
202605,시군구,서울,성동구,truck,total,10080,대,화물>계,5498,292,1
202605,시군구,서울,성동구,total,private,93550,대,총계>자가용,5498,292,1
202605,시군구,서울,성동구,van,private,1588,대,승합>자가용,5498,292,0
202605,시군구,서울,성동구,special,total,381,대,특수>계,5498,292,1
202605,시군구,서울,성동구,passenger,business,8300,대,승용>영업용,5498,292,0
202605,시군구,서울,성동구,truck,official,178,대,화물>관용,5498,292,0
202605,시군구,서울,성동구,special,business,149,대,특수>영업용,5498,292,0
202605,시군구,서울,성동구,total,official,378,대,총계>관용,5498,292,1
202605,시군구,서울,성동구,total,business,11305,대,총계>영업용,5498,292,1
202605,시군구,서울,성동구,total,total,105233,대,총계>계,5498,292,1
202605,시군구,서울,성동구,van,official,50,대,승합>관용,5498,292,0
202605,시군구,서울,성동구,truck,business,1916,대,화물>영업용,5498,292,0
202605,시군구,서울,성동구,van,total,2578,대,승합>계,5498,292,1
202605,시군구,서울,성동구,passenger,official,133,대,승용>관용,5498,292,0
202605,시군구,서울,성동구,passenger,private,83761,대,승용>자가용,5498,292,0
202605,시군구,서울,성동구,passenger,total,92194,대,승용>계,5498,292,1
202605,시군구,서울,성동구,special,private,215,대,특수>자가용,5498,292,0
202605,시군구,서울,성동구,van,business,940,대,승합>영업용,5498,292,0
202605,시군구,서울,성북구,truck,private,8089,대,화물>자가용,5498,293,0
202605,시군구,서울,성북구,special,official,10,대,특수>관용,5498,293,0
202605,시군구,서울,성북구,truck,total,9881,대,화물>계,5498,293,1
202605,시군구,서울,성북구,total,private,116940,대,총계>자가용,5498,293,1
202605,시군구,서울,성북구,van,private,2408,대,승합>자가용,5498,293,0
202605,시군구,서울,성북구,special,total,330,대,특수>계,5498,293,1
202605,시군구,서울,성북구,passenger,business,2008,대,승용>영업용,5498,293,0
202605,시군구,서울,성북구,truck,official,143,대,화물>관용,5498,293,0
202605,시군구,서울,성북구,special,business,101,대,특수>영업용,5498,293,0
202605,시군구,서울,성북구,total,official,292,대,총계>관용,5498,293,1
202605,시군구,서울,성북구,total,business,4829,대,총계>영업용,5498,293,1
202605,시군구,서울,성북구,total,total,122061,대,총계>계,5498,293,1
202605,시군구,서울,성북구,van,official,46,대,승합>관용,5498,293,0
202605,시군구,서울,성북구,truck,business,1649,대,화물>영업용,5498,293,0
202605,시군구,서울,성북구,van,total,3525,대,승합>계,5498,293,1
202605,시군구,서울,성북구,passenger,official,93,대,승용>관용,5498,293,0
202605,시군구,서울,성북구,passenger,private,106224,대,승용>자가용,5498,293,0
202605,시군구,서울,성북구,passenger,total,108325,대,승용>계,5498,293,1
202605,시군구,서울,성북구,special,private,219,대,특수>자가용,5498,293,0
202605,시군구,서울,성북구,van,business,1071,대,승합>영업용,5498,293,0
202605,시군구,서울,송파구,truck,private,16381,대,화물>자가용,5498,294,0
202605,시군구,서울,송파구,special,official,19,대,특수>관용,5498,294,0
202605,시군구,서울,송파구,truck,total,21477,대,화물>계,5498,294,1
202605,시군구,서울,송파구,total,private,228413,대,총계>자가용,5498,294,1
202605,시군구,서울,송파구,van,private,3590,대,승합>자가용,5498,294,0
202605,시군구,서울,송파구,special,total,808,대,특수>계,5498,294,1
202605,시군구,서울,송파구,passenger,business,7908,대,승용>영업용,5498,294,0
202605,시군구,서울,송파구,truck,official,157,대,화물>관용,5498,294,0
202605,시군구,서울,송파구,special,business,362,대,특수>영업용,5498,294,0
202605,시군구,서울,송파구,total,official,407,대,총계>관용,5498,294,1
202605,시군구,서울,송파구,total,business,14769,대,총계>영업용,5498,294,1
202605,시군구,서울,송파구,total,total,243589,대,총계>계,5498,294,1
202605,시군구,서울,송파구,van,official,101,대,승합>관용,5498,294,0
202605,시군구,서울,송파구,truck,business,4939,대,화물>영업용,5498,294,0
202605,시군구,서울,송파구,van,total,5251,대,승합>계,5498,294,1
202605,시군구,서울,송파구,passenger,official,130,대,승용>관용,5498,294,0
202605,시군구,서울,송파구,passenger,private,208015,대,승용>자가용,5498,294,0
202605,시군구,서울,송파구,passenger,total,216053,대,승용>계,5498,294,1
202605,시군구,서울,송파구,special,private,427,대,특수>자가용,5498,294,0
202605,시군구,서울,송파구,van,business,1560,대,승합>영업용,5498,294,0
202605,시군구,서울,양천구,truck,private,10390,대,화물>자가용,5498,295,0
202605,시군구,서울,양천구,special,official,7,대,특수>관용,5498,295,0
202605,시군구,서울,양천구,truck,total,13303,대,화물>계,5498,295,1
202605,시군구,서울,양천구,total,private,138966,대,총계>자가용,5498,295,1
202605,시군구,서울,양천구,van,private,2676,대,승합>자가용,5498,295,0
202605,시군구,서울,양천구,special,total,700,대,특수>계,5498,295,1
202605,시군구,서울,양천구,passenger,business,4840,대,승용>영업용,5498,295,0
202605,시군구,서울,양천구,truck,official,145,대,화물>관용,5498,295,0
202605,시군구,서울,양천구,special,business,418,대,특수>영업용,5498,295,0
202605,시군구,서울,양천구,total,official,340,대,총계>관용,5498,295,1
202605,시군구,서울,양천구,total,business,8767,대,총계>영업용,5498,295,1
202605,시군구,서울,양천구,total,total,148073,대,총계>계,5498,295,1
202605,시군구,서울,양천구,van,official,64,대,승합>관용,5498,295,0
202605,시군구,서울,양천구,truck,business,2768,대,화물>영업용,5498,295,0
202605,시군구,서울,양천구,van,total,3481,대,승합>계,5498,295,1
202605,시군구,서울,양천구,passenger,official,124,대,승용>관용,5498,295,0
202605,시군구,서울,양천구,passenger,private,125625,대,승용>자가용,5498,295,0
202605,시군구,서울,양천구,passenger,total,130589,대,승용>계,5498,295,1
202605,시군구,서울,양천구,special,private,275,대,특수>자가용,5498,295,0
202605,시군구,서울,양천구,van,business,741,대,승합>영업용,5498,295,0
202605,시군구,서울,영등포구,truck,private,12373,대,화물>자가용,5498,296,0
202605,시군구,서울,영등포구,special,official,17,대,특수>관용,5498,296,0
202605,시군구,서울,영등포구,truck,total,16916,대,화물>계,5498,296,1
202605,시군구,서울,영등포구,total,private,133558,대,총계>자가용,5498,296,1
202605,시군구,서울,영등포구,van,private,3171,대,승합>자가용,5498,296,0
202605,시군구,서울,영등포구,special,total,1117,대,특수>계,5498,296,1
202605,시군구,서울,영등포구,passenger,business,2792,대,승용>영업용,5498,296,0
202605,시군구,서울,영등포구,truck,official,176,대,화물>관용,5498,296,0
202605,시군구,서울,영등포구,special,business,642,대,특수>영업용,5498,296,0
202605,시군구,서울,영등포구,total,official,380,대,총계>관용,5498,296,1
202605,시군구,서울,영등포구,total,business,8002,대,총계>영업용,5498,296,1
202605,시군구,서울,영등포구,total,total,141940,대,총계>계,5498,296,1
202605,시군구,서울,영등포구,van,official,60,대,승합>관용,5498,296,0
202605,시군구,서울,영등포구,truck,business,4367,대,화물>영업용,5498,296,0
202605,시군구,서울,영등포구,van,total,3432,대,승합>계,5498,296,1
202605,시군구,서울,영등포구,passenger,official,127,대,승용>관용,5498,296,0
202605,시군구,서울,영등포구,passenger,private,117556,대,승용>자가용,5498,296,0
202605,시군구,서울,영등포구,passenger,total,120475,대,승용>계,5498,296,1
202605,시군구,서울,영등포구,special,private,458,대,특수>자가용,5498,296,0
202605,시군구,서울,영등포구,van,business,201,대,승합>영업용,5498,296,0
202605,시군구,서울,용산구,truck,private,4641,대,화물>자가용,5498,297,0
202605,시군구,서울,용산구,special,official,9,대,특수>관용,5498,297,0
202605,시군구,서울,용산구,truck,total,5843,대,화물>계,5498,297,1
202605,시군구,서울,용산구,total,private,68957,대,총계>자가용,5498,297,1
202605,시군구,서울,용산구,van,private,1529,대,승합>자가용,5498,297,0
202605,시군구,서울,용산구,special,total,187,대,특수>계,5498,297,1
202605,시군구,서울,용산구,passenger,business,1051,대,승용>영업용,5498,297,0
202605,시군구,서울,용산구,truck,official,128,대,화물>관용,5498,297,0
202605,시군구,서울,용산구,special,business,34,대,특수>영업용,5498,297,0
202605,시군구,서울,용산구,total,official,345,대,총계>관용,5498,297,1
202605,시군구,서울,용산구,total,business,2231,대,총계>영업용,5498,297,1
202605,시군구,서울,용산구,total,total,71533,대,총계>계,5498,297,1
202605,시군구,서울,용산구,van,official,56,대,승합>관용,5498,297,0
202605,시군구,서울,용산구,truck,business,1074,대,화물>영업용,5498,297,0
202605,시군구,서울,용산구,van,total,1657,대,승합>계,5498,297,1
202605,시군구,서울,용산구,passenger,official,152,대,승용>관용,5498,297,0
202605,시군구,서울,용산구,passenger,private,62643,대,승용>자가용,5498,297,0
202605,시군구,서울,용산구,passenger,total,63846,대,승용>계,5498,297,1
202605,시군구,서울,용산구,special,private,144,대,특수>자가용,5498,297,0
202605,시군구,서울,용산구,van,business,72,대,승합>영업용,5498,297,0
202605,시군구,서울,은평구,truck,private,9366,대,화물>자가용,5498,298,0
202605,시군구,서울,은평구,special,official,16,대,특수>관용,5498,298,0
202605,시군구,서울,은평구,truck,total,11517,대,화물>계,5498,298,1
202605,시군구,서울,은평구,total,private,124958,대,총계>자가용,5498,298,1
202605,시군구,서울,은평구,van,private,2529,대,승합>자가용,5498,298,0
202605,시군구,서울,은평구,special,total,406,대,특수>계,5498,298,1
202605,시군구,서울,은평구,passenger,business,4146,대,승용>영업용,5498,298,0
202605,시군구,서울,은평구,truck,official,141,대,화물>관용,5498,298,0
202605,시군구,서울,은평구,special,business,178,대,특수>영업용,5498,298,0
202605,시군구,서울,은평구,total,official,294,대,총계>관용,5498,298,1
202605,시군구,서울,은평구,total,business,7081,대,총계>영업용,5498,298,1
202605,시군구,서울,은평구,total,total,132333,대,총계>계,5498,298,1
202605,시군구,서울,은평구,van,official,45,대,승합>관용,5498,298,0
202605,시군구,서울,은평구,truck,business,2010,대,화물>영업용,5498,298,0
202605,시군구,서울,은평구,van,total,3321,대,승합>계,5498,298,1
202605,시군구,서울,은평구,passenger,official,92,대,승용>관용,5498,298,0
202605,시군구,서울,은평구,passenger,private,112851,대,승용>자가용,5498,298,0
202605,시군구,서울,은평구,passenger,total,117089,대,승용>계,5498,298,1
202605,시군구,서울,은평구,special,private,212,대,특수>자가용,5498,298,0
202605,시군구,서울,은평구,van,business,747,대,승합>영업용,5498,298,0
202605,시군구,서울,종로구,truck,private,3503,대,화물>자가용,5498,299,0
202605,시군구,서울,종로구,special,official,103,대,특수>관용,5498,299,0
202605,시군구,서울,종로구,truck,total,5587,대,화물>계,5498,299,1
202605,시군구,서울,종로구,total,private,43546,대,총계>자가용,5498,299,1
202605,시군구,서울,종로구,van,private,1278,대,승합>자가용,5498,299,0
202605,시군구,서울,종로구,special,total,300,대,특수>계,5498,299,1
202605,시군구,서울,종로구,passenger,business,292,대,승용>영업용,5498,299,0
202605,시군구,서울,종로구,truck,official,343,대,화물>관용,5498,299,0
202605,시군구,서울,종로구,special,business,98,대,특수>영업용,5498,299,0
202605,시군구,서울,종로구,total,official,3751,대,총계>관용,5498,299,1
202605,시군구,서울,종로구,total,business,2383,대,총계>영업용,5498,299,1
202605,시군구,서울,종로구,total,total,49680,대,총계>계,5498,299,1
202605,시군구,서울,종로구,van,official,1492,대,승합>관용,5498,299,0
202605,시군구,서울,종로구,truck,business,1741,대,화물>영업용,5498,299,0
202605,시군구,서울,종로구,van,total,3022,대,승합>계,5498,299,1
202605,시군구,서울,종로구,passenger,official,1813,대,승용>관용,5498,299,0
202605,시군구,서울,종로구,passenger,private,38666,대,승용>자가용,5498,299,0
202605,시군구,서울,종로구,passenger,total,40771,대,승용>계,5498,299,1
202605,시군구,서울,종로구,special,private,99,대,특수>자가용,5498,299,0
202605,시군구,서울,종로구,van,business,252,대,승합>영업용,5498,299,0
202605,시군구,서울,중구,truck,private,4403,대,화물>자가용,5498,300,0
202605,시군구,서울,중구,special,official,27,대,특수>관용,5498,300,0
202605,시군구,서울,중구,truck,total,5684,대,화물>계,5498,300,1
202605,시군구,서울,중구,total,private,44662,대,총계>자가용,5498,300,1
202605,시군구,서울,중구,van,private,1598,대,승합>자가용,5498,300,0
202605,시군구,서울,중구,special,total,291,대,특수>계,5498,300,1
202605,시군구,서울,중구,passenger,business,1223,대,승용>영업용,5498,300,0
202605,시군구,서울,중구,truck,official,178,대,화물>관용,5498,300,0
202605,시군구,서울,중구,special,business,90,대,특수>영업용,5498,300,0
202605,시군구,서울,중구,total,official,1309,대,총계>관용,5498,300,1
202605,시군구,서울,중구,total,business,2706,대,총계>영업용,5498,300,1
202605,시군구,서울,중구,total,total,48677,대,총계>계,5498,300,1
202605,시군구,서울,중구,van,official,810,대,승합>관용,5498,300,0
202605,시군구,서울,중구,truck,business,1103,대,화물>영업용,5498,300,0
202605,시군구,서울,중구,van,total,2698,대,승합>계,5498,300,1
202605,시군구,서울,중구,passenger,official,294,대,승용>관용,5498,300,0
202605,시군구,서울,중구,passenger,private,38487,대,승용>자가용,5498,300,0
202605,시군구,서울,중구,passenger,total,40004,대,승용>계,5498,300,1
202605,시군구,서울,중구,special,private,174,대,특수>자가용,5498,300,0
202605,시군구,서울,중구,van,business,290,대,승합>영업용,5498,300,0
202605,시군구,서울,중랑구,truck,private,11010,대,화물>자가용,5498,301,0
202605,시군구,서울,중랑구,special,official,13,대,특수>관용,5498,301,0
202605,시군구,서울,중랑구,truck,total,13843,대,화물>계,5498,301,1
202605,시군구,서울,중랑구,total,private,104924,대,총계>자가용,5498,301,1
202605,시군구,서울,중랑구,van,private,2575,대,승합>자가용,5498,301,0
202605,시군구,서울,중랑구,special,total,581,대,특수>계,5498,301,1
202605,시군구,서울,중랑구,passenger,business,6012,대,승용>영업용,5498,301,0
202605,시군구,서울,중랑구,truck,official,123,대,화물>관용,5498,301,0
202605,시군구,서울,중랑구,special,business,320,대,특수>영업용,5498,301,0
202605,시군구,서울,중랑구,total,official,247,대,총계>관용,5498,301,1
202605,시군구,서울,중랑구,total,business,9623,대,총계>영업용,5498,301,1
202605,시군구,서울,중랑구,total,total,114794,대,총계>계,5498,301,1
202605,시군구,서울,중랑구,van,official,32,대,승합>관용,5498,301,0
202605,시군구,서울,중랑구,truck,business,2710,대,화물>영업용,5498,301,0
202605,시군구,서울,중랑구,van,total,3188,대,승합>계,5498,301,1
202605,시군구,서울,중랑구,passenger,official,79,대,승용>관용,5498,301,0
202605,시군구,서울,중랑구,passenger,private,91091,대,승용>자가용,5498,301,0
202605,시군구,서울,중랑구,passenger,total,97182,대,승용>계,5498,301,1
202605,시군구,서울,중랑구,special,private,248,대,특수>자가용,5498,301,0
202605,시군구,서울,중랑구,van,business,581,대,승합>영업용,5498,301,0
202605,시도,서울,,truck,private,232215,대,화물>자가용,5498,302,0
202605,시도,서울,,special,official,433,대,특수>관용,5498,302,0
202605,시도,서울,,truck,total,294933,대,화물>계,5498,302,1
202605,시도,서울,,total,private,2956667,대,총계>자가용,5498,302,1
202605,시도,서울,,van,private,60457,대,승합>자가용,5498,302,0
202605,시도,서울,,special,total,11761,대,특수>계,5498,302,1
202605,시도,서울,,passenger,business,107312,대,승용>영업용,5498,302,0
202605,시도,서울,,truck,official,3896,대,화물>관용,5498,302,0
202605,시도,서울,,special,business,5128,대,특수>영업용,5498,302,0
202605,시도,서울,,total,official,12746,대,총계>관용,5498,302,1
202605,시도,서울,,total,business,185814,대,총계>영업용,5498,302,1
202605,시도,서울,,total,total,3155227,대,총계>계,5498,302,1
202605,시도,서울,,van,official,3636,대,승합>관용,5498,302,0
202605,시도,서울,,truck,business,58822,대,화물>영업용,5498,302,0
202605,시도,서울,,van,total,78645,대,승합>계,5498,302,1
202605,시도,서울,,passenger,official,4781,대,승용>관용,5498,302,0
202605,시도,서울,,passenger,private,2657795,대,승용>자가용,5498,302,0
202605,시도,서울,,passenger,total,2769888,대,승용>계,5498,302,1
202605,시도,서울,,special,private,6200,대,특수>자가용,5498,302,0
202605,시도,서울,,van,business,14552,대,승합>영업용,5498,302,0
202605,시군구,부산,강서구,truck,private,16232,대,화물>자가용,5498,303,0
202605,시군구,부산,강서구,special,official,10,대,특수>관용,5498,303,0
202605,시군구,부산,강서구,truck,total,19113,대,화물>계,5498,303,1
202605,시군구,부산,강서구,total,private,92930,대,총계>자가용,5498,303,1
202605,시군구,부산,강서구,van,private,1514,대,승합>자가용,5498,303,0
202605,시군구,부산,강서구,special,total,1141,대,특수>계,5498,303,1
202605,시군구,부산,강서구,passenger,business,1686,대,승용>영업용,5498,303,0
202605,시군구,부산,강서구,truck,official,133,대,화물>관용,5498,303,0
202605,시군구,부산,강서구,special,business,668,대,특수>영업용,5498,303,0
202605,시군구,부산,강서구,total,official,353,대,총계>관용,5498,303,1
202605,시군구,부산,강서구,total,business,5517,대,총계>영업용,5498,303,1
202605,시군구,부산,강서구,total,total,98800,대,총계>계,5498,303,1
202605,시군구,부산,강서구,van,official,80,대,승합>관용,5498,303,0
202605,시군구,부산,강서구,truck,business,2748,대,화물>영업용,5498,303,0
202605,시군구,부산,강서구,van,total,2009,대,승합>계,5498,303,1
202605,시군구,부산,강서구,passenger,official,130,대,승용>관용,5498,303,0
202605,시군구,부산,강서구,passenger,private,74721,대,승용>자가용,5498,303,0
202605,시군구,부산,강서구,passenger,total,76537,대,승용>계,5498,303,1
202605,시군구,부산,강서구,special,private,463,대,특수>자가용,5498,303,0
202605,시군구,부산,강서구,van,business,415,대,승합>영업용,5498,303,0
202605,시군구,부산,금정구,truck,private,9125,대,화물>자가용,5498,304,0
202605,시군구,부산,금정구,special,official,13,대,특수>관용,5498,304,0
202605,시군구,부산,금정구,truck,total,12149,대,화물>계,5498,304,1
202605,시군구,부산,금정구,total,private,75735,대,총계>자가용,5498,304,1
202605,시군구,부산,금정구,van,private,1826,대,승합>자가용,5498,304,0
202605,시군구,부산,금정구,special,total,821,대,특수>계,5498,304,1
202605,시군구,부산,금정구,passenger,business,2353,대,승용>영업용,5498,304,0
202605,시군구,부산,금정구,truck,official,101,대,화물>관용,5498,304,0
202605,시군구,부산,금정구,special,business,603,대,특수>영업용,5498,304,0
202605,시군구,부산,금정구,total,official,279,대,총계>관용,5498,304,1
202605,시군구,부산,금정구,total,business,6831,대,총계>영업용,5498,304,1
202605,시군구,부산,금정구,total,total,82845,대,총계>계,5498,304,1
202605,시군구,부산,금정구,van,official,60,대,승합>관용,5498,304,0
202605,시군구,부산,금정구,truck,business,2923,대,화물>영업용,5498,304,0
202605,시군구,부산,금정구,van,total,2838,대,승합>계,5498,304,1
202605,시군구,부산,금정구,passenger,official,105,대,승용>관용,5498,304,0
202605,시군구,부산,금정구,passenger,private,64579,대,승용>자가용,5498,304,0
202605,시군구,부산,금정구,passenger,total,67037,대,승용>계,5498,304,1
202605,시군구,부산,금정구,special,private,205,대,특수>자가용,5498,304,0
202605,시군구,부산,금정구,van,business,952,대,승합>영업용,5498,304,0
202605,시군구,부산,기장군,truck,private,10727,대,화물>자가용,5498,305,0
202605,시군구,부산,기장군,special,official,13,대,특수>관용,5498,305,0
202605,시군구,부산,기장군,truck,total,12270,대,화물>계,5498,305,1
202605,시군구,부산,기장군,total,private,89984,대,총계>자가용,5498,305,1
202605,시군구,부산,기장군,van,private,1865,대,승합>자가용,5498,305,0
202605,시군구,부산,기장군,special,total,562,대,특수>계,5498,305,1
202605,시군구,부산,기장군,passenger,business,866,대,승용>영업용,5498,305,0
202605,시군구,부산,기장군,truck,official,127,대,화물>관용,5498,305,0
202605,시군구,부산,기장군,special,business,274,대,특수>영업용,5498,305,0
202605,시군구,부산,기장군,total,official,270,대,총계>관용,5498,305,1
202605,시군구,부산,기장군,total,business,3098,대,총계>영업용,5498,305,1
202605,시군구,부산,기장군,total,total,93352,대,총계>계,5498,305,1
202605,시군구,부산,기장군,van,official,47,대,승합>관용,5498,305,0
202605,시군구,부산,기장군,truck,business,1416,대,화물>영업용,5498,305,0
202605,시군구,부산,기장군,van,total,2454,대,승합>계,5498,305,1
202605,시군구,부산,기장군,passenger,official,83,대,승용>관용,5498,305,0
202605,시군구,부산,기장군,passenger,private,77117,대,승용>자가용,5498,305,0
202605,시군구,부산,기장군,passenger,total,78066,대,승용>계,5498,305,1
202605,시군구,부산,기장군,special,private,275,대,특수>자가용,5498,305,0
202605,시군구,부산,기장군,van,business,542,대,승합>영업용,5498,305,0
202605,시군구,부산,남구,truck,private,8393,대,화물>자가용,5498,306,0
202605,시군구,부산,남구,special,official,4,대,특수>관용,5498,306,0
202605,시군구,부산,남구,truck,total,13052,대,화물>계,5498,306,1
202605,시군구,부산,남구,total,private,94015,대,총계>자가용,5498,306,1
202605,시군구,부산,남구,van,private,1870,대,승합>자가용,5498,306,0
202605,시군구,부산,남구,special,total,1834,대,특수>계,5498,306,1
202605,시군구,부산,남구,passenger,business,2958,대,승용>영업용,5498,306,0
202605,시군구,부산,남구,truck,official,59,대,화물>관용,5498,306,0
202605,시군구,부산,남구,special,business,1477,대,특수>영업용,5498,306,0
202605,시군구,부산,남구,total,official,217,대,총계>관용,5498,306,1
202605,시군구,부산,남구,total,business,9529,대,총계>영업용,5498,306,1
202605,시군구,부산,남구,total,total,103761,대,총계>계,5498,306,1
202605,시군구,부산,남구,van,official,53,대,승합>관용,5498,306,0
202605,시군구,부산,남구,truck,business,4600,대,화물>영업용,5498,306,0
202605,시군구,부산,남구,van,total,2417,대,승합>계,5498,306,1
202605,시군구,부산,남구,passenger,official,101,대,승용>관용,5498,306,0
202605,시군구,부산,남구,passenger,private,83399,대,승용>자가용,5498,306,0
202605,시군구,부산,남구,passenger,total,86458,대,승용>계,5498,306,1
202605,시군구,부산,남구,special,private,353,대,특수>자가용,5498,306,0
202605,시군구,부산,남구,van,business,494,대,승합>영업용,5498,306,0
202605,시군구,부산,동구,truck,private,3436,대,화물>자가용,5498,307,0
202605,시군구,부산,동구,special,official,5,대,특수>관용,5498,307,0
202605,시군구,부산,동구,truck,total,5742,대,화물>계,5498,307,1
202605,시군구,부산,동구,total,private,48506,대,총계>자가용,5498,307,1
202605,시군구,부산,동구,van,private,752,대,승합>자가용,5498,307,0
202605,시군구,부산,동구,special,total,1133,대,특수>계,5498,307,1
202605,시군구,부산,동구,passenger,business,1030,대,승용>영업용,5498,307,0
202605,시군구,부산,동구,truck,official,62,대,화물>관용,5498,307,0
202605,시군구,부산,동구,special,business,1039,대,특수>영업용,5498,307,0
202605,시군구,부산,동구,total,official,198,대,총계>관용,5498,307,1
202605,시군구,부산,동구,total,business,4491,대,총계>영업용,5498,307,1
202605,시군구,부산,동구,total,total,53195,대,총계>계,5498,307,1
202605,시군구,부산,동구,van,official,45,대,승합>관용,5498,307,0
202605,시군구,부산,동구,truck,business,2244,대,화물>영업용,5498,307,0
202605,시군구,부산,동구,van,total,975,대,승합>계,5498,307,1
202605,시군구,부산,동구,passenger,official,86,대,승용>관용,5498,307,0
202605,시군구,부산,동구,passenger,private,44229,대,승용>자가용,5498,307,0
202605,시군구,부산,동구,passenger,total,45345,대,승용>계,5498,307,1
202605,시군구,부산,동구,special,private,89,대,특수>자가용,5498,307,0
202605,시군구,부산,동구,van,business,178,대,승합>영업용,5498,307,0
202605,시군구,부산,동래구,truck,private,9567,대,화물>자가용,5498,308,0
202605,시군구,부산,동래구,special,official,2,대,특수>관용,5498,308,0
202605,시군구,부산,동래구,truck,total,11259,대,화물>계,5498,308,1
202605,시군구,부산,동래구,total,private,99554,대,총계>자가용,5498,308,1
202605,시군구,부산,동래구,van,private,1712,대,승합>자가용,5498,308,0
202605,시군구,부산,동래구,special,total,501,대,특수>계,5498,308,1
202605,시군구,부산,동래구,passenger,business,1725,대,승용>영업용,5498,308,0
202605,시군구,부산,동래구,truck,official,66,대,화물>관용,5498,308,0
202605,시군구,부산,동래구,special,business,275,대,특수>영업용,5498,308,0
202605,시군구,부산,동래구,total,official,174,대,총계>관용,5498,308,1
202605,시군구,부산,동래구,total,business,3972,대,총계>영업용,5498,308,1
202605,시군구,부산,동래구,total,total,103700,대,총계>계,5498,308,1
202605,시군구,부산,동래구,van,official,26,대,승합>관용,5498,308,0
202605,시군구,부산,동래구,truck,business,1626,대,화물>영업용,5498,308,0
202605,시군구,부산,동래구,van,total,2084,대,승합>계,5498,308,1
202605,시군구,부산,동래구,passenger,official,80,대,승용>관용,5498,308,0
202605,시군구,부산,동래구,passenger,private,88051,대,승용>자가용,5498,308,0
202605,시군구,부산,동래구,passenger,total,89856,대,승용>계,5498,308,1
202605,시군구,부산,동래구,special,private,224,대,특수>자가용,5498,308,0
202605,시군구,부산,동래구,van,business,346,대,승합>영업용,5498,308,0
202605,시군구,부산,부산진구,truck,private,12856,대,화물>자가용,5498,309,0
202605,시군구,부산,부산진구,special,official,10,대,특수>관용,5498,309,0
202605,시군구,부산,부산진구,truck,total,15531,대,화물>계,5498,309,1
202605,시군구,부산,부산진구,total,private,141971,대,총계>자가용,5498,309,1
202605,시군구,부산,부산진구,van,private,2430,대,승합>자가용,5498,309,0
202605,시군구,부산,부산진구,special,total,799,대,특수>계,5498,309,1
202605,시군구,부산,부산진구,passenger,business,33099,대,승용>영업용,5498,309,0
202605,시군구,부산,부산진구,truck,official,169,대,화물>관용,5498,309,0
202605,시군구,부산,부산진구,special,business,574,대,특수>영업용,5498,309,0
202605,시군구,부산,부산진구,total,official,374,대,총계>관용,5498,309,1
202605,시군구,부산,부산진구,total,business,36721,대,총계>영업용,5498,309,1
202605,시군구,부산,부산진구,total,total,179066,대,총계>계,5498,309,1
202605,시군구,부산,부산진구,van,official,62,대,승합>관용,5498,309,0
202605,시군구,부산,부산진구,truck,business,2506,대,화물>영업용,5498,309,0
202605,시군구,부산,부산진구,van,total,3034,대,승합>계,5498,309,1
202605,시군구,부산,부산진구,passenger,official,133,대,승용>관용,5498,309,0
202605,시군구,부산,부산진구,passenger,private,126470,대,승용>자가용,5498,309,0
202605,시군구,부산,부산진구,passenger,total,159702,대,승용>계,5498,309,1
202605,시군구,부산,부산진구,special,private,215,대,특수>자가용,5498,309,0
202605,시군구,부산,부산진구,van,business,542,대,승합>영업용,5498,309,0
202605,시군구,부산,북구,truck,private,11398,대,화물>자가용,5498,310,0
202605,시군구,부산,북구,special,official,11,대,특수>관용,5498,310,0
202605,시군구,부산,북구,truck,total,13091,대,화물>계,5498,310,1
202605,시군구,부산,북구,total,private,99733,대,총계>자가용,5498,310,1
202605,시군구,부산,북구,van,private,1898,대,승합>자가용,5498,310,0
202605,시군구,부산,북구,special,total,468,대,특수>계,5498,310,1
202605,시군구,부산,북구,passenger,business,1459,대,승용>영업용,5498,310,0
202605,시군구,부산,북구,truck,official,105,대,화물>관용,5498,310,0
202605,시군구,부산,북구,special,business,255,대,특수>영업용,5498,310,0
202605,시군구,부산,북구,total,official,275,대,총계>관용,5498,310,1
202605,시군구,부산,북구,total,business,3619,대,총계>영업용,5498,310,1
202605,시군구,부산,북구,total,total,103627,대,총계>계,5498,310,1
202605,시군구,부산,북구,van,official,48,대,승합>관용,5498,310,0
202605,시군구,부산,북구,truck,business,1588,대,화물>영업용,5498,310,0
202605,시군구,부산,북구,van,total,2263,대,승합>계,5498,310,1
202605,시군구,부산,북구,passenger,official,111,대,승용>관용,5498,310,0
202605,시군구,부산,북구,passenger,private,86235,대,승용>자가용,5498,310,0
202605,시군구,부산,북구,passenger,total,87805,대,승용>계,5498,310,1
202605,시군구,부산,북구,special,private,202,대,특수>자가용,5498,310,0
202605,시군구,부산,북구,van,business,317,대,승합>영업용,5498,310,0
202605,시군구,부산,사상구,truck,private,13757,대,화물>자가용,5498,311,0
202605,시군구,부산,사상구,special,official,8,대,특수>관용,5498,311,0
202605,시군구,부산,사상구,truck,total,16157,대,화물>계,5498,311,1
202605,시군구,부산,사상구,total,private,81870,대,총계>자가용,5498,311,1
202605,시군구,부산,사상구,van,private,1878,대,승합>자가용,5498,311,0
202605,시군구,부산,사상구,special,total,562,대,특수>계,5498,311,1
202605,시군구,부산,사상구,passenger,business,2303,대,승용>영업용,5498,311,0
202605,시군구,부산,사상구,truck,official,99,대,화물>관용,5498,311,0
202605,시군구,부산,사상구,special,business,310,대,특수>영업용,5498,311,0
202605,시군구,부산,사상구,total,official,263,대,총계>관용,5498,311,1
202605,시군구,부산,사상구,total,business,5119,대,총계>영업용,5498,311,1
202605,시군구,부산,사상구,total,total,87252,대,총계>계,5498,311,1
202605,시군구,부산,사상구,van,official,52,대,승합>관용,5498,311,0
202605,시군구,부산,사상구,truck,business,2301,대,화물>영업용,5498,311,0
202605,시군구,부산,사상구,van,total,2135,대,승합>계,5498,311,1
202605,시군구,부산,사상구,passenger,official,104,대,승용>관용,5498,311,0
202605,시군구,부산,사상구,passenger,private,65991,대,승용>자가용,5498,311,0
202605,시군구,부산,사상구,passenger,total,68398,대,승용>계,5498,311,1
202605,시군구,부산,사상구,special,private,244,대,특수>자가용,5498,311,0
202605,시군구,부산,사상구,van,business,205,대,승합>영업용,5498,311,0
202605,시군구,부산,사하구,truck,private,12419,대,화물>자가용,5498,312,0
202605,시군구,부산,사하구,special,official,10,대,특수>관용,5498,312,0
202605,시군구,부산,사하구,truck,total,14519,대,화물>계,5498,312,1
202605,시군구,부산,사하구,total,private,106349,대,총계>자가용,5498,312,1
202605,시군구,부산,사하구,van,private,2367,대,승합>자가용,5498,312,0
202605,시군구,부산,사하구,special,total,507,대,특수>계,5498,312,1
202605,시군구,부산,사하구,passenger,business,3433,대,승용>영업용,5498,312,0
202605,시군구,부산,사하구,truck,official,104,대,화물>관용,5498,312,0
202605,시군구,부산,사하구,special,business,265,대,특수>영업용,5498,312,0
202605,시군구,부산,사하구,total,official,280,대,총계>관용,5498,312,1
202605,시군구,부산,사하구,total,business,5961,대,총계>영업용,5498,312,1
202605,시군구,부산,사하구,total,total,112590,대,총계>계,5498,312,1
202605,시군구,부산,사하구,van,official,49,대,승합>관용,5498,312,0
202605,시군구,부산,사하구,truck,business,1996,대,화물>영업용,5498,312,0
202605,시군구,부산,사하구,van,total,2683,대,승합>계,5498,312,1
202605,시군구,부산,사하구,passenger,official,117,대,승용>관용,5498,312,0
202605,시군구,부산,사하구,passenger,private,91331,대,승용>자가용,5498,312,0
202605,시군구,부산,사하구,passenger,total,94881,대,승용>계,5498,312,1
202605,시군구,부산,사하구,special,private,232,대,특수>자가용,5498,312,0
202605,시군구,부산,사하구,van,business,267,대,승합>영업용,5498,312,0
202605,시군구,부산,서구,truck,private,3553,대,화물>자가용,5498,313,0
202605,시군구,부산,서구,special,official,0,대,특수>관용,5498,313,0
202605,시군구,부산,서구,truck,total,4473,대,화물>계,5498,313,1
202605,시군구,부산,서구,total,private,30745,대,총계>자가용,5498,313,1
202605,시군구,부산,서구,van,private,773,대,승합>자가용,5498,313,0
202605,시군구,부산,서구,special,total,152,대,특수>계,5498,313,1
202605,시군구,부산,서구,passenger,business,362,대,승용>영업용,5498,313,0
202605,시군구,부산,서구,truck,official,43,대,화물>관용,5498,313,0
202605,시군구,부산,서구,special,business,81,대,특수>영업용,5498,313,0
202605,시군구,부산,서구,total,official,145,대,총계>관용,5498,313,1
202605,시군구,부산,서구,total,business,1338,대,총계>영업용,5498,313,1
202605,시군구,부산,서구,total,total,32228,대,총계>계,5498,313,1
202605,시군구,부산,서구,van,official,30,대,승합>관용,5498,313,0
202605,시군구,부산,서구,truck,business,877,대,화물>영업용,5498,313,0
202605,시군구,부산,서구,van,total,821,대,승합>계,5498,313,1
202605,시군구,부산,서구,passenger,official,72,대,승용>관용,5498,313,0
202605,시군구,부산,서구,passenger,private,26348,대,승용>자가용,5498,313,0
202605,시군구,부산,서구,passenger,total,26782,대,승용>계,5498,313,1
202605,시군구,부산,서구,special,private,71,대,특수>자가용,5498,313,0
202605,시군구,부산,서구,van,business,18,대,승합>영업용,5498,313,0
202605,시군구,부산,수영구,truck,private,5200,대,화물>자가용,5498,314,0
202605,시군구,부산,수영구,special,official,13,대,특수>관용,5498,314,0
202605,시군구,부산,수영구,truck,total,6460,대,화물>계,5498,314,1
202605,시군구,부산,수영구,total,private,64783,대,총계>자가용,5498,314,1
202605,시군구,부산,수영구,van,private,1278,대,승합>자가용,5498,314,0
202605,시군구,부산,수영구,special,total,492,대,특수>계,5498,314,1
202605,시군구,부산,수영구,passenger,business,59842,대,승용>영업용,5498,314,0
202605,시군구,부산,수영구,truck,official,81,대,화물>관용,5498,314,0
202605,시군구,부산,수영구,special,business,333,대,특수>영업용,5498,314,0
202605,시군구,부산,수영구,total,official,220,대,총계>관용,5498,314,1
202605,시군구,부산,수영구,total,business,61997,대,총계>영업용,5498,314,1
202605,시군구,부산,수영구,total,total,127000,대,총계>계,5498,314,1
202605,시군구,부산,수영구,van,official,38,대,승합>관용,5498,314,0
202605,시군구,부산,수영구,truck,business,1179,대,화물>영업용,5498,314,0
202605,시군구,부산,수영구,van,total,1959,대,승합>계,5498,314,1
202605,시군구,부산,수영구,passenger,official,88,대,승용>관용,5498,314,0
202605,시군구,부산,수영구,passenger,private,58159,대,승용>자가용,5498,314,0
202605,시군구,부산,수영구,passenger,total,118089,대,승용>계,5498,314,1
202605,시군구,부산,수영구,special,private,146,대,특수>자가용,5498,314,0
202605,시군구,부산,수영구,van,business,643,대,승합>영업용,5498,314,0
202605,시군구,부산,연제구,truck,private,8779,대,화물>자가용,5498,315,0
202605,시군구,부산,연제구,special,official,31,대,특수>관용,5498,315,0
202605,시군구,부산,연제구,truck,total,11300,대,화물>계,5498,315,1
202605,시군구,부산,연제구,total,private,129855,대,총계>자가용,5498,315,1
202605,시군구,부산,연제구,van,private,1630,대,승합>자가용,5498,315,0
202605,시군구,부산,연제구,special,total,961,대,특수>계,5498,315,1
202605,시군구,부산,연제구,passenger,business,30139,대,승용>영업용,5498,315,0
202605,시군구,부산,연제구,truck,official,183,대,화물>관용,5498,315,0
202605,시군구,부산,연제구,special,business,717,대,특수>영업용,5498,315,0
202605,시군구,부산,연제구,total,official,1071,대,총계>관용,5498,315,1
202605,시군구,부산,연제구,total,business,33987,대,총계>영업용,5498,315,1
202605,시군구,부산,연제구,total,total,164913,대,총계>계,5498,315,1
202605,시군구,부산,연제구,van,official,493,대,승합>관용,5498,315,0
202605,시군구,부산,연제구,truck,business,2338,대,화물>영업용,5498,315,0
202605,시군구,부산,연제구,van,total,2916,대,승합>계,5498,315,1
202605,시군구,부산,연제구,passenger,official,364,대,승용>관용,5498,315,0
202605,시군구,부산,연제구,passenger,private,119233,대,승용>자가용,5498,315,0
202605,시군구,부산,연제구,passenger,total,149736,대,승용>계,5498,315,1
202605,시군구,부산,연제구,special,private,213,대,특수>자가용,5498,315,0
202605,시군구,부산,연제구,van,business,793,대,승합>영업용,5498,315,0
202605,시군구,부산,영도구,truck,private,3912,대,화물>자가용,5498,316,0
202605,시군구,부산,영도구,special,official,8,대,특수>관용,5498,316,0
202605,시군구,부산,영도구,truck,total,4380,대,화물>계,5498,316,1
202605,시군구,부산,영도구,total,private,30908,대,총계>자가용,5498,316,1
202605,시군구,부산,영도구,van,private,865,대,승합>자가용,5498,316,0
202605,시군구,부산,영도구,special,total,115,대,특수>계,5498,316,1
202605,시군구,부산,영도구,passenger,business,1249,대,승용>영업용,5498,316,0
202605,시군구,부산,영도구,truck,official,83,대,화물>관용,5498,316,0
202605,시군구,부산,영도구,special,business,55,대,특수>영업용,5498,316,0
202605,시군구,부산,영도구,total,official,230,대,총계>관용,5498,316,1
202605,시군구,부산,영도구,total,business,2004,대,총계>영업용,5498,316,1
202605,시군구,부산,영도구,total,total,33142,대,총계>계,5498,316,1
202605,시군구,부산,영도구,van,official,51,대,승합>관용,5498,316,0
202605,시군구,부산,영도구,truck,business,385,대,화물>영업용,5498,316,0
202605,시군구,부산,영도구,van,total,1231,대,승합>계,5498,316,1
202605,시군구,부산,영도구,passenger,official,88,대,승용>관용,5498,316,0
202605,시군구,부산,영도구,passenger,private,26079,대,승용>자가용,5498,316,0
202605,시군구,부산,영도구,passenger,total,27416,대,승용>계,5498,316,1
202605,시군구,부산,영도구,special,private,52,대,특수>자가용,5498,316,0
202605,시군구,부산,영도구,van,business,315,대,승합>영업용,5498,316,0
202605,시군구,부산,중구,truck,private,1757,대,화물>자가용,5498,317,0
202605,시군구,부산,중구,special,official,16,대,특수>관용,5498,317,0
202605,시군구,부산,중구,truck,total,7114,대,화물>계,5498,317,1
202605,시군구,부산,중구,total,private,38202,대,총계>자가용,5498,317,1
202605,시군구,부산,중구,van,private,440,대,승합>자가용,5498,317,0
202605,시군구,부산,중구,special,total,1791,대,특수>계,5498,317,1
202605,시군구,부산,중구,passenger,business,119,대,승용>영업용,5498,317,0
202605,시군구,부산,중구,truck,official,77,대,화물>관용,5498,317,0
202605,시군구,부산,중구,special,business,1675,대,특수>영업용,5498,317,0
202605,시군구,부산,중구,total,official,315,대,총계>관용,5498,317,1
202605,시군구,부산,중구,total,business,7078,대,총계>영업용,5498,317,1
202605,시군구,부산,중구,total,total,45595,대,총계>계,5498,317,1
202605,시군구,부산,중구,van,official,60,대,승합>관용,5498,317,0
202605,시군구,부산,중구,truck,business,5280,대,화물>영업용,5498,317,0
202605,시군구,부산,중구,van,total,504,대,승합>계,5498,317,1
202605,시군구,부산,중구,passenger,official,162,대,승용>관용,5498,317,0
202605,시군구,부산,중구,passenger,private,35905,대,승용>자가용,5498,317,0
202605,시군구,부산,중구,passenger,total,36186,대,승용>계,5498,317,1
202605,시군구,부산,중구,special,private,100,대,특수>자가용,5498,317,0
202605,시군구,부산,중구,van,business,4,대,승합>영업용,5498,317,0
202605,시군구,부산,해운대구,truck,private,12221,대,화물>자가용,5498,318,0
202605,시군구,부산,해운대구,special,official,9,대,특수>관용,5498,318,0
202605,시군구,부산,해운대구,truck,total,14570,대,화물>계,5498,318,1
202605,시군구,부산,해운대구,total,private,158481,대,총계>자가용,5498,318,1
202605,시군구,부산,해운대구,van,private,2583,대,승합>자가용,5498,318,0
202605,시군구,부산,해운대구,special,total,837,대,특수>계,5498,318,1
202605,시군구,부산,해운대구,passenger,business,2031,대,승용>영업용,5498,318,0
202605,시군구,부산,해운대구,truck,official,124,대,화물>관용,5498,318,0
202605,시군구,부산,해운대구,special,business,478,대,특수>영업용,5498,318,0
202605,시군구,부산,해운대구,total,official,334,대,총계>관용,5498,318,1
202605,시군구,부산,해운대구,total,business,4973,대,총계>영업용,5498,318,1
202605,시군구,부산,해운대구,total,total,163788,대,총계>계,5498,318,1
202605,시군구,부산,해운대구,van,official,57,대,승합>관용,5498,318,0
202605,시군구,부산,해운대구,truck,business,2225,대,화물>영업용,5498,318,0
202605,시군구,부산,해운대구,van,total,2879,대,승합>계,5498,318,1
202605,시군구,부산,해운대구,passenger,official,144,대,승용>관용,5498,318,0
202605,시군구,부산,해운대구,passenger,private,143327,대,승용>자가용,5498,318,0
202605,시군구,부산,해운대구,passenger,total,145502,대,승용>계,5498,318,1
202605,시군구,부산,해운대구,special,private,350,대,특수>자가용,5498,318,0
202605,시군구,부산,해운대구,van,business,239,대,승합>영업용,5498,318,0
202605,시도,부산,,truck,private,143332,대,화물>자가용,5498,319,0
202605,시도,부산,,special,official,163,대,특수>관용,5498,319,0
202605,시도,부산,,truck,total,181180,대,화물>계,5498,319,1
202605,시도,부산,,total,private,1383621,대,총계>자가용,5498,319,1
202605,시도,부산,,van,private,25681,대,승합>자가용,5498,319,0
202605,시도,부산,,special,total,12676,대,특수>계,5498,319,1
202605,시도,부산,,passenger,business,144654,대,승용>영업용,5498,319,0
202605,시도,부산,,truck,official,1616,대,화물>관용,5498,319,0
202605,시도,부산,,special,business,9079,대,특수>영업용,5498,319,0
202605,시도,부산,,total,official,4998,대,총계>관용,5498,319,1
202605,시도,부산,,total,business,196235,대,총계>영업용,5498,319,1
202605,시도,부산,,total,total,1584854,대,총계>계,5498,319,1
202605,시도,부산,,van,official,1251,대,승합>관용,5498,319,0
202605,시도,부산,,truck,business,36232,대,화물>영업용,5498,319,0
202605,시도,부산,,van,total,33202,대,승합>계,5498,319,1
202605,시도,부산,,passenger,official,1968,대,승용>관용,5498,319,0
202605,시도,부산,,passenger,private,1211174,대,승용>자가용,5498,319,0
202605,시도,부산,,passenger,total,1357796,대,승용>계,5498,319,1
202605,시도,부산,,special,private,3434,대,특수>자가용,5498,319,0
202605,시도,부산,,van,business,6270,대,승합>영업용,5498,319,0
202605,시군구,대구,군위군,truck,private,5313,대,화물>자가용,5498,320,0
202605,시군구,대구,군위군,special,official,3,대,특수>관용,5498,320,0
202605,시군구,대구,군위군,truck,total,5516,대,화물>계,5498,320,1
202605,시군구,대구,군위군,total,private,16117,대,총계>자가용,5498,320,1
202605,시군구,대구,군위군,van,private,353,대,승합>자가용,5498,320,0
202605,시군구,대구,군위군,special,total,91,대,특수>계,5498,320,1
202605,시군구,대구,군위군,passenger,business,67,대,승용>영업용,5498,320,0
202605,시군구,대구,군위군,truck,official,55,대,화물>관용,5498,320,0
202605,시군구,대구,군위군,special,business,19,대,특수>영업용,5498,320,0
202605,시군구,대구,군위군,total,official,142,대,총계>관용,5498,320,1
202605,시군구,대구,군위군,total,business,255,대,총계>영업용,5498,320,1
202605,시군구,대구,군위군,total,total,16514,대,총계>계,5498,320,1
202605,시군구,대구,군위군,van,official,36,대,승합>관용,5498,320,0
202605,시군구,대구,군위군,truck,business,148,대,화물>영업용,5498,320,0
202605,시군구,대구,군위군,van,total,410,대,승합>계,5498,320,1
202605,시군구,대구,군위군,passenger,official,48,대,승용>관용,5498,320,0
202605,시군구,대구,군위군,passenger,private,10382,대,승용>자가용,5498,320,0
202605,시군구,대구,군위군,passenger,total,10497,대,승용>계,5498,320,1
202605,시군구,대구,군위군,special,private,69,대,특수>자가용,5498,320,0
202605,시군구,대구,군위군,van,business,21,대,승합>영업용,5498,320,0
202605,시군구,대구,남구,truck,private,6130,대,화물>자가용,5498,321,0
202605,시군구,대구,남구,special,official,3,대,특수>관용,5498,321,0
202605,시군구,대구,남구,truck,total,6726,대,화물>계,5498,321,1
202605,시군구,대구,남구,total,private,57754,대,총계>자가용,5498,321,1
202605,시군구,대구,남구,van,private,1174,대,승합>자가용,5498,321,0
202605,시군구,대구,남구,special,total,200,대,특수>계,5498,321,1
202605,시군구,대구,남구,passenger,business,944,대,승용>영업용,5498,321,0
202605,시군구,대구,남구,truck,official,80,대,화물>관용,5498,321,0
202605,시군구,대구,남구,special,business,57,대,특수>영업용,5498,321,0
202605,시군구,대구,남구,total,official,407,대,총계>관용,5498,321,1
202605,시군구,대구,남구,total,business,1627,대,총계>영업용,5498,321,1
202605,시군구,대구,남구,total,total,59788,대,총계>계,5498,321,1
202605,시군구,대구,남구,van,official,213,대,승합>관용,5498,321,0
202605,시군구,대구,남구,truck,business,516,대,화물>영업용,5498,321,0
202605,시군구,대구,남구,van,total,1497,대,승합>계,5498,321,1
202605,시군구,대구,남구,passenger,official,111,대,승용>관용,5498,321,0
202605,시군구,대구,남구,passenger,private,50310,대,승용>자가용,5498,321,0
202605,시군구,대구,남구,passenger,total,51365,대,승용>계,5498,321,1
202605,시군구,대구,남구,special,private,140,대,특수>자가용,5498,321,0
202605,시군구,대구,남구,van,business,110,대,승합>영업용,5498,321,0
202605,시군구,대구,달서구,truck,private,28336,대,화물>자가용,5498,322,0
202605,시군구,대구,달서구,special,official,17,대,특수>관용,5498,322,0
202605,시군구,대구,달서구,truck,total,33947,대,화물>계,5498,322,1
202605,시군구,대구,달서구,total,private,271613,대,총계>자가용,5498,322,1
202605,시군구,대구,달서구,van,private,4191,대,승합>자가용,5498,322,0
202605,시군구,대구,달서구,special,total,1282,대,특수>계,5498,322,1
202605,시군구,대구,달서구,passenger,business,26339,대,승용>영업용,5498,322,0
202605,시군구,대구,달서구,truck,official,179,대,화물>관용,5498,322,0
202605,시군구,대구,달서구,special,business,608,대,특수>영업용,5498,322,0
202605,시군구,대구,달서구,total,official,507,대,총계>관용,5498,322,1
202605,시군구,대구,달서구,total,business,33109,대,총계>영업용,5498,322,1
202605,시군구,대구,달서구,total,total,305229,대,총계>계,5498,322,1
202605,시군구,대구,달서구,van,official,115,대,승합>관용,5498,322,0
202605,시군구,대구,달서구,truck,business,5432,대,화물>영업용,5498,322,0
202605,시군구,대구,달서구,van,total,5036,대,승합>계,5498,322,1
202605,시군구,대구,달서구,passenger,official,196,대,승용>관용,5498,322,0
202605,시군구,대구,달서구,passenger,private,238429,대,승용>자가용,5498,322,0
202605,시군구,대구,달서구,passenger,total,264964,대,승용>계,5498,322,1
202605,시군구,대구,달서구,special,private,657,대,특수>자가용,5498,322,0
202605,시군구,대구,달서구,van,business,730,대,승합>영업용,5498,322,0
202605,시군구,대구,달성군,truck,private,19209,대,화물>자가용,5498,323,0
202605,시군구,대구,달성군,special,official,67,대,특수>관용,5498,323,0
202605,시군구,대구,달성군,truck,total,22386,대,화물>계,5498,323,1
202605,시군구,대구,달성군,total,private,139352,대,총계>자가용,5498,323,1
202605,시군구,대구,달성군,van,private,2573,대,승합>자가용,5498,323,0
202605,시군구,대구,달성군,special,total,799,대,특수>계,5498,323,1
202605,시군구,대구,달성군,passenger,business,1491,대,승용>영업용,5498,323,0
202605,시군구,대구,달성군,truck,official,301,대,화물>관용,5498,323,0
202605,시군구,대구,달성군,special,business,289,대,특수>영업용,5498,323,0
202605,시군구,대구,달성군,total,official,615,대,총계>관용,5498,323,1
202605,시군구,대구,달성군,total,business,5149,대,총계>영업용,5498,323,1
202605,시군구,대구,달성군,total,total,145116,대,총계>계,5498,323,1
202605,시군구,대구,달성군,van,official,118,대,승합>관용,5498,323,0
202605,시군구,대구,달성군,truck,business,2876,대,화물>영업용,5498,323,0
202605,시군구,대구,달성군,van,total,3184,대,승합>계,5498,323,1
202605,시군구,대구,달성군,passenger,official,129,대,승용>관용,5498,323,0
202605,시군구,대구,달성군,passenger,private,117127,대,승용>자가용,5498,323,0
202605,시군구,대구,달성군,passenger,total,118747,대,승용>계,5498,323,1
202605,시군구,대구,달성군,special,private,443,대,특수>자가용,5498,323,0
202605,시군구,대구,달성군,van,business,493,대,승합>영업용,5498,323,0
202605,시군구,대구,동구,truck,private,19012,대,화물>자가용,5498,324,0
202605,시군구,대구,동구,special,official,10,대,특수>관용,5498,324,0
202605,시군구,대구,동구,truck,total,23096,대,화물>계,5498,324,1
202605,시군구,대구,동구,total,private,165600,대,총계>자가용,5498,324,1
202605,시군구,대구,동구,van,private,2935,대,승합>자가용,5498,324,0
202605,시군구,대구,동구,special,total,1028,대,특수>계,5498,324,1
202605,시군구,대구,동구,passenger,business,4240,대,승용>영업용,5498,324,0
202605,시군구,대구,동구,truck,official,156,대,화물>관용,5498,324,0
202605,시군구,대구,동구,special,business,525,대,특수>영업용,5498,324,0
202605,시군구,대구,동구,total,official,370,대,총계>관용,5498,324,1
202605,시군구,대구,동구,total,business,9416,대,총계>영업용,5498,324,1
202605,시군구,대구,동구,total,total,175386,대,총계>계,5498,324,1
202605,시군구,대구,동구,van,official,89,대,승합>관용,5498,324,0
202605,시군구,대구,동구,truck,business,3928,대,화물>영업용,5498,324,0
202605,시군구,대구,동구,van,total,3747,대,승합>계,5498,324,1
202605,시군구,대구,동구,passenger,official,115,대,승용>관용,5498,324,0
202605,시군구,대구,동구,passenger,private,143160,대,승용>자가용,5498,324,0
202605,시군구,대구,동구,passenger,total,147515,대,승용>계,5498,324,1
202605,시군구,대구,동구,special,private,493,대,특수>자가용,5498,324,0
202605,시군구,대구,동구,van,business,723,대,승합>영업용,5498,324,0
202605,시군구,대구,북구,truck,private,27227,대,화물>자가용,5498,325,0
202605,시군구,대구,북구,special,official,29,대,특수>관용,5498,325,0
202605,시군구,대구,북구,truck,total,31955,대,화물>계,5498,325,1
202605,시군구,대구,북구,total,private,200974,대,총계>자가용,5498,325,1
202605,시군구,대구,북구,van,private,3325,대,승합>자가용,5498,325,0
202605,시군구,대구,북구,special,total,1080,대,특수>계,5498,325,1
202605,시군구,대구,북구,passenger,business,2440,대,승용>영업용,5498,325,0
202605,시군구,대구,북구,truck,official,226,대,화물>관용,5498,325,0
202605,시군구,대구,북구,special,business,444,대,특수>영업용,5498,325,0
202605,시군구,대구,북구,total,official,546,대,총계>관용,5498,325,1
202605,시군구,대구,북구,total,business,8036,대,총계>영업용,5498,325,1
202605,시군구,대구,북구,total,total,209556,대,총계>계,5498,325,1
202605,시군구,대구,북구,van,official,123,대,승합>관용,5498,325,0
202605,시군구,대구,북구,truck,business,4502,대,화물>영업용,5498,325,0
202605,시군구,대구,북구,van,total,4098,대,승합>계,5498,325,1
202605,시군구,대구,북구,passenger,official,168,대,승용>관용,5498,325,0
202605,시군구,대구,북구,passenger,private,169815,대,승용>자가용,5498,325,0
202605,시군구,대구,북구,passenger,total,172423,대,승용>계,5498,325,1
202605,시군구,대구,북구,special,private,607,대,특수>자가용,5498,325,0
202605,시군구,대구,북구,van,business,650,대,승합>영업용,5498,325,0
202605,시군구,대구,서구,truck,private,10658,대,화물>자가용,5498,326,0
202605,시군구,대구,서구,special,official,9,대,특수>관용,5498,326,0
202605,시군구,대구,서구,truck,total,12315,대,화물>계,5498,326,1
202605,시군구,대구,서구,total,private,73875,대,총계>자가용,5498,326,1
202605,시군구,대구,서구,van,private,1508,대,승합>자가용,5498,326,0
202605,시군구,대구,서구,special,total,301,대,특수>계,5498,326,1
202605,시군구,대구,서구,passenger,business,3100,대,승용>영업용,5498,326,0
202605,시군구,대구,서구,truck,official,123,대,화물>관용,5498,326,0
202605,시군구,대구,서구,special,business,112,대,특수>영업용,5498,326,0
202605,시군구,대구,서구,total,official,265,대,총계>관용,5498,326,1
202605,시군구,대구,서구,total,business,4930,대,총계>영업용,5498,326,1
202605,시군구,대구,서구,total,total,79070,대,총계>계,5498,326,1
202605,시군구,대구,서구,van,official,41,대,승합>관용,5498,326,0
202605,시군구,대구,서구,truck,business,1534,대,화물>영업용,5498,326,0
202605,시군구,대구,서구,van,total,1733,대,승합>계,5498,326,1
202605,시군구,대구,서구,passenger,official,92,대,승용>관용,5498,326,0
202605,시군구,대구,서구,passenger,private,61529,대,승용>자가용,5498,326,0
202605,시군구,대구,서구,passenger,total,64721,대,승용>계,5498,326,1
202605,시군구,대구,서구,special,private,180,대,특수>자가용,5498,326,0
202605,시군구,대구,서구,van,business,184,대,승합>영업용,5498,326,0
202605,시군구,대구,수성구,truck,private,15048,대,화물>자가용,5498,327,0
202605,시군구,대구,수성구,special,official,14,대,특수>관용,5498,327,0
202605,시군구,대구,수성구,truck,total,16655,대,화물>계,5498,327,1
202605,시군구,대구,수성구,total,private,213009,대,총계>자가용,5498,327,1
202605,시군구,대구,수성구,van,private,2769,대,승합>자가용,5498,327,0
202605,시군구,대구,수성구,special,total,706,대,특수>계,5498,327,1
202605,시군구,대구,수성구,passenger,business,3002,대,승용>영업용,5498,327,0
202605,시군구,대구,수성구,truck,official,212,대,화물>관용,5498,327,0
202605,시군구,대구,수성구,special,business,176,대,특수>영업용,5498,327,0
202605,시군구,대구,수성구,total,official,603,대,총계>관용,5498,327,1
202605,시군구,대구,수성구,total,business,5185,대,총계>영업용,5498,327,1
202605,시군구,대구,수성구,total,total,218797,대,총계>계,5498,327,1
202605,시군구,대구,수성구,van,official,181,대,승합>관용,5498,327,0
202605,시군구,대구,수성구,truck,business,1395,대,화물>영업용,5498,327,0
202605,시군구,대구,수성구,van,total,3562,대,승합>계,5498,327,1
202605,시군구,대구,수성구,passenger,official,196,대,승용>관용,5498,327,0
202605,시군구,대구,수성구,passenger,private,194676,대,승용>자가용,5498,327,0
202605,시군구,대구,수성구,passenger,total,197874,대,승용>계,5498,327,1
202605,시군구,대구,수성구,special,private,516,대,특수>자가용,5498,327,0
202605,시군구,대구,수성구,van,business,612,대,승합>영업용,5498,327,0
202605,시군구,대구,중구,truck,private,4177,대,화물>자가용,5498,328,0
202605,시군구,대구,중구,special,official,16,대,특수>관용,5498,328,0
202605,시군구,대구,중구,truck,total,4810,대,화물>계,5498,328,1
202605,시군구,대구,중구,total,private,55464,대,총계>자가용,5498,328,1
202605,시군구,대구,중구,van,private,979,대,승합>자가용,5498,328,0
202605,시군구,대구,중구,special,total,152,대,특수>계,5498,328,1
202605,시군구,대구,중구,passenger,business,1128,대,승용>영업용,5498,328,0
202605,시군구,대구,중구,truck,official,149,대,화물>관용,5498,328,0
202605,시군구,대구,중구,special,business,28,대,특수>영업용,5498,328,0
202605,시군구,대구,중구,total,official,323,대,총계>관용,5498,328,1
202605,시군구,대구,중구,total,business,1956,대,총계>영업용,5498,328,1
202605,시군구,대구,중구,total,total,57743,대,총계>계,5498,328,1
202605,시군구,대구,중구,van,official,69,대,승합>관용,5498,328,0
202605,시군구,대구,중구,truck,business,484,대,화물>영업용,5498,328,0
202605,시군구,대구,중구,van,total,1364,대,승합>계,5498,328,1
202605,시군구,대구,중구,passenger,official,89,대,승용>관용,5498,328,0
202605,시군구,대구,중구,passenger,private,50200,대,승용>자가용,5498,328,0
202605,시군구,대구,중구,passenger,total,51417,대,승용>계,5498,328,1
202605,시군구,대구,중구,special,private,108,대,특수>자가용,5498,328,0
202605,시군구,대구,중구,van,business,316,대,승합>영업용,5498,328,0
202605,시도,대구,,truck,private,135110,대,화물>자가용,5498,329,0
202605,시도,대구,,special,official,168,대,특수>관용,5498,329,0
202605,시도,대구,,truck,total,157406,대,화물>계,5498,329,1
202605,시도,대구,,total,private,1193758,대,총계>자가용,5498,329,1
202605,시도,대구,,van,private,19807,대,승합>자가용,5498,329,0
202605,시도,대구,,special,total,5639,대,특수>계,5498,329,1
202605,시도,대구,,passenger,business,42751,대,승용>영업용,5498,329,0
202605,시도,대구,,truck,official,1481,대,화물>관용,5498,329,0
202605,시도,대구,,special,business,2258,대,특수>영업용,5498,329,0
202605,시도,대구,,total,official,3778,대,총계>관용,5498,329,1
202605,시도,대구,,total,business,69663,대,총계>영업용,5498,329,1
202605,시도,대구,,total,total,1267199,대,총계>계,5498,329,1
202605,시도,대구,,van,official,985,대,승합>관용,5498,329,0
202605,시도,대구,,truck,business,20815,대,화물>영업용,5498,329,0
202605,시도,대구,,van,total,24631,대,승합>계,5498,329,1
202605,시도,대구,,passenger,official,1144,대,승용>관용,5498,329,0
202605,시도,대구,,passenger,private,1035628,대,승용>자가용,5498,329,0
202605,시도,대구,,passenger,total,1079523,대,승용>계,5498,329,1
202605,시도,대구,,special,private,3213,대,특수>자가용,5498,329,0
202605,시도,대구,,van,business,3839,대,승합>영업용,5498,329,0
202605,시군구,인천,강화군,truck,private,10880,대,화물>자가용,5498,330,0
202605,시군구,인천,강화군,special,official,11,대,특수>관용,5498,330,0
202605,시군구,인천,강화군,truck,total,11809,대,화물>계,5498,330,1
202605,시군구,인천,강화군,total,private,40354,대,총계>자가용,5498,330,1
202605,시군구,인천,강화군,van,private,1025,대,승합>자가용,5498,330,0
202605,시군구,인천,강화군,special,total,389,대,특수>계,5498,330,1
202605,시군구,인천,강화군,passenger,business,2291,대,승용>영업용,5498,330,0
202605,시군구,인천,강화군,truck,official,161,대,화물>관용,5498,330,0
202605,시군구,인천,강화군,special,business,93,대,특수>영업용,5498,330,0
202605,시군구,인천,강화군,total,official,374,대,총계>관용,5498,330,1
202605,시군구,인천,강화군,total,business,3421,대,총계>영업용,5498,330,1
202605,시군구,인천,강화군,total,total,44149,대,총계>계,5498,330,1
202605,시군구,인천,강화군,van,official,53,대,승합>관용,5498,330,0
202605,시군구,인천,강화군,truck,business,768,대,화물>영업용,5498,330,0
202605,시군구,인천,강화군,van,total,1347,대,승합>계,5498,330,1
202605,시군구,인천,강화군,passenger,official,149,대,승용>관용,5498,330,0
202605,시군구,인천,강화군,passenger,private,28164,대,승용>자가용,5498,330,0
202605,시군구,인천,강화군,passenger,total,30604,대,승용>계,5498,330,1
202605,시군구,인천,강화군,special,private,285,대,특수>자가용,5498,330,0
202605,시군구,인천,강화군,van,business,269,대,승합>영업용,5498,330,0
202605,시군구,인천,계양구,truck,private,15623,대,화물>자가용,5498,331,0
202605,시군구,인천,계양구,special,official,17,대,특수>관용,5498,331,0
202605,시군구,인천,계양구,truck,total,18632,대,화물>계,5498,331,1
202605,시군구,인천,계양구,total,private,112919,대,총계>자가용,5498,331,1
202605,시군구,인천,계양구,van,private,2767,대,승합>자가용,5498,331,0
202605,시군구,인천,계양구,special,total,687,대,특수>계,5498,331,1
202605,시군구,인천,계양구,passenger,business,94299,대,승용>영업용,5498,331,0
202605,시군구,인천,계양구,truck,official,113,대,화물>관용,5498,331,0
202605,시군구,인천,계양구,special,business,330,대,특수>영업용,5498,331,0
202605,시군구,인천,계양구,total,official,297,대,총계>관용,5498,331,1
202605,시군구,인천,계양구,total,business,98949,대,총계>영업용,5498,331,1
202605,시군구,인천,계양구,total,total,212165,대,총계>계,5498,331,1
202605,시군구,인천,계양구,van,official,59,대,승합>관용,5498,331,0
202605,시군구,인천,계양구,truck,business,2896,대,화물>영업용,5498,331,0
202605,시군구,인천,계양구,van,total,4250,대,승합>계,5498,331,1
202605,시군구,인천,계양구,passenger,official,108,대,승용>관용,5498,331,0
202605,시군구,인천,계양구,passenger,private,94189,대,승용>자가용,5498,331,0
202605,시군구,인천,계양구,passenger,total,188596,대,승용>계,5498,331,1
202605,시군구,인천,계양구,special,private,340,대,특수>자가용,5498,331,0
202605,시군구,인천,계양구,van,business,1424,대,승합>영업용,5498,331,0
202605,시군구,인천,남동구,truck,private,27235,대,화물>자가용,5498,332,0
202605,시군구,인천,남동구,special,official,29,대,특수>관용,5498,332,0
202605,시군구,인천,남동구,truck,total,31065,대,화물>계,5498,332,1
202605,시군구,인천,남동구,total,private,254346,대,총계>자가용,5498,332,1
202605,시군구,인천,남동구,van,private,4353,대,승합>자가용,5498,332,0
202605,시군구,인천,남동구,special,total,1118,대,특수>계,5498,332,1
202605,시군구,인천,남동구,passenger,business,20561,대,승용>영업용,5498,332,0
202605,시군구,인천,남동구,truck,official,164,대,화물>관용,5498,332,0
202605,시군구,인천,남동구,special,business,495,대,특수>영업용,5498,332,0
202605,시군구,인천,남동구,total,official,1005,대,총계>관용,5498,332,1
202605,시군구,인천,남동구,total,business,25466,대,총계>영업용,5498,332,1
202605,시군구,인천,남동구,total,total,280817,대,총계>계,5498,332,1
202605,시군구,인천,남동구,van,official,455,대,승합>관용,5498,332,0
202605,시군구,인천,남동구,truck,business,3666,대,화물>영업용,5498,332,0
202605,시군구,인천,남동구,van,total,5552,대,승합>계,5498,332,1
202605,시군구,인천,남동구,passenger,official,357,대,승용>관용,5498,332,0
202605,시군구,인천,남동구,passenger,private,222164,대,승용>자가용,5498,332,0
202605,시군구,인천,남동구,passenger,total,243082,대,승용>계,5498,332,1
202605,시군구,인천,남동구,special,private,594,대,특수>자가용,5498,332,0
202605,시군구,인천,남동구,van,business,744,대,승합>영업용,5498,332,0
202605,시군구,인천,동구,truck,private,3278,대,화물>자가용,5498,333,0
202605,시군구,인천,동구,special,official,2,대,특수>관용,5498,333,0
202605,시군구,인천,동구,truck,total,4652,대,화물>계,5498,333,1
202605,시군구,인천,동구,total,private,24357,대,총계>자가용,5498,333,1
202605,시군구,인천,동구,van,private,771,대,승합>자가용,5498,333,0
202605,시군구,인천,동구,special,total,420,대,특수>계,5498,333,1
202605,시군구,인천,동구,passenger,business,868,대,승용>영업용,5498,333,0
202605,시군구,인천,동구,truck,official,31,대,화물>관용,5498,333,0
202605,시군구,인천,동구,special,business,319,대,특수>영업용,5498,333,0
202605,시군구,인천,동구,total,official,108,대,총계>관용,5498,333,1
202605,시군구,인천,동구,total,business,2603,대,총계>영업용,5498,333,1
202605,시군구,인천,동구,total,total,27068,대,총계>계,5498,333,1
202605,시군구,인천,동구,van,official,34,대,승합>관용,5498,333,0
202605,시군구,인천,동구,truck,business,1343,대,화물>영업용,5498,333,0
202605,시군구,인천,동구,van,total,878,대,승합>계,5498,333,1
202605,시군구,인천,동구,passenger,official,41,대,승용>관용,5498,333,0
202605,시군구,인천,동구,passenger,private,20209,대,승용>자가용,5498,333,0
202605,시군구,인천,동구,passenger,total,21118,대,승용>계,5498,333,1
202605,시군구,인천,동구,special,private,99,대,특수>자가용,5498,333,0
202605,시군구,인천,동구,van,business,73,대,승합>영업용,5498,333,0
202605,시군구,인천,미추홀구,truck,private,16619,대,화물>자가용,5498,334,0
202605,시군구,인천,미추홀구,special,official,18,대,특수>관용,5498,334,0
202605,시군구,인천,미추홀구,truck,total,22133,대,화물>계,5498,334,1
202605,시군구,인천,미추홀구,total,private,164279,대,총계>자가용,5498,334,1
202605,시군구,인천,미추홀구,van,private,3612,대,승합>자가용,5498,334,0
202605,시군구,인천,미추홀구,special,total,1331,대,특수>계,5498,334,1
202605,시군구,인천,미추홀구,passenger,business,12233,대,승용>영업용,5498,334,0
202605,시군구,인천,미추홀구,truck,official,137,대,화물>관용,5498,334,0
202605,시군구,인천,미추홀구,special,business,850,대,특수>영업용,5498,334,0
202605,시군구,인천,미추홀구,total,official,440,대,총계>관용,5498,334,1
202605,시군구,인천,미추홀구,total,business,18528,대,총계>영업용,5498,334,1
202605,시군구,인천,미추홀구,total,total,183247,대,총계>계,5498,334,1
202605,시군구,인천,미추홀구,van,official,92,대,승합>관용,5498,334,0
202605,시군구,인천,미추홀구,truck,business,5377,대,화물>영업용,5498,334,0
202605,시군구,인천,미추홀구,van,total,3772,대,승합>계,5498,334,1
202605,시군구,인천,미추홀구,passenger,official,193,대,승용>관용,5498,334,0
202605,시군구,인천,미추홀구,passenger,private,143585,대,승용>자가용,5498,334,0
202605,시군구,인천,미추홀구,passenger,total,156011,대,승용>계,5498,334,1
202605,시군구,인천,미추홀구,special,private,463,대,특수>자가용,5498,334,0
202605,시군구,인천,미추홀구,van,business,68,대,승합>영업용,5498,334,0
202605,시군구,인천,부평구,truck,private,19020,대,화물>자가용,5498,335,0
202605,시군구,인천,부평구,special,official,9,대,특수>관용,5498,335,0
202605,시군구,인천,부평구,truck,total,22261,대,화물>계,5498,335,1
202605,시군구,인천,부평구,total,private,212162,대,총계>자가용,5498,335,1
202605,시군구,인천,부평구,van,private,3809,대,승합>자가용,5498,335,0
202605,시군구,인천,부평구,special,total,756,대,특수>계,5498,335,1
202605,시군구,인천,부평구,passenger,business,18465,대,승용>영업용,5498,335,0
202605,시군구,인천,부평구,truck,official,106,대,화물>관용,5498,335,0
202605,시군구,인천,부평구,special,business,293,대,특수>영업용,5498,335,0
202605,시군구,인천,부평구,total,official,338,대,총계>관용,5498,335,1
202605,시군구,인천,부평구,total,business,22776,대,총계>영업용,5498,335,1
202605,시군구,인천,부평구,total,total,235276,대,총계>계,5498,335,1
202605,시군구,인천,부평구,van,official,80,대,승합>관용,5498,335,0
202605,시군구,인천,부평구,truck,business,3135,대,화물>영업용,5498,335,0
202605,시군구,인천,부평구,van,total,4772,대,승합>계,5498,335,1
202605,시군구,인천,부평구,passenger,official,143,대,승용>관용,5498,335,0
202605,시군구,인천,부평구,passenger,private,188879,대,승용>자가용,5498,335,0
202605,시군구,인천,부평구,passenger,total,207487,대,승용>계,5498,335,1
202605,시군구,인천,부평구,special,private,454,대,특수>자가용,5498,335,0
202605,시군구,인천,부평구,van,business,883,대,승합>영업용,5498,335,0
202605,시군구,인천,서구,truck,private,33562,대,화물>자가용,5498,336,0
202605,시군구,인천,서구,special,official,32,대,특수>관용,5498,336,0
202605,시군구,인천,서구,truck,total,40400,대,화물>계,5498,336,1
202605,시군구,인천,서구,total,private,322178,대,총계>자가용,5498,336,1
202605,시군구,인천,서구,van,private,5606,대,승합>자가용,5498,336,0
202605,시군구,인천,서구,special,total,1653,대,특수>계,5498,336,1
202605,시군구,인천,서구,passenger,business,6411,대,승용>영업용,5498,336,0
202605,시군구,인천,서구,truck,official,193,대,화물>관용,5498,336,0
202605,시군구,인천,서구,special,business,779,대,특수>영업용,5498,336,0
202605,시군구,인천,서구,total,official,554,대,총계>관용,5498,336,1
202605,시군구,인천,서구,total,business,15258,대,총계>영업용,5498,336,1
202605,시군구,인천,서구,total,total,337990,대,총계>계,5498,336,1
202605,시군구,인천,서구,van,official,104,대,승합>관용,5498,336,0
202605,시군구,인천,서구,truck,business,6645,대,화물>영업용,5498,336,0
202605,시군구,인천,서구,van,total,7133,대,승합>계,5498,336,1
202605,시군구,인천,서구,passenger,official,225,대,승용>관용,5498,336,0
202605,시군구,인천,서구,passenger,private,282168,대,승용>자가용,5498,336,0
202605,시군구,인천,서구,passenger,total,288804,대,승용>계,5498,336,1
202605,시군구,인천,서구,special,private,842,대,특수>자가용,5498,336,0
202605,시군구,인천,서구,van,business,1423,대,승합>영업용,5498,336,0
202605,시군구,인천,연수구,truck,private,12346,대,화물>자가용,5498,337,0
202605,시군구,인천,연수구,special,official,12,대,특수>관용,5498,337,0
202605,시군구,인천,연수구,truck,total,16145,대,화물>계,5498,337,1
202605,시군구,인천,연수구,total,private,232519,대,총계>자가용,5498,337,1
202605,시군구,인천,연수구,van,private,2812,대,승합>자가용,5498,337,0
202605,시군구,인천,연수구,special,total,1009,대,특수>계,5498,337,1
202605,시군구,인천,연수구,passenger,business,5611,대,승용>영업용,5498,337,0
202605,시군구,인천,연수구,truck,official,138,대,화물>관용,5498,337,0
202605,시군구,인천,연수구,special,business,549,대,특수>영업용,5498,337,0
202605,시군구,인천,연수구,total,official,403,대,총계>관용,5498,337,1
202605,시군구,인천,연수구,total,business,10583,대,총계>영업용,5498,337,1
202605,시군구,인천,연수구,total,total,243505,대,총계>계,5498,337,1
202605,시군구,인천,연수구,van,official,90,대,승합>관용,5498,337,0
202605,시군구,인천,연수구,truck,business,3661,대,화물>영업용,5498,337,0
202605,시군구,인천,연수구,van,total,3664,대,승합>계,5498,337,1
202605,시군구,인천,연수구,passenger,official,163,대,승용>관용,5498,337,0
202605,시군구,인천,연수구,passenger,private,216913,대,승용>자가용,5498,337,0
202605,시군구,인천,연수구,passenger,total,222687,대,승용>계,5498,337,1
202605,시군구,인천,연수구,special,private,448,대,특수>자가용,5498,337,0
202605,시군구,인천,연수구,van,business,762,대,승합>영업용,5498,337,0
202605,시군구,인천,옹진군,truck,private,15965,대,화물>자가용,5498,338,0
202605,시군구,인천,옹진군,special,official,3,대,특수>관용,5498,338,0
202605,시군구,인천,옹진군,truck,total,16150,대,화물>계,5498,338,1
202605,시군구,인천,옹진군,total,private,33749,대,총계>자가용,5498,338,1
202605,시군구,인천,옹진군,van,private,605,대,승합>자가용,5498,338,0
202605,시군구,인천,옹진군,special,total,168,대,특수>계,5498,338,1
202605,시군구,인천,옹진군,passenger,business,61887,대,승용>영업용,5498,338,0
202605,시군구,인천,옹진군,truck,official,126,대,화물>관용,5498,338,0
202605,시군구,인천,옹진군,special,business,14,대,특수>영업용,5498,338,0
202605,시군구,인천,옹진군,total,official,255,대,총계>관용,5498,338,1
202605,시군구,인천,옹진군,total,business,62921,대,총계>영업용,5498,338,1
202605,시군구,인천,옹진군,total,total,96925,대,총계>계,5498,338,1
202605,시군구,인천,옹진군,van,official,51,대,승합>관용,5498,338,0
202605,시군구,인천,옹진군,truck,business,59,대,화물>영업용,5498,338,0
202605,시군구,인천,옹진군,van,total,1617,대,승합>계,5498,338,1
202605,시군구,인천,옹진군,passenger,official,75,대,승용>관용,5498,338,0
202605,시군구,인천,옹진군,passenger,private,17028,대,승용>자가용,5498,338,0
202605,시군구,인천,옹진군,passenger,total,78990,대,승용>계,5498,338,1
202605,시군구,인천,옹진군,special,private,151,대,특수>자가용,5498,338,0
202605,시군구,인천,옹진군,van,business,961,대,승합>영업용,5498,338,0
202605,시군구,인천,중구,truck,private,8471,대,화물>자가용,5498,339,0
202605,시군구,인천,중구,special,official,18,대,특수>관용,5498,339,0
202605,시군구,인천,중구,truck,total,16923,대,화물>계,5498,339,1
202605,시군구,인천,중구,total,private,87516,대,총계>자가용,5498,339,1
202605,시군구,인천,중구,van,private,1723,대,승합>자가용,5498,339,0
202605,시군구,인천,중구,special,total,2054,대,특수>계,5498,339,1
202605,시군구,인천,중구,passenger,business,1006,대,승용>영업용,5498,339,0
202605,시군구,인천,중구,truck,official,193,대,화물>관용,5498,339,0
202605,시군구,인천,중구,special,business,1646,대,특수>영업용,5498,339,0
202605,시군구,인천,중구,total,official,699,대,총계>관용,5498,339,1
202605,시군구,인천,중구,total,business,11703,대,총계>영업용,5498,339,1
202605,시군구,인천,중구,total,total,99918,대,총계>계,5498,339,1
202605,시군구,인천,중구,van,official,156,대,승합>관용,5498,339,0
202605,시군구,인천,중구,truck,business,8259,대,화물>영업용,5498,339,0
202605,시군구,인천,중구,van,total,2671,대,승합>계,5498,339,1
202605,시군구,인천,중구,passenger,official,332,대,승용>관용,5498,339,0
202605,시군구,인천,중구,passenger,private,76932,대,승용>자가용,5498,339,0
202605,시군구,인천,중구,passenger,total,78270,대,승용>계,5498,339,1
202605,시군구,인천,중구,special,private,390,대,특수>자가용,5498,339,0
202605,시군구,인천,중구,van,business,792,대,승합>영업용,5498,339,0
202605,시도,인천,,truck,private,162999,대,화물>자가용,5498,340,0
202605,시도,인천,,special,official,151,대,특수>관용,5498,340,0
202605,시도,인천,,truck,total,200170,대,화물>계,5498,340,1
202605,시도,인천,,total,private,1484379,대,총계>자가용,5498,340,1
202605,시도,인천,,van,private,27083,대,승합>자가용,5498,340,0
202605,시도,인천,,special,total,9585,대,특수>계,5498,340,1
202605,시도,인천,,passenger,business,223632,대,승용>영업용,5498,340,0
202605,시도,인천,,truck,official,1362,대,화물>관용,5498,340,0
202605,시도,인천,,special,business,5368,대,특수>영업용,5498,340,0
202605,시도,인천,,total,official,4473,대,총계>관용,5498,340,1
202605,시도,인천,,total,business,272208,대,총계>영업용,5498,340,1
202605,시도,인천,,total,total,1761060,대,총계>계,5498,340,1
202605,시도,인천,,van,official,1174,대,승합>관용,5498,340,0
202605,시도,인천,,truck,business,35809,대,화물>영업용,5498,340,0
202605,시도,인천,,van,total,35656,대,승합>계,5498,340,1
202605,시도,인천,,passenger,official,1786,대,승용>관용,5498,340,0
202605,시도,인천,,passenger,private,1290231,대,승용>자가용,5498,340,0
202605,시도,인천,,passenger,total,1515649,대,승용>계,5498,340,1
202605,시도,인천,,special,private,4066,대,특수>자가용,5498,340,0
202605,시도,인천,,van,business,7399,대,승합>영업용,5498,340,0
202605,시군구,광주,광산구,truck,private,26123,대,화물>자가용,5498,341,0
202605,시군구,광주,광산구,special,official,29,대,특수>관용,5498,341,0
202605,시군구,광주,광산구,truck,total,34250,대,화물>계,5498,341,1
202605,시군구,광주,광산구,total,private,206133,대,총계>자가용,5498,341,1
202605,시군구,광주,광산구,van,private,3847,대,승합>자가용,5498,341,0
202605,시군구,광주,광산구,special,total,1759,대,특수>계,5498,341,1
202605,시군구,광주,광산구,passenger,business,3904,대,승용>영업용,5498,341,0
202605,시군구,광주,광산구,truck,official,197,대,화물>관용,5498,341,0
202605,시군구,광주,광산구,special,business,933,대,특수>영업용,5498,341,0
202605,시군구,광주,광산구,total,official,607,대,총계>관용,5498,341,1
202605,시군구,광주,광산구,total,business,13158,대,총계>영업용,5498,341,1
202605,시군구,광주,광산구,total,total,219898,대,총계>계,5498,341,1
202605,시군구,광주,광산구,van,official,140,대,승합>관용,5498,341,0
202605,시군구,광주,광산구,truck,business,7930,대,화물>영업용,5498,341,0
202605,시군구,광주,광산구,van,total,4378,대,승합>계,5498,341,1
202605,시군구,광주,광산구,passenger,official,241,대,승용>관용,5498,341,0
202605,시군구,광주,광산구,passenger,private,175366,대,승용>자가용,5498,341,0
202605,시군구,광주,광산구,passenger,total,179511,대,승용>계,5498,341,1
202605,시군구,광주,광산구,special,private,797,대,특수>자가용,5498,341,0
202605,시군구,광주,광산구,van,business,391,대,승합>영업용,5498,341,0
202605,시군구,광주,남구,truck,private,8415,대,화물>자가용,5498,342,0
202605,시군구,광주,남구,special,official,11,대,특수>관용,5498,342,0
202605,시군구,광주,남구,truck,total,9522,대,화물>계,5498,342,1
202605,시군구,광주,남구,total,private,94677,대,총계>자가용,5498,342,1
202605,시군구,광주,남구,van,private,1716,대,승합>자가용,5498,342,0
202605,시군구,광주,남구,special,total,448,대,특수>계,5498,342,1
202605,시군구,광주,남구,passenger,business,855,대,승용>영업용,5498,342,0
202605,시군구,광주,남구,truck,official,88,대,화물>관용,5498,342,0
202605,시군구,광주,남구,special,business,178,대,특수>영업용,5498,342,0
202605,시군구,광주,남구,total,official,241,대,총계>관용,5498,342,1
202605,시군구,광주,남구,total,business,2469,대,총계>영업용,5498,342,1
202605,시군구,광주,남구,total,total,97387,대,총계>계,5498,342,1
202605,시군구,광주,남구,van,official,51,대,승합>관용,5498,342,0
202605,시군구,광주,남구,truck,business,1019,대,화물>영업용,5498,342,0
202605,시군구,광주,남구,van,total,2184,대,승합>계,5498,342,1
202605,시군구,광주,남구,passenger,official,91,대,승용>관용,5498,342,0
202605,시군구,광주,남구,passenger,private,84287,대,승용>자가용,5498,342,0
202605,시군구,광주,남구,passenger,total,85233,대,승용>계,5498,342,1
202605,시군구,광주,남구,special,private,259,대,특수>자가용,5498,342,0
202605,시군구,광주,남구,van,business,417,대,승합>영업용,5498,342,0
202605,시군구,광주,동구,truck,private,4032,대,화물>자가용,5498,343,0
202605,시군구,광주,동구,special,official,10,대,특수>관용,5498,343,0
202605,시군구,광주,동구,truck,total,4523,대,화물>계,5498,343,1
202605,시군구,광주,동구,total,private,47420,대,총계>자가용,5498,343,1
202605,시군구,광주,동구,van,private,837,대,승합>자가용,5498,343,0
202605,시군구,광주,동구,special,total,207,대,특수>계,5498,343,1
202605,시군구,광주,동구,passenger,business,415,대,승용>영업용,5498,343,0
202605,시군구,광주,동구,truck,official,100,대,화물>관용,5498,343,0
202605,시군구,광주,동구,special,business,73,대,특수>영업용,5498,343,0
202605,시군구,광주,동구,total,official,260,대,총계>관용,5498,343,1
202605,시군구,광주,동구,total,business,1004,대,총계>영업용,5498,343,1
202605,시군구,광주,동구,total,total,48684,대,총계>계,5498,343,1
202605,시군구,광주,동구,van,official,55,대,승합>관용,5498,343,0
202605,시군구,광주,동구,truck,business,391,대,화물>영업용,5498,343,0
202605,시군구,광주,동구,van,total,1017,대,승합>계,5498,343,1
202605,시군구,광주,동구,passenger,official,95,대,승용>관용,5498,343,0
202605,시군구,광주,동구,passenger,private,42427,대,승용>자가용,5498,343,0
202605,시군구,광주,동구,passenger,total,42937,대,승용>계,5498,343,1
202605,시군구,광주,동구,special,private,124,대,특수>자가용,5498,343,0
202605,시군구,광주,동구,van,business,125,대,승합>영업용,5498,343,0
202605,시군구,광주,북구,truck,private,22283,대,화물>자가용,5498,344,0
202605,시군구,광주,북구,special,official,19,대,특수>관용,5498,344,0
202605,시군구,광주,북구,truck,total,26137,대,화물>계,5498,344,1
202605,시군구,광주,북구,total,private,200909,대,총계>자가용,5498,344,1
202605,시군구,광주,북구,van,private,3470,대,승합>자가용,5498,344,0
202605,시군구,광주,북구,special,total,1199,대,특수>계,5498,344,1
202605,시군구,광주,북구,passenger,business,4378,대,승용>영업용,5498,344,0
202605,시군구,광주,북구,truck,official,221,대,화물>관용,5498,344,0
202605,시군구,광주,북구,special,business,539,대,특수>영업용,5498,344,0
202605,시군구,광주,북구,total,official,618,대,총계>관용,5498,344,1
202605,시군구,광주,북구,total,business,9552,대,총계>영업용,5498,344,1
202605,시군구,광주,북구,total,total,211079,대,총계>계,5498,344,1
202605,시군구,광주,북구,van,official,197,대,승합>관용,5498,344,0
202605,시군구,광주,북구,truck,business,3633,대,화물>영업용,5498,344,0
202605,시군구,광주,북구,van,total,4669,대,승합>계,5498,344,1
202605,시군구,광주,북구,passenger,official,181,대,승용>관용,5498,344,0
202605,시군구,광주,북구,passenger,private,174515,대,승용>자가용,5498,344,0
202605,시군구,광주,북구,passenger,total,179074,대,승용>계,5498,344,1
202605,시군구,광주,북구,special,private,641,대,특수>자가용,5498,344,0
202605,시군구,광주,북구,van,business,1002,대,승합>영업용,5498,344,0
202605,시군구,광주,서구,truck,private,14660,대,화물>자가용,5498,345,0
202605,시군구,광주,서구,special,official,23,대,특수>관용,5498,345,0
202605,시군구,광주,서구,truck,total,16639,대,화물>계,5498,345,1
202605,시군구,광주,서구,total,private,146256,대,총계>자가용,5498,345,1
202605,시군구,광주,서구,van,private,2730,대,승합>자가용,5498,345,0
202605,시군구,광주,서구,special,total,674,대,특수>계,5498,345,1
202605,시군구,광주,서구,passenger,business,3751,대,승용>영업용,5498,345,0
202605,시군구,광주,서구,truck,official,226,대,화물>관용,5498,345,0
202605,시군구,광주,서구,special,business,210,대,특수>영업용,5498,345,0
202605,시군구,광주,서구,total,official,702,대,총계>관용,5498,345,1
202605,시군구,광주,서구,total,business,6050,대,총계>영업용,5498,345,1
202605,시군구,광주,서구,total,total,153008,대,총계>계,5498,345,1
202605,시군구,광주,서구,van,official,149,대,승합>관용,5498,345,0
202605,시군구,광주,서구,truck,business,1753,대,화물>영업용,5498,345,0
202605,시군구,광주,서구,van,total,3215,대,승합>계,5498,345,1
202605,시군구,광주,서구,passenger,official,304,대,승용>관용,5498,345,0
202605,시군구,광주,서구,passenger,private,128425,대,승용>자가용,5498,345,0
202605,시군구,광주,서구,passenger,total,132480,대,승용>계,5498,345,1
202605,시군구,광주,서구,special,private,441,대,특수>자가용,5498,345,0
202605,시군구,광주,서구,van,business,336,대,승합>영업용,5498,345,0
202605,시도,광주,,truck,private,75513,대,화물>자가용,5498,346,0
202605,시도,광주,,special,official,92,대,특수>관용,5498,346,0
202605,시도,광주,,truck,total,91071,대,화물>계,5498,346,1
202605,시도,광주,,total,private,695395,대,총계>자가용,5498,346,1
202605,시도,광주,,van,private,12600,대,승합>자가용,5498,346,0
202605,시도,광주,,special,total,4287,대,특수>계,5498,346,1
202605,시도,광주,,passenger,business,13303,대,승용>영업용,5498,346,0
202605,시도,광주,,truck,official,832,대,화물>관용,5498,346,0
202605,시도,광주,,special,business,1933,대,특수>영업용,5498,346,0
202605,시도,광주,,total,official,2428,대,총계>관용,5498,346,1
202605,시도,광주,,total,business,32233,대,총계>영업용,5498,346,1
202605,시도,광주,,total,total,730056,대,총계>계,5498,346,1
202605,시도,광주,,van,official,592,대,승합>관용,5498,346,0
202605,시도,광주,,truck,business,14726,대,화물>영업용,5498,346,0
202605,시도,광주,,van,total,15463,대,승합>계,5498,346,1
202605,시도,광주,,passenger,official,912,대,승용>관용,5498,346,0
202605,시도,광주,,passenger,private,605020,대,승용>자가용,5498,346,0
202605,시도,광주,,passenger,total,619235,대,승용>계,5498,346,1
202605,시도,광주,,special,private,2262,대,특수>자가용,5498,346,0
202605,시도,광주,,van,business,2271,대,승합>영업용,5498,346,0
202605,시군구,대전,대덕구,truck,private,13296,대,화물>자가용,5498,347,0
202605,시군구,대전,대덕구,special,official,10,대,특수>관용,5498,347,0
202605,시군구,대전,대덕구,truck,total,17318,대,화물>계,5498,347,1
202605,시군구,대전,대덕구,total,private,87661,대,총계>자가용,5498,347,1
202605,시군구,대전,대덕구,van,private,1802,대,승합>자가용,5498,347,0
202605,시군구,대전,대덕구,special,total,816,대,특수>계,5498,347,1
202605,시군구,대전,대덕구,passenger,business,1868,대,승용>영업용,5498,347,0
202605,시군구,대전,대덕구,truck,official,109,대,화물>관용,5498,347,0
202605,시군구,대전,대덕구,special,business,445,대,특수>영업용,5498,347,0
202605,시군구,대전,대덕구,total,official,247,대,총계>관용,5498,347,1
202605,시군구,대전,대덕구,total,business,6773,대,총계>영업용,5498,347,1
202605,시군구,대전,대덕구,total,total,94681,대,총계>계,5498,347,1
202605,시군구,대전,대덕구,van,official,43,대,승합>관용,5498,347,0
202605,시군구,대전,대덕구,truck,business,3913,대,화물>영업용,5498,347,0
202605,시군구,대전,대덕구,van,total,2392,대,승합>계,5498,347,1
202605,시군구,대전,대덕구,passenger,official,85,대,승용>관용,5498,347,0
202605,시군구,대전,대덕구,passenger,private,72202,대,승용>자가용,5498,347,0
202605,시군구,대전,대덕구,passenger,total,74155,대,승용>계,5498,347,1
202605,시군구,대전,대덕구,special,private,361,대,특수>자가용,5498,347,0
202605,시군구,대전,대덕구,van,business,547,대,승합>영업용,5498,347,0
202605,시군구,대전,동구,truck,private,12532,대,화물>자가용,5498,348,0
202605,시군구,대전,동구,special,official,13,대,특수>관용,5498,348,0
202605,시군구,대전,동구,truck,total,14316,대,화물>계,5498,348,1
202605,시군구,대전,동구,total,private,94034,대,총계>자가용,5498,348,1
202605,시군구,대전,동구,van,private,2066,대,승합>자가용,5498,348,0
202605,시군구,대전,동구,special,total,552,대,특수>계,5498,348,1
202605,시군구,대전,동구,passenger,business,2910,대,승용>영업용,5498,348,0
202605,시군구,대전,동구,truck,official,99,대,화물>관용,5498,348,0
202605,시군구,대전,동구,special,business,224,대,특수>영업용,5498,348,0
202605,시군구,대전,동구,total,official,258,대,총계>관용,5498,348,1
202605,시군구,대전,동구,total,business,5270,대,총계>영업용,5498,348,1
202605,시군구,대전,동구,total,total,99562,대,총계>계,5498,348,1
202605,시군구,대전,동구,van,official,56,대,승합>관용,5498,348,0
202605,시군구,대전,동구,truck,business,1685,대,화물>영업용,5498,348,0
202605,시군구,대전,동구,van,total,2573,대,승합>계,5498,348,1
202605,시군구,대전,동구,passenger,official,90,대,승용>관용,5498,348,0
202605,시군구,대전,동구,passenger,private,79121,대,승용>자가용,5498,348,0
202605,시군구,대전,동구,passenger,total,82121,대,승용>계,5498,348,1
202605,시군구,대전,동구,special,private,315,대,특수>자가용,5498,348,0
202605,시군구,대전,동구,van,business,451,대,승합>영업용,5498,348,0
202605,시군구,대전,서구,truck,private,18058,대,화물>자가용,5498,349,0
202605,시군구,대전,서구,special,official,32,대,특수>관용,5498,349,0
202605,시군구,대전,서구,truck,total,20694,대,화물>계,5498,349,1
202605,시군구,대전,서구,total,private,211709,대,총계>자가용,5498,349,1
202605,시군구,대전,서구,van,private,3674,대,승합>자가용,5498,349,0
202605,시군구,대전,서구,special,total,1052,대,특수>계,5498,349,1
202605,시군구,대전,서구,passenger,business,27708,대,승용>영업용,5498,349,0
202605,시군구,대전,서구,truck,official,209,대,화물>관용,5498,349,0
202605,시군구,대전,서구,special,business,471,대,특수>영업용,5498,349,0
202605,시군구,대전,서구,total,official,860,대,총계>관용,5498,349,1
202605,시군구,대전,서구,total,business,31084,대,총계>영업용,5498,349,1
202605,시군구,대전,서구,total,total,243653,대,총계>계,5498,349,1
202605,시군구,대전,서구,van,official,315,대,승합>관용,5498,349,0
202605,시군구,대전,서구,truck,business,2427,대,화물>영업용,5498,349,0
202605,시군구,대전,서구,van,total,4467,대,승합>계,5498,349,1
202605,시군구,대전,서구,passenger,official,304,대,승용>관용,5498,349,0
202605,시군구,대전,서구,passenger,private,189428,대,승용>자가용,5498,349,0
202605,시군구,대전,서구,passenger,total,217440,대,승용>계,5498,349,1
202605,시군구,대전,서구,special,private,549,대,특수>자가용,5498,349,0
202605,시군구,대전,서구,van,business,478,대,승합>영업용,5498,349,0
202605,시군구,대전,유성구,truck,private,15260,대,화물>자가용,5498,350,0
202605,시군구,대전,유성구,special,official,28,대,특수>관용,5498,350,0
202605,시군구,대전,유성구,truck,total,18148,대,화물>계,5498,350,1
202605,시군구,대전,유성구,total,private,200643,대,총계>자가용,5498,350,1
202605,시군구,대전,유성구,van,private,2815,대,승합>자가용,5498,350,0
202605,시군구,대전,유성구,special,total,1005,대,특수>계,5498,350,1
202605,시군구,대전,유성구,passenger,business,2456,대,승용>영업용,5498,350,0
202605,시군구,대전,유성구,truck,official,442,대,화물>관용,5498,350,0
202605,시군구,대전,유성구,special,business,307,대,특수>영업용,5498,350,0
202605,시군구,대전,유성구,total,official,688,대,총계>관용,5498,350,1
202605,시군구,대전,유성구,total,business,5569,대,총계>영업용,5498,350,1
202605,시군구,대전,유성구,total,total,206900,대,총계>계,5498,350,1
202605,시군구,대전,유성구,van,official,93,대,승합>관용,5498,350,0
202605,시군구,대전,유성구,truck,business,2446,대,화물>영업용,5498,350,0
202605,시군구,대전,유성구,van,total,3268,대,승합>계,5498,350,1
202605,시군구,대전,유성구,passenger,official,125,대,승용>관용,5498,350,0
202605,시군구,대전,유성구,passenger,private,181898,대,승용>자가용,5498,350,0
202605,시군구,대전,유성구,passenger,total,184479,대,승용>계,5498,350,1
202605,시군구,대전,유성구,special,private,670,대,특수>자가용,5498,350,0
202605,시군구,대전,유성구,van,business,360,대,승합>영업용,5498,350,0
202605,시군구,대전,중구,truck,private,11707,대,화물>자가용,5498,351,0
202605,시군구,대전,중구,special,official,8,대,특수>관용,5498,351,0
202605,시군구,대전,중구,truck,total,13945,대,화물>계,5498,351,1
202605,시군구,대전,중구,total,private,99038,대,총계>자가용,5498,351,1
202605,시군구,대전,중구,van,private,2169,대,승합>자가용,5498,351,0
202605,시군구,대전,중구,special,total,589,대,특수>계,5498,351,1
202605,시군구,대전,중구,passenger,business,2346,대,승용>영업용,5498,351,0
202605,시군구,대전,중구,truck,official,76,대,화물>관용,5498,351,0
202605,시군구,대전,중구,special,business,262,대,특수>영업용,5498,351,0
202605,시군구,대전,중구,total,official,234,대,총계>관용,5498,351,1
202605,시군구,대전,중구,total,business,5186,대,총계>영업용,5498,351,1
202605,시군구,대전,중구,total,total,104458,대,총계>계,5498,351,1
202605,시군구,대전,중구,van,official,50,대,승합>관용,5498,351,0
202605,시군구,대전,중구,truck,business,2162,대,화물>영업용,5498,351,0
202605,시군구,대전,중구,van,total,2635,대,승합>계,5498,351,1
202605,시군구,대전,중구,passenger,official,100,대,승용>관용,5498,351,0
202605,시군구,대전,중구,passenger,private,84843,대,승용>자가용,5498,351,0
202605,시군구,대전,중구,passenger,total,87289,대,승용>계,5498,351,1
202605,시군구,대전,중구,special,private,319,대,특수>자가용,5498,351,0
202605,시군구,대전,중구,van,business,416,대,승합>영업용,5498,351,0
202605,시도,대전,,truck,private,70853,대,화물>자가용,5498,352,0
202605,시도,대전,,special,official,91,대,특수>관용,5498,352,0
202605,시도,대전,,truck,total,84421,대,화물>계,5498,352,1
202605,시도,대전,,total,private,693085,대,총계>자가용,5498,352,1
202605,시도,대전,,van,private,12526,대,승합>자가용,5498,352,0
202605,시도,대전,,special,total,4014,대,특수>계,5498,352,1
202605,시도,대전,,passenger,business,37288,대,승용>영업용,5498,352,0
202605,시도,대전,,truck,official,935,대,화물>관용,5498,352,0
202605,시도,대전,,special,business,1709,대,특수>영업용,5498,352,0
202605,시도,대전,,total,official,2287,대,총계>관용,5498,352,1
202605,시도,대전,,total,business,53882,대,총계>영업용,5498,352,1
202605,시도,대전,,total,total,749254,대,총계>계,5498,352,1
202605,시도,대전,,van,official,557,대,승합>관용,5498,352,0
202605,시도,대전,,truck,business,12633,대,화물>영업용,5498,352,0
202605,시도,대전,,van,total,15335,대,승합>계,5498,352,1
202605,시도,대전,,passenger,official,704,대,승용>관용,5498,352,0
202605,시도,대전,,passenger,private,607492,대,승용>자가용,5498,352,0
202605,시도,대전,,passenger,total,645484,대,승용>계,5498,352,1
202605,시도,대전,,special,private,2214,대,특수>자가용,5498,352,0
202605,시도,대전,,van,business,2252,대,승합>영업용,5498,352,0
202605,시군구,울산,남구,truck,private,15910,대,화물>자가용,5498,353,0
202605,시군구,울산,남구,special,official,21,대,특수>관용,5498,353,0
202605,시군구,울산,남구,truck,total,19488,대,화물>계,5498,353,1
202605,시군구,울산,남구,total,private,160137,대,총계>자가용,5498,353,1
202605,시군구,울산,남구,van,private,2463,대,승합>자가용,5498,353,0
202605,시군구,울산,남구,special,total,1004,대,특수>계,5498,353,1
202605,시군구,울산,남구,passenger,business,2806,대,승용>영업용,5498,353,0
202605,시군구,울산,남구,truck,official,245,대,화물>관용,5498,353,0
202605,시군구,울산,남구,special,business,616,대,특수>영업용,5498,353,0
202605,시군구,울산,남구,total,official,830,대,총계>관용,5498,353,1
202605,시군구,울산,남구,total,business,7335,대,총계>영업용,5498,353,1
202605,시군구,울산,남구,total,total,168302,대,총계>계,5498,353,1
202605,시군구,울산,남구,van,official,219,대,승합>관용,5498,353,0
202605,시군구,울산,남구,truck,business,3333,대,화물>영업용,5498,353,0
202605,시군구,울산,남구,van,total,3262,대,승합>계,5498,353,1
202605,시군구,울산,남구,passenger,official,345,대,승용>관용,5498,353,0
202605,시군구,울산,남구,passenger,private,141397,대,승용>자가용,5498,353,0
202605,시군구,울산,남구,passenger,total,144548,대,승용>계,5498,353,1
202605,시군구,울산,남구,special,private,367,대,특수>자가용,5498,353,0
202605,시군구,울산,남구,van,business,580,대,승합>영업용,5498,353,0
202605,시군구,울산,동구,truck,private,4645,대,화물>자가용,5498,354,0
202605,시군구,울산,동구,special,official,7,대,특수>관용,5498,354,0
202605,시군구,울산,동구,truck,total,5059,대,화물>계,5498,354,1
202605,시군구,울산,동구,total,private,64584,대,총계>자가용,5498,354,1
202605,시군구,울산,동구,van,private,1073,대,승합>자가용,5498,354,0
202605,시군구,울산,동구,special,total,231,대,특수>계,5498,354,1
202605,시군구,울산,동구,passenger,business,712,대,승용>영업용,5498,354,0
202605,시군구,울산,동구,truck,official,74,대,화물>관용,5498,354,0
202605,시군구,울산,동구,special,business,64,대,특수>영업용,5498,354,0
202605,시군구,울산,동구,total,official,197,대,총계>관용,5498,354,1
202605,시군구,울산,동구,total,business,1264,대,총계>영업용,5498,354,1
202605,시군구,울산,동구,total,total,66045,대,총계>계,5498,354,1
202605,시군구,울산,동구,van,official,42,대,승합>관용,5498,354,0
202605,시군구,울산,동구,truck,business,340,대,화물>영업용,5498,354,0
202605,시군구,울산,동구,van,total,1263,대,승합>계,5498,354,1
202605,시군구,울산,동구,passenger,official,74,대,승용>관용,5498,354,0
202605,시군구,울산,동구,passenger,private,58706,대,승용>자가용,5498,354,0
202605,시군구,울산,동구,passenger,total,59492,대,승용>계,5498,354,1
202605,시군구,울산,동구,special,private,160,대,특수>자가용,5498,354,0
202605,시군구,울산,동구,van,business,148,대,승합>영업용,5498,354,0
202605,시군구,울산,북구,truck,private,11302,대,화물>자가용,5498,355,0
202605,시군구,울산,북구,special,official,10,대,특수>관용,5498,355,0
202605,시군구,울산,북구,truck,total,13063,대,화물>계,5498,355,1
202605,시군구,울산,북구,total,private,125019,대,총계>자가용,5498,355,1
202605,시군구,울산,북구,van,private,1856,대,승합>자가용,5498,355,0
202605,시군구,울산,북구,special,total,648,대,특수>계,5498,355,1
202605,시군구,울산,북구,passenger,business,1522,대,승용>영업용,5498,355,0
202605,시군구,울산,북구,truck,official,91,대,화물>관용,5498,355,0
202605,시군구,울산,북구,special,business,339,대,특수>영업용,5498,355,0
202605,시군구,울산,북구,total,official,233,대,총계>관용,5498,355,1
202605,시군구,울산,북구,total,business,3860,대,총계>영업용,5498,355,1
202605,시군구,울산,북구,total,total,129112,대,총계>계,5498,355,1
202605,시군구,울산,북구,van,official,37,대,승합>관용,5498,355,0
202605,시군구,울산,북구,truck,business,1670,대,화물>영업용,5498,355,0
202605,시군구,울산,북구,van,total,2222,대,승합>계,5498,355,1
202605,시군구,울산,북구,passenger,official,95,대,승용>관용,5498,355,0
202605,시군구,울산,북구,passenger,private,111562,대,승용>자가용,5498,355,0
202605,시군구,울산,북구,passenger,total,113179,대,승용>계,5498,355,1
202605,시군구,울산,북구,special,private,299,대,특수>자가용,5498,355,0
202605,시군구,울산,북구,van,business,329,대,승합>영업용,5498,355,0
202605,시군구,울산,울주군,truck,private,21140,대,화물>자가용,5498,356,0
202605,시군구,울산,울주군,special,official,15,대,특수>관용,5498,356,0
202605,시군구,울산,울주군,truck,total,25553,대,화물>계,5498,356,1
202605,시군구,울산,울주군,total,private,135825,대,총계>자가용,5498,356,1
202605,시군구,울산,울주군,van,private,2421,대,승합>자가용,5498,356,0
202605,시군구,울산,울주군,special,total,1540,대,특수>계,5498,356,1
202605,시군구,울산,울주군,passenger,business,1251,대,승용>영업용,5498,356,0
202605,시군구,울산,울주군,truck,official,174,대,화물>관용,5498,356,0
202605,시군구,울산,울주군,special,business,1030,대,특수>영업용,5498,356,0
202605,시군구,울산,울주군,total,official,457,대,총계>관용,5498,356,1
202605,시군구,울산,울주군,total,business,7202,대,총계>영업용,5498,356,1
202605,시군구,울산,울주군,total,total,143484,대,총계>계,5498,356,1
202605,시군구,울산,울주군,van,official,95,대,승합>관용,5498,356,0
202605,시군구,울산,울주군,truck,business,4239,대,화물>영업용,5498,356,0
202605,시군구,울산,울주군,van,total,3198,대,승합>계,5498,356,1
202605,시군구,울산,울주군,passenger,official,173,대,승용>관용,5498,356,0
202605,시군구,울산,울주군,passenger,private,111769,대,승용>자가용,5498,356,0
202605,시군구,울산,울주군,passenger,total,113193,대,승용>계,5498,356,1
202605,시군구,울산,울주군,special,private,495,대,특수>자가용,5498,356,0
202605,시군구,울산,울주군,van,business,682,대,승합>영업용,5498,356,0
202605,시군구,울산,중구,truck,private,9710,대,화물>자가용,5498,357,0
202605,시군구,울산,중구,special,official,6,대,특수>관용,5498,357,0
202605,시군구,울산,중구,truck,total,10739,대,화물>계,5498,357,1
202605,시군구,울산,중구,total,private,103113,대,총계>자가용,5498,357,1
202605,시군구,울산,중구,van,private,1693,대,승합>자가용,5498,357,0
202605,시군구,울산,중구,special,total,564,대,특수>계,5498,357,1
202605,시군구,울산,중구,passenger,business,1104,대,승용>영업용,5498,357,0
202605,시군구,울산,중구,truck,official,89,대,화물>관용,5498,357,0
202605,시군구,울산,중구,special,business,276,대,특수>영업용,5498,357,0
202605,시군구,울산,중구,total,official,350,대,총계>관용,5498,357,1
202605,시군구,울산,중구,total,business,2618,대,총계>영업용,5498,357,1
202605,시군구,울산,중구,total,total,106081,대,총계>계,5498,357,1
202605,시군구,울산,중구,van,official,103,대,승합>관용,5498,357,0
202605,시군구,울산,중구,truck,business,940,대,화물>영업용,5498,357,0
202605,시군구,울산,중구,van,total,2094,대,승합>계,5498,357,1
202605,시군구,울산,중구,passenger,official,152,대,승용>관용,5498,357,0
202605,시군구,울산,중구,passenger,private,91428,대,승용>자가용,5498,357,0
202605,시군구,울산,중구,passenger,total,92684,대,승용>계,5498,357,1
202605,시군구,울산,중구,special,private,282,대,특수>자가용,5498,357,0
202605,시군구,울산,중구,van,business,298,대,승합>영업용,5498,357,0
202605,시도,울산,,truck,private,62707,대,화물>자가용,5498,358,0
202605,시도,울산,,special,official,59,대,특수>관용,5498,358,0
202605,시도,울산,,truck,total,73902,대,화물>계,5498,358,1
202605,시도,울산,,total,private,588678,대,총계>자가용,5498,358,1
202605,시도,울산,,van,private,9506,대,승합>자가용,5498,358,0
202605,시도,울산,,special,total,3987,대,특수>계,5498,358,1
202605,시도,울산,,passenger,business,7395,대,승용>영업용,5498,358,0
202605,시도,울산,,truck,official,673,대,화물>관용,5498,358,0
202605,시도,울산,,special,business,2325,대,특수>영업용,5498,358,0
202605,시도,울산,,total,official,2067,대,총계>관용,5498,358,1
202605,시도,울산,,total,business,22279,대,총계>영업용,5498,358,1
202605,시도,울산,,total,total,613024,대,총계>계,5498,358,1
202605,시도,울산,,van,official,496,대,승합>관용,5498,358,0
202605,시도,울산,,truck,business,10522,대,화물>영업용,5498,358,0
202605,시도,울산,,van,total,12039,대,승합>계,5498,358,1
202605,시도,울산,,passenger,official,839,대,승용>관용,5498,358,0
202605,시도,울산,,passenger,private,514862,대,승용>자가용,5498,358,0
202605,시도,울산,,passenger,total,523096,대,승용>계,5498,358,1
202605,시도,울산,,special,private,1603,대,특수>자가용,5498,358,0
202605,시도,울산,,van,business,2037,대,승합>영업용,5498,358,0
202605,시군구,세종,세종특별자치시,truck,private,14693,대,화물>자가용,5498,359,0
202605,시군구,세종,세종특별자치시,special,official,244,대,특수>관용,5498,359,0
202605,시군구,세종,세종특별자치시,truck,total,16998,대,화물>계,5498,359,1
202605,시군구,세종,세종특별자치시,total,private,198363,대,총계>자가용,5498,359,1
202605,시군구,세종,세종특별자치시,van,private,2837,대,승합>자가용,5498,359,0
202605,시군구,세종,세종특별자치시,special,total,1065,대,특수>계,5498,359,1
202605,시군구,세종,세종특별자치시,passenger,business,3438,대,승용>영업용,5498,359,0
202605,시군구,세종,세종특별자치시,truck,official,273,대,화물>관용,5498,359,0
202605,시군구,세종,세종특별자치시,special,business,163,대,특수>영업용,5498,359,0
202605,시군구,세종,세종특별자치시,total,official,1110,대,총계>관용,5498,359,1
202605,시군구,세종,세종특별자치시,total,business,6260,대,총계>영업용,5498,359,1
202605,시군구,세종,세종특별자치시,total,total,205733,대,총계>계,5498,359,1
202605,시군구,세종,세종특별자치시,van,official,230,대,승합>관용,5498,359,0
202605,시군구,세종,세종특별자치시,truck,business,2032,대,화물>영업용,5498,359,0
202605,시군구,세종,세종특별자치시,van,total,3694,대,승합>계,5498,359,1
202605,시군구,세종,세종특별자치시,passenger,official,363,대,승용>관용,5498,359,0
202605,시군구,세종,세종특별자치시,passenger,private,180175,대,승용>자가용,5498,359,0
202605,시군구,세종,세종특별자치시,passenger,total,183976,대,승용>계,5498,359,1
202605,시군구,세종,세종특별자치시,special,private,658,대,특수>자가용,5498,359,0
202605,시군구,세종,세종특별자치시,van,business,627,대,승합>영업용,5498,359,0
202605,시도,세종,,truck,private,14693,대,화물>자가용,5498,360,0
202605,시도,세종,,special,official,244,대,특수>관용,5498,360,0
202605,시도,세종,,truck,total,16998,대,화물>계,5498,360,1
202605,시도,세종,,total,private,198363,대,총계>자가용,5498,360,1
202605,시도,세종,,van,private,2837,대,승합>자가용,5498,360,0
202605,시도,세종,,special,total,1065,대,특수>계,5498,360,1
202605,시도,세종,,passenger,business,3438,대,승용>영업용,5498,360,0
202605,시도,세종,,truck,official,273,대,화물>관용,5498,360,0
202605,시도,세종,,special,business,163,대,특수>영업용,5498,360,0
202605,시도,세종,,total,official,1110,대,총계>관용,5498,360,1
202605,시도,세종,,total,business,6260,대,총계>영업용,5498,360,1
202605,시도,세종,,total,total,205733,대,총계>계,5498,360,1
202605,시도,세종,,van,official,230,대,승합>관용,5498,360,0
202605,시도,세종,,truck,business,2032,대,화물>영업용,5498,360,0
202605,시도,세종,,van,total,3694,대,승합>계,5498,360,1
202605,시도,세종,,passenger,official,363,대,승용>관용,5498,360,0
202605,시도,세종,,passenger,private,180175,대,승용>자가용,5498,360,0
202605,시도,세종,,passenger,total,183976,대,승용>계,5498,360,1
202605,시도,세종,,special,private,658,대,특수>자가용,5498,360,0
202605,시도,세종,,van,business,627,대,승합>영업용,5498,360,0
202605,시군구,경기,가평군,truck,private,6579,대,화물>자가용,5498,361,0
202605,시군구,경기,가평군,special,official,24,대,특수>관용,5498,361,0
202605,시군구,경기,가평군,truck,total,6973,대,화물>계,5498,361,1
202605,시군구,경기,가평군,total,private,33695,대,총계>자가용,5498,361,1
202605,시군구,경기,가평군,van,private,983,대,승합>자가용,5498,361,0
202605,시군구,경기,가평군,special,total,223,대,특수>계,5498,361,1
202605,시군구,경기,가평군,passenger,business,158,대,승용>영업용,5498,361,0
202605,시군구,경기,가평군,truck,official,157,대,화물>관용,5498,361,0
202605,시군구,경기,가평군,special,business,49,대,특수>영업용,5498,361,0
202605,시군구,경기,가평군,total,official,423,대,총계>관용,5498,361,1
202605,시군구,경기,가평군,total,business,601,대,총계>영업용,5498,361,1
202605,시군구,경기,가평군,total,total,34719,대,총계>계,5498,361,1
202605,시군구,경기,가평군,van,official,75,대,승합>관용,5498,361,0
202605,시군구,경기,가평군,truck,business,237,대,화물>영업용,5498,361,0
202605,시군구,경기,가평군,van,total,1215,대,승합>계,5498,361,1
202605,시군구,경기,가평군,passenger,official,167,대,승용>관용,5498,361,0
202605,시군구,경기,가평군,passenger,private,25983,대,승용>자가용,5498,361,0
202605,시군구,경기,가평군,passenger,total,26308,대,승용>계,5498,361,1
202605,시군구,경기,가평군,special,private,150,대,특수>자가용,5498,361,0
202605,시군구,경기,가평군,van,business,157,대,승합>영업용,5498,361,0
202605,시군구,경기,고양시 덕양구,truck,private,18461,대,화물>자가용,5498,362,0
202605,시군구,경기,고양시 덕양구,special,official,23,대,특수>관용,5498,362,0
202605,시군구,경기,고양시 덕양구,truck,total,21444,대,화물>계,5498,362,1
202605,시군구,경기,고양시 덕양구,total,private,195867,대,총계>자가용,5498,362,1
202605,시군구,경기,고양시 덕양구,van,private,3533,대,승합>자가용,5498,362,0
202605,시군구,경기,고양시 덕양구,special,total,721,대,특수>계,5498,362,1
202605,시군구,경기,고양시 덕양구,passenger,business,1881,대,승용>영업용,5498,362,0
202605,시군구,경기,고양시 덕양구,truck,official,200,대,화물>관용,5498,362,0
202605,시군구,경기,고양시 덕양구,special,business,220,대,특수>영업용,5498,362,0
202605,시군구,경기,고양시 덕양구,total,official,699,대,총계>관용,5498,362,1
202605,시군구,경기,고양시 덕양구,total,business,5357,대,총계>영업용,5498,362,1
202605,시군구,경기,고양시 덕양구,total,total,201923,대,총계>계,5498,362,1
202605,시군구,경기,고양시 덕양구,van,official,154,대,승합>관용,5498,362,0
202605,시군구,경기,고양시 덕양구,truck,business,2783,대,화물>영업용,5498,362,0
202605,시군구,경기,고양시 덕양구,van,total,4160,대,승합>계,5498,362,1
202605,시군구,경기,고양시 덕양구,passenger,official,322,대,승용>관용,5498,362,0
202605,시군구,경기,고양시 덕양구,passenger,private,173395,대,승용>자가용,5498,362,0
202605,시군구,경기,고양시 덕양구,passenger,total,175598,대,승용>계,5498,362,1
202605,시군구,경기,고양시 덕양구,special,private,478,대,특수>자가용,5498,362,0
202605,시군구,경기,고양시 덕양구,van,business,473,대,승합>영업용,5498,362,0
202605,시군구,경기,고양시 일산동구,truck,private,12966,대,화물>자가용,5498,363,0
202605,시군구,경기,고양시 일산동구,special,official,14,대,특수>관용,5498,363,0
202605,시군구,경기,고양시 일산동구,truck,total,15163,대,화물>계,5498,363,1
202605,시군구,경기,고양시 일산동구,total,private,133250,대,총계>자가용,5498,363,1
202605,시군구,경기,고양시 일산동구,van,private,2161,대,승합>자가용,5498,363,0
202605,시군구,경기,고양시 일산동구,special,total,578,대,특수>계,5498,363,1
202605,시군구,경기,고양시 일산동구,passenger,business,3497,대,승용>영업용,5498,363,0
202605,시군구,경기,고양시 일산동구,truck,official,78,대,화물>관용,5498,363,0
202605,시군구,경기,고양시 일산동구,special,business,167,대,특수>영업용,5498,363,0
202605,시군구,경기,고양시 일산동구,total,official,281,대,총계>관용,5498,363,1
202605,시군구,경기,고양시 일산동구,total,business,6382,대,총계>영업용,5498,363,1
202605,시군구,경기,고양시 일산동구,total,total,139913,대,총계>계,5498,363,1
202605,시군구,경기,고양시 일산동구,van,official,79,대,승합>관용,5498,363,0
202605,시군구,경기,고양시 일산동구,truck,business,2119,대,화물>영업용,5498,363,0
202605,시군구,경기,고양시 일산동구,van,total,2839,대,승합>계,5498,363,1
202605,시군구,경기,고양시 일산동구,passenger,official,110,대,승용>관용,5498,363,0
202605,시군구,경기,고양시 일산동구,passenger,private,117726,대,승용>자가용,5498,363,0
202605,시군구,경기,고양시 일산동구,passenger,total,121333,대,승용>계,5498,363,1
202605,시군구,경기,고양시 일산동구,special,private,397,대,특수>자가용,5498,363,0
202605,시군구,경기,고양시 일산동구,van,business,599,대,승합>영업용,5498,363,0
202605,시군구,경기,고양시 일산서구,truck,private,8792,대,화물>자가용,5498,364,0
202605,시군구,경기,고양시 일산서구,special,official,2,대,특수>관용,5498,364,0
202605,시군구,경기,고양시 일산서구,truck,total,10339,대,화물>계,5498,364,1
202605,시군구,경기,고양시 일산서구,total,private,114609,대,총계>자가용,5498,364,1
202605,시군구,경기,고양시 일산서구,van,private,1875,대,승합>자가용,5498,364,0
202605,시군구,경기,고양시 일산서구,special,total,385,대,특수>계,5498,364,1
202605,시군구,경기,고양시 일산서구,passenger,business,2348,대,승용>영업용,5498,364,0
202605,시군구,경기,고양시 일산서구,truck,official,36,대,화물>관용,5498,364,0
202605,시군구,경기,고양시 일산서구,special,business,155,대,특수>영업용,5498,364,0
202605,시군구,경기,고양시 일산서구,total,official,133,대,총계>관용,5498,364,1
202605,시군구,경기,고양시 일산서구,total,business,4572,대,총계>영업용,5498,364,1
202605,시군구,경기,고양시 일산서구,total,total,119314,대,총계>계,5498,364,1
202605,시군구,경기,고양시 일산서구,van,official,20,대,승합>관용,5498,364,0
202605,시군구,경기,고양시 일산서구,truck,business,1511,대,화물>영업용,5498,364,0
202605,시군구,경기,고양시 일산서구,van,total,2453,대,승합>계,5498,364,1
202605,시군구,경기,고양시 일산서구,passenger,official,75,대,승용>관용,5498,364,0
202605,시군구,경기,고양시 일산서구,passenger,private,103714,대,승용>자가용,5498,364,0
202605,시군구,경기,고양시 일산서구,passenger,total,106137,대,승용>계,5498,364,1
202605,시군구,경기,고양시 일산서구,special,private,228,대,특수>자가용,5498,364,0
202605,시군구,경기,고양시 일산서구,van,business,558,대,승합>영업용,5498,364,0
202605,시군구,경기,과천시,truck,private,1963,대,화물>자가용,5498,365,0
202605,시군구,경기,과천시,special,official,15,대,특수>관용,5498,365,0
202605,시군구,경기,과천시,truck,total,2692,대,화물>계,5498,365,1
202605,시군구,경기,과천시,total,private,32105,대,총계>자가용,5498,365,1
202605,시군구,경기,과천시,van,private,473,대,승합>자가용,5498,365,0
202605,시군구,경기,과천시,special,total,127,대,특수>계,5498,365,1
202605,시군구,경기,과천시,passenger,business,320,대,승용>영업용,5498,365,0
202605,시군구,경기,과천시,truck,official,128,대,화물>관용,5498,365,0
202605,시군구,경기,과천시,special,business,17,대,특수>영업용,5498,365,0
202605,시군구,경기,과천시,total,official,714,대,총계>관용,5498,365,1
202605,시군구,경기,과천시,total,business,981,대,총계>영업용,5498,365,1
202605,시군구,경기,과천시,total,total,33800,대,총계>계,5498,365,1
202605,시군구,경기,과천시,van,official,97,대,승합>관용,5498,365,0
202605,시군구,경기,과천시,truck,business,601,대,화물>영업용,5498,365,0
202605,시군구,경기,과천시,van,total,613,대,승합>계,5498,365,1
202605,시군구,경기,과천시,passenger,official,474,대,승용>관용,5498,365,0
202605,시군구,경기,과천시,passenger,private,29574,대,승용>자가용,5498,365,0
202605,시군구,경기,과천시,passenger,total,30368,대,승용>계,5498,365,1
202605,시군구,경기,과천시,special,private,95,대,특수>자가용,5498,365,0
202605,시군구,경기,과천시,van,business,43,대,승합>영업용,5498,365,0
202605,시군구,경기,광명시,truck,private,10072,대,화물>자가용,5498,366,0
202605,시군구,경기,광명시,special,official,11,대,특수>관용,5498,366,0
202605,시군구,경기,광명시,truck,total,12582,대,화물>계,5498,366,1
202605,시군구,경기,광명시,total,private,112156,대,총계>자가용,5498,366,1
202605,시군구,경기,광명시,van,private,2121,대,승합>자가용,5498,366,0
202605,시군구,경기,광명시,special,total,475,대,특수>계,5498,366,1
202605,시군구,경기,광명시,passenger,business,1589,대,승용>영업용,5498,366,0
202605,시군구,경기,광명시,truck,official,114,대,화물>관용,5498,366,0
202605,시군구,경기,광명시,special,business,220,대,특수>영업용,5498,366,0
202605,시군구,경기,광명시,total,official,334,대,총계>관용,5498,366,1
202605,시군구,경기,광명시,total,business,4610,대,총계>영업용,5498,366,1
202605,시군구,경기,광명시,total,total,117100,대,총계>계,5498,366,1
202605,시군구,경기,광명시,van,official,66,대,승합>관용,5498,366,0
202605,시군구,경기,광명시,truck,business,2396,대,화물>영업용,5498,366,0
202605,시군구,경기,광명시,van,total,2592,대,승합>계,5498,366,1
202605,시군구,경기,광명시,passenger,official,143,대,승용>관용,5498,366,0
202605,시군구,경기,광명시,passenger,private,99719,대,승용>자가용,5498,366,0
202605,시군구,경기,광명시,passenger,total,101451,대,승용>계,5498,366,1
202605,시군구,경기,광명시,special,private,244,대,특수>자가용,5498,366,0
202605,시군구,경기,광명시,van,business,405,대,승합>영업용,5498,366,0
202605,시군구,경기,광주시,truck,private,30014,대,화물>자가용,5498,367,0
202605,시군구,경기,광주시,special,official,17,대,특수>관용,5498,367,0
202605,시군구,경기,광주시,truck,total,35840,대,화물>계,5498,367,1
202605,시군구,경기,광주시,total,private,210294,대,총계>자가용,5498,367,1
202605,시군구,경기,광주시,van,private,4296,대,승합>자가용,5498,367,0
202605,시군구,경기,광주시,special,total,1163,대,특수>계,5498,367,1
202605,시군구,경기,광주시,passenger,business,858,대,승용>영업용,5498,367,0
202605,시군구,경기,광주시,truck,official,124,대,화물>관용,5498,367,0
202605,시군구,경기,광주시,special,business,373,대,특수>영업용,5498,367,0
202605,시군구,경기,광주시,total,official,445,대,총계>관용,5498,367,1
202605,시군구,경기,광주시,total,business,9212,대,총계>영업용,5498,367,1
202605,시군구,경기,광주시,total,total,219951,대,총계>계,5498,367,1
202605,시군구,경기,광주시,van,official,90,대,승합>관용,5498,367,0
202605,시군구,경기,광주시,truck,business,5702,대,화물>영업용,5498,367,0
202605,시군구,경기,광주시,van,total,6665,대,승합>계,5498,367,1
202605,시군구,경기,광주시,passenger,official,214,대,승용>관용,5498,367,0
202605,시군구,경기,광주시,passenger,private,175211,대,승용>자가용,5498,367,0
202605,시군구,경기,광주시,passenger,total,176283,대,승용>계,5498,367,1
202605,시군구,경기,광주시,special,private,773,대,특수>자가용,5498,367,0
202605,시군구,경기,광주시,van,business,2279,대,승합>영업용,5498,367,0
202605,시군구,경기,구리시,truck,private,8113,대,화물>자가용,5498,368,0
202605,시군구,경기,구리시,special,official,12,대,특수>관용,5498,368,0
202605,시군구,경기,구리시,truck,total,9804,대,화물>계,5498,368,1
202605,시군구,경기,구리시,total,private,72005,대,총계>자가용,5498,368,1
202605,시군구,경기,구리시,van,private,1344,대,승합>자가용,5498,368,0
202605,시군구,경기,구리시,special,total,359,대,특수>계,5498,368,1
202605,시군구,경기,구리시,passenger,business,1170,대,승용>영업용,5498,368,0
202605,시군구,경기,구리시,truck,official,98,대,화물>관용,5498,368,0
202605,시군구,경기,구리시,special,business,145,대,특수>영업용,5498,368,0
202605,시군구,경기,구리시,total,official,275,대,총계>관용,5498,368,1
202605,시군구,경기,구리시,total,business,3187,대,총계>영업용,5498,368,1
202605,시군구,경기,구리시,total,total,75467,대,총계>계,5498,368,1
202605,시군구,경기,구리시,van,official,65,대,승합>관용,5498,368,0
202605,시군구,경기,구리시,truck,business,1593,대,화물>영업용,5498,368,0
202605,시군구,경기,구리시,van,total,1688,대,승합>계,5498,368,1
202605,시군구,경기,구리시,passenger,official,100,대,승용>관용,5498,368,0
202605,시군구,경기,구리시,passenger,private,62346,대,승용>자가용,5498,368,0
202605,시군구,경기,구리시,passenger,total,63616,대,승용>계,5498,368,1
202605,시군구,경기,구리시,special,private,202,대,특수>자가용,5498,368,0
202605,시군구,경기,구리시,van,business,279,대,승합>영업용,5498,368,0
202605,시군구,경기,군포시,truck,private,8564,대,화물>자가용,5498,369,0
202605,시군구,경기,군포시,special,official,11,대,특수>관용,5498,369,0
202605,시군구,경기,군포시,truck,total,12366,대,화물>계,5498,369,1
202605,시군구,경기,군포시,total,private,96474,대,총계>자가용,5498,369,1
202605,시군구,경기,군포시,van,private,1808,대,승합>자가용,5498,369,0
202605,시군구,경기,군포시,special,total,442,대,특수>계,5498,369,1
202605,시군구,경기,군포시,passenger,business,802,대,승용>영업용,5498,369,0
202605,시군구,경기,군포시,truck,official,89,대,화물>관용,5498,369,0
202605,시군구,경기,군포시,special,business,236,대,특수>영업용,5498,369,0
202605,시군구,경기,군포시,total,official,304,대,총계>관용,5498,369,1
202605,시군구,경기,군포시,total,business,4924,대,총계>영업용,5498,369,1
202605,시군구,경기,군포시,total,total,101702,대,총계>계,5498,369,1
202605,시군구,경기,군포시,van,official,75,대,승합>관용,5498,369,0
202605,시군구,경기,군포시,truck,business,3713,대,화물>영업용,5498,369,0
202605,시군구,경기,군포시,van,total,2056,대,승합>계,5498,369,1
202605,시군구,경기,군포시,passenger,official,129,대,승용>관용,5498,369,0
202605,시군구,경기,군포시,passenger,private,85907,대,승용>자가용,5498,369,0
202605,시군구,경기,군포시,passenger,total,86838,대,승용>계,5498,369,1
202605,시군구,경기,군포시,special,private,195,대,특수>자가용,5498,369,0
202605,시군구,경기,군포시,van,business,173,대,승합>영업용,5498,369,0
202605,시군구,경기,김포시,truck,private,30517,대,화물>자가용,5498,370,0
202605,시군구,경기,김포시,special,official,9,대,특수>관용,5498,370,0
202605,시군구,경기,김포시,truck,total,35332,대,화물>계,5498,370,1
202605,시군구,경기,김포시,total,private,239250,대,총계>자가용,5498,370,1
202605,시군구,경기,김포시,van,private,4390,대,승합>자가용,5498,370,0
202605,시군구,경기,김포시,special,total,1419,대,특수>계,5498,370,1
202605,시군구,경기,김포시,passenger,business,3449,대,승용>영업용,5498,370,0
202605,시군구,경기,김포시,truck,official,207,대,화물>관용,5498,370,0
202605,시군구,경기,김포시,special,business,657,대,특수>영업용,5498,370,0
202605,시군구,경기,김포시,total,official,587,대,총계>관용,5498,370,1
202605,시군구,경기,김포시,total,business,10423,대,총계>영업용,5498,370,1
202605,시군구,경기,김포시,total,total,250260,대,총계>계,5498,370,1
202605,시군구,경기,김포시,van,official,104,대,승합>관용,5498,370,0
202605,시군구,경기,김포시,truck,business,4608,대,화물>영업용,5498,370,0
202605,시군구,경기,김포시,van,total,6203,대,승합>계,5498,370,1
202605,시군구,경기,김포시,passenger,official,267,대,승용>관용,5498,370,0
202605,시군구,경기,김포시,passenger,private,203590,대,승용>자가용,5498,370,0
202605,시군구,경기,김포시,passenger,total,207306,대,승용>계,5498,370,1
202605,시군구,경기,김포시,special,private,753,대,특수>자가용,5498,370,0
202605,시군구,경기,김포시,van,business,1709,대,승합>영업용,5498,370,0
202605,시군구,경기,남양주시,truck,private,41888,대,화물>자가용,5498,371,0
202605,시군구,경기,남양주시,special,official,29,대,특수>관용,5498,371,0
202605,시군구,경기,남양주시,truck,total,48956,대,화물>계,5498,371,1
202605,시군구,경기,남양주시,total,private,320802,대,총계>자가용,5498,371,1
202605,시군구,경기,남양주시,van,private,6218,대,승합>자가용,5498,371,0
202605,시군구,경기,남양주시,special,total,1677,대,특수>계,5498,371,1
202605,시군구,경기,남양주시,passenger,business,2175,대,승용>영업용,5498,371,0
202605,시군구,경기,남양주시,truck,official,226,대,화물>관용,5498,371,0
202605,시군구,경기,남양주시,special,business,501,대,특수>영업용,5498,371,0
202605,시군구,경기,남양주시,total,official,840,대,총계>관용,5498,371,1
202605,시군구,경기,남양주시,total,business,10528,대,총계>영업용,5498,371,1
202605,시군구,경기,남양주시,total,total,332170,대,총계>계,5498,371,1
202605,시군구,경기,남양주시,van,official,184,대,승합>관용,5498,371,0
202605,시군구,경기,남양주시,truck,business,6842,대,화물>영업용,5498,371,0
202605,시군구,경기,남양주시,van,total,7412,대,승합>계,5498,371,1
202605,시군구,경기,남양주시,passenger,official,401,대,승용>관용,5498,371,0
202605,시군구,경기,남양주시,passenger,private,271549,대,승용>자가용,5498,371,0
202605,시군구,경기,남양주시,passenger,total,274125,대,승용>계,5498,371,1
202605,시군구,경기,남양주시,special,private,1147,대,특수>자가용,5498,371,0
202605,시군구,경기,남양주시,van,business,1010,대,승합>영업용,5498,371,0
202605,시군구,경기,동두천시,truck,private,5273,대,화물>자가용,5498,372,0
202605,시군구,경기,동두천시,special,official,11,대,특수>관용,5498,372,0
202605,시군구,경기,동두천시,truck,total,6040,대,화물>계,5498,372,1
202605,시군구,경기,동두천시,total,private,38609,대,총계>자가용,5498,372,1
202605,시군구,경기,동두천시,van,private,1096,대,승합>자가용,5498,372,0
202605,시군구,경기,동두천시,special,total,185,대,특수>계,5498,372,1
202605,시군구,경기,동두천시,passenger,business,646,대,승용>영업용,5498,372,0
202605,시군구,경기,동두천시,truck,official,81,대,화물>관용,5498,372,0
202605,시군구,경기,동두천시,special,business,50,대,특수>영업용,5498,372,0
202605,시군구,경기,동두천시,total,official,239,대,총계>관용,5498,372,1
202605,시군구,경기,동두천시,total,business,1458,대,총계>영업용,5498,372,1
202605,시군구,경기,동두천시,total,total,40306,대,총계>계,5498,372,1
202605,시군구,경기,동두천시,van,official,44,대,승합>관용,5498,372,0
202605,시군구,경기,동두천시,truck,business,686,대,화물>영업용,5498,372,0
202605,시군구,경기,동두천시,van,total,1216,대,승합>계,5498,372,1
202605,시군구,경기,동두천시,passenger,official,103,대,승용>관용,5498,372,0
202605,시군구,경기,동두천시,passenger,private,32116,대,승용>자가용,5498,372,0
202605,시군구,경기,동두천시,passenger,total,32865,대,승용>계,5498,372,1
202605,시군구,경기,동두천시,special,private,124,대,특수>자가용,5498,372,0
202605,시군구,경기,동두천시,van,business,76,대,승합>영업용,5498,372,0
202605,시군구,경기,부천시,truck,private,130,대,화물>자가용,5498,373,0
202605,시군구,경기,부천시,special,official,0,대,특수>관용,5498,373,0
202605,시군구,경기,부천시,truck,total,135,대,화물>계,5498,373,1
202605,시군구,경기,부천시,total,private,269,대,총계>자가용,5498,373,1
202605,시군구,경기,부천시,van,private,38,대,승합>자가용,5498,373,0
202605,시군구,경기,부천시,special,total,1,대,특수>계,5498,373,1
202605,시군구,경기,부천시,passenger,business,1,대,승용>영업용,5498,373,0
202605,시군구,경기,부천시,truck,official,0,대,화물>관용,5498,373,0
202605,시군구,경기,부천시,special,business,1,대,특수>영업용,5498,373,0
202605,시군구,경기,부천시,total,official,4,대,총계>관용,5498,373,1
202605,시군구,경기,부천시,total,business,17,대,총계>영업용,5498,373,1
202605,시군구,경기,부천시,total,total,290,대,총계>계,5498,373,1
202605,시군구,경기,부천시,van,official,0,대,승합>관용,5498,373,0
202605,시군구,경기,부천시,truck,business,5,대,화물>영업용,5498,373,0
202605,시군구,경기,부천시,van,total,48,대,승합>계,5498,373,1
202605,시군구,경기,부천시,passenger,official,4,대,승용>관용,5498,373,0
202605,시군구,경기,부천시,passenger,private,101,대,승용>자가용,5498,373,0
202605,시군구,경기,부천시,passenger,total,106,대,승용>계,5498,373,1
202605,시군구,경기,부천시,special,private,0,대,특수>자가용,5498,373,0
202605,시군구,경기,부천시,van,business,10,대,승합>영업용,5498,373,0
202605,시군구,경기,부천시 소사구,truck,private,7923,대,화물>자가용,5498,374,0
202605,시군구,경기,부천시 소사구,special,official,1,대,특수>관용,5498,374,0
202605,시군구,경기,부천시 소사구,truck,total,9234,대,화물>계,5498,374,1
202605,시군구,경기,부천시 소사구,total,private,82963,대,총계>자가용,5498,374,1
202605,시군구,경기,부천시 소사구,van,private,1840,대,승합>자가용,5498,374,0
202605,시군구,경기,부천시 소사구,special,total,363,대,특수>계,5498,374,1
202605,시군구,경기,부천시 소사구,passenger,business,1120,대,승용>영업용,5498,374,0
202605,시군구,경기,부천시 소사구,truck,official,37,대,화물>관용,5498,374,0
202605,시군구,경기,부천시 소사구,special,business,172,대,특수>영업용,5498,374,0
202605,시군구,경기,부천시 소사구,total,official,103,대,총계>관용,5498,374,1
202605,시군구,경기,부천시 소사구,total,business,2677,대,총계>영업용,5498,374,1
202605,시군구,경기,부천시 소사구,total,total,85743,대,총계>계,5498,374,1
202605,시군구,경기,부천시 소사구,van,official,18,대,승합>관용,5498,374,0
202605,시군구,경기,부천시 소사구,truck,business,1274,대,화물>영업용,5498,374,0
202605,시군구,경기,부천시 소사구,van,total,1969,대,승합>계,5498,374,1
202605,시군구,경기,부천시 소사구,passenger,official,47,대,승용>관용,5498,374,0
202605,시군구,경기,부천시 소사구,passenger,private,73010,대,승용>자가용,5498,374,0
202605,시군구,경기,부천시 소사구,passenger,total,74177,대,승용>계,5498,374,1
202605,시군구,경기,부천시 소사구,special,private,190,대,특수>자가용,5498,374,0
202605,시군구,경기,부천시 소사구,van,business,111,대,승합>영업용,5498,374,0
202605,시군구,경기,부천시 오정구,truck,private,9263,대,화물>자가용,5498,375,0
202605,시군구,경기,부천시 오정구,special,official,4,대,특수>관용,5498,375,0
202605,시군구,경기,부천시 오정구,truck,total,11100,대,화물>계,5498,375,1
202605,시군구,경기,부천시 오정구,total,private,63097,대,총계>자가용,5498,375,1
202605,시군구,경기,부천시 오정구,van,private,1624,대,승합>자가용,5498,375,0
202605,시군구,경기,부천시 오정구,special,total,364,대,특수>계,5498,375,1
202605,시군구,경기,부천시 오정구,passenger,business,1500,대,승용>영업용,5498,375,0
202605,시군구,경기,부천시 오정구,truck,official,33,대,화물>관용,5498,375,0
202605,시군구,경기,부천시 오정구,special,business,169,대,특수>영업용,5498,375,0
202605,시군구,경기,부천시 오정구,total,official,106,대,총계>관용,5498,375,1
202605,시군구,경기,부천시 오정구,total,business,3908,대,총계>영업용,5498,375,1
202605,시군구,경기,부천시 오정구,total,total,67111,대,총계>계,5498,375,1
202605,시군구,경기,부천시 오정구,van,official,31,대,승합>관용,5498,375,0
202605,시군구,경기,부천시 오정구,truck,business,1804,대,화물>영업용,5498,375,0
202605,시군구,경기,부천시 오정구,van,total,2090,대,승합>계,5498,375,1
202605,시군구,경기,부천시 오정구,passenger,official,38,대,승용>관용,5498,375,0
202605,시군구,경기,부천시 오정구,passenger,private,52019,대,승용>자가용,5498,375,0
202605,시군구,경기,부천시 오정구,passenger,total,53557,대,승용>계,5498,375,1
202605,시군구,경기,부천시 오정구,special,private,191,대,특수>자가용,5498,375,0
202605,시군구,경기,부천시 오정구,van,business,435,대,승합>영업용,5498,375,0
202605,시군구,경기,부천시 원미구,truck,private,15071,대,화물>자가용,5498,376,0
202605,시군구,경기,부천시 원미구,special,official,24,대,특수>관용,5498,376,0
202605,시군구,경기,부천시 원미구,truck,total,18584,대,화물>계,5498,376,1
202605,시군구,경기,부천시 원미구,total,private,146263,대,총계>자가용,5498,376,1
202605,시군구,경기,부천시 원미구,van,private,3084,대,승합>자가용,5498,376,0
202605,시군구,경기,부천시 원미구,special,total,586,대,특수>계,5498,376,1
202605,시군구,경기,부천시 원미구,passenger,business,2658,대,승용>영업용,5498,376,0
202605,시군구,경기,부천시 원미구,truck,official,154,대,화물>관용,5498,376,0
202605,시군구,경기,부천시 원미구,special,business,193,대,특수>영업용,5498,376,0
202605,시군구,경기,부천시 원미구,total,official,518,대,총계>관용,5498,376,1
202605,시군구,경기,부천시 원미구,total,business,6773,대,총계>영업용,5498,376,1
202605,시군구,경기,부천시 원미구,total,total,153554,대,총계>계,5498,376,1
202605,시군구,경기,부천시 원미구,van,official,146,대,승합>관용,5498,376,0
202605,시군구,경기,부천시 원미구,truck,business,3359,대,화물>영업용,5498,376,0
202605,시군구,경기,부천시 원미구,van,total,3793,대,승합>계,5498,376,1
202605,시군구,경기,부천시 원미구,passenger,official,194,대,승용>관용,5498,376,0
202605,시군구,경기,부천시 원미구,passenger,private,127739,대,승용>자가용,5498,376,0
202605,시군구,경기,부천시 원미구,passenger,total,130591,대,승용>계,5498,376,1
202605,시군구,경기,부천시 원미구,special,private,369,대,특수>자가용,5498,376,0
202605,시군구,경기,부천시 원미구,van,business,563,대,승합>영업용,5498,376,0
202605,시군구,경기,성남시 분당구,truck,private,7305,대,화물>자가용,5498,377,0
202605,시군구,경기,성남시 분당구,special,official,9,대,특수>관용,5498,377,0
202605,시군구,경기,성남시 분당구,truck,total,9365,대,화물>계,5498,377,1
202605,시군구,경기,성남시 분당구,total,private,189597,대,총계>자가용,5498,377,1
202605,시군구,경기,성남시 분당구,van,private,2137,대,승합>자가용,5498,377,0
202605,시군구,경기,성남시 분당구,special,total,512,대,특수>계,5498,377,1
202605,시군구,경기,성남시 분당구,passenger,business,3864,대,승용>영업용,5498,377,0
202605,시군구,경기,성남시 분당구,truck,official,101,대,화물>관용,5498,377,0
202605,시군구,경기,성남시 분당구,special,business,139,대,특수>영업용,5498,377,0
202605,시군구,경기,성남시 분당구,total,official,370,대,총계>관용,5498,377,1
202605,시군구,경기,성남시 분당구,total,business,7389,대,총계>영업용,5498,377,1
202605,시군구,경기,성남시 분당구,total,total,197356,대,총계>계,5498,377,1
202605,시군구,경기,성남시 분당구,van,official,56,대,승합>관용,5498,377,0
202605,시군구,경기,성남시 분당구,truck,business,1959,대,화물>영업용,5498,377,0
202605,시군구,경기,성남시 분당구,van,total,3620,대,승합>계,5498,377,1
202605,시군구,경기,성남시 분당구,passenger,official,204,대,승용>관용,5498,377,0
202605,시군구,경기,성남시 분당구,passenger,private,179791,대,승용>자가용,5498,377,0
202605,시군구,경기,성남시 분당구,passenger,total,183859,대,승용>계,5498,377,1
202605,시군구,경기,성남시 분당구,special,private,364,대,특수>자가용,5498,377,0
202605,시군구,경기,성남시 분당구,van,business,1427,대,승합>영업용,5498,377,0
202605,시군구,경기,성남시 수정구,truck,private,7322,대,화물>자가용,5498,378,0
202605,시군구,경기,성남시 수정구,special,official,3,대,특수>관용,5498,378,0
202605,시군구,경기,성남시 수정구,truck,total,8953,대,화물>계,5498,378,1
202605,시군구,경기,성남시 수정구,total,private,82643,대,총계>자가용,5498,378,1
202605,시군구,경기,성남시 수정구,van,private,1862,대,승합>자가용,5498,378,0
202605,시군구,경기,성남시 수정구,special,total,331,대,특수>계,5498,378,1
202605,시군구,경기,성남시 수정구,passenger,business,1922,대,승용>영업용,5498,378,0
202605,시군구,경기,성남시 수정구,truck,official,81,대,화물>관용,5498,378,0
202605,시군구,경기,성남시 수정구,special,business,157,대,특수>영업용,5498,378,0
202605,시군구,경기,성남시 수정구,total,official,311,대,총계>관용,5498,378,1
202605,시군구,경기,성남시 수정구,total,business,3851,대,총계>영업용,5498,378,1
202605,시군구,경기,성남시 수정구,total,total,86805,대,총계>계,5498,378,1
202605,시군구,경기,성남시 수정구,van,official,63,대,승합>관용,5498,378,0
202605,시군구,경기,성남시 수정구,truck,business,1550,대,화물>영업용,5498,378,0
202605,시군구,경기,성남시 수정구,van,total,2147,대,승합>계,5498,378,1
202605,시군구,경기,성남시 수정구,passenger,official,164,대,승용>관용,5498,378,0
202605,시군구,경기,성남시 수정구,passenger,private,73288,대,승용>자가용,5498,378,0
202605,시군구,경기,성남시 수정구,passenger,total,75374,대,승용>계,5498,378,1
202605,시군구,경기,성남시 수정구,special,private,171,대,특수>자가용,5498,378,0
202605,시군구,경기,성남시 수정구,van,business,222,대,승합>영업용,5498,378,0
202605,시군구,경기,성남시 중원구,truck,private,8384,대,화물>자가용,5498,379,0
202605,시군구,경기,성남시 중원구,special,official,18,대,특수>관용,5498,379,0
202605,시군구,경기,성남시 중원구,truck,total,10100,대,화물>계,5498,379,1
202605,시군구,경기,성남시 중원구,total,private,72633,대,총계>자가용,5498,379,1
202605,시군구,경기,성남시 중원구,van,private,1807,대,승합>자가용,5498,379,0
202605,시군구,경기,성남시 중원구,special,total,353,대,특수>계,5498,379,1
202605,시군구,경기,성남시 중원구,passenger,business,2309,대,승용>영업용,5498,379,0
202605,시군구,경기,성남시 중원구,truck,official,102,대,화물>관용,5498,379,0
202605,시군구,경기,성남시 중원구,special,business,146,대,특수>영업용,5498,379,0
202605,시군구,경기,성남시 중원구,total,official,389,대,총계>관용,5498,379,1
202605,시군구,경기,성남시 중원구,total,business,4380,대,총계>영업용,5498,379,1
202605,시군구,경기,성남시 중원구,total,total,77402,대,총계>계,5498,379,1
202605,시군구,경기,성남시 중원구,van,official,56,대,승합>관용,5498,379,0
202605,시군구,경기,성남시 중원구,truck,business,1614,대,화물>영업용,5498,379,0
202605,시군구,경기,성남시 중원구,van,total,2174,대,승합>계,5498,379,1
202605,시군구,경기,성남시 중원구,passenger,official,213,대,승용>관용,5498,379,0
202605,시군구,경기,성남시 중원구,passenger,private,62253,대,승용>자가용,5498,379,0
202605,시군구,경기,성남시 중원구,passenger,total,64775,대,승용>계,5498,379,1
202605,시군구,경기,성남시 중원구,special,private,189,대,특수>자가용,5498,379,0
202605,시군구,경기,성남시 중원구,van,business,311,대,승합>영업용,5498,379,0
202605,시군구,경기,수원시 권선구,truck,private,19685,대,화물>자가용,5498,380,0
202605,시군구,경기,수원시 권선구,special,official,26,대,특수>관용,5498,380,0
202605,시군구,경기,수원시 권선구,truck,total,23044,대,화물>계,5498,380,1
202605,시군구,경기,수원시 권선구,total,private,219292,대,총계>자가용,5498,380,1
202605,시군구,경기,수원시 권선구,van,private,4083,대,승합>자가용,5498,380,0
202605,시군구,경기,수원시 권선구,special,total,1183,대,특수>계,5498,380,1
202605,시군구,경기,수원시 권선구,passenger,business,5295,대,승용>영업용,5498,380,0
202605,시군구,경기,수원시 권선구,truck,official,159,대,화물>관용,5498,380,0
202605,시군구,경기,수원시 권선구,special,business,540,대,특수>영업용,5498,380,0
202605,시군구,경기,수원시 권선구,total,official,445,대,총계>관용,5498,380,1
202605,시군구,경기,수원시 권선구,total,business,10932,대,총계>영업용,5498,380,1
202605,시군구,경기,수원시 권선구,total,total,230669,대,총계>계,5498,380,1
202605,시군구,경기,수원시 권선구,van,official,156,대,승합>관용,5498,380,0
202605,시군구,경기,수원시 권선구,truck,business,3200,대,화물>영업용,5498,380,0
202605,시군구,경기,수원시 권선구,van,total,6136,대,승합>계,5498,380,1
202605,시군구,경기,수원시 권선구,passenger,official,104,대,승용>관용,5498,380,0
202605,시군구,경기,수원시 권선구,passenger,private,194907,대,승용>자가용,5498,380,0
202605,시군구,경기,수원시 권선구,passenger,total,200306,대,승용>계,5498,380,1
202605,시군구,경기,수원시 권선구,special,private,617,대,특수>자가용,5498,380,0
202605,시군구,경기,수원시 권선구,van,business,1897,대,승합>영업용,5498,380,0
202605,시군구,경기,수원시 영통구,truck,private,6474,대,화물>자가용,5498,381,0
202605,시군구,경기,수원시 영통구,special,official,2,대,특수>관용,5498,381,0
202605,시군구,경기,수원시 영통구,truck,total,7932,대,화물>계,5498,381,1
202605,시군구,경기,수원시 영통구,total,private,154168,대,총계>자가용,5498,381,1
202605,시군구,경기,수원시 영통구,van,private,1814,대,승합>자가용,5498,381,0
202605,시군구,경기,수원시 영통구,special,total,385,대,특수>계,5498,381,1
202605,시군구,경기,수원시 영통구,passenger,business,2154,대,승용>영업용,5498,381,0
202605,시군구,경기,수원시 영통구,truck,official,63,대,화물>관용,5498,381,0
202605,시군구,경기,수원시 영통구,special,business,122,대,특수>영업용,5498,381,0
202605,시군구,경기,수원시 영통구,total,official,428,대,총계>관용,5498,381,1
202605,시군구,경기,수원시 영통구,total,business,3827,대,총계>영업용,5498,381,1
202605,시군구,경기,수원시 영통구,total,total,158423,대,총계>계,5498,381,1
202605,시군구,경기,수원시 영통구,van,official,104,대,승합>관용,5498,381,0
202605,시군구,경기,수원시 영통구,truck,business,1395,대,화물>영업용,5498,381,0
202605,시군구,경기,수원시 영통구,van,total,2074,대,승합>계,5498,381,1
202605,시군구,경기,수원시 영통구,passenger,official,259,대,승용>관용,5498,381,0
202605,시군구,경기,수원시 영통구,passenger,private,145619,대,승용>자가용,5498,381,0
202605,시군구,경기,수원시 영통구,passenger,total,148032,대,승용>계,5498,381,1
202605,시군구,경기,수원시 영통구,special,private,261,대,특수>자가용,5498,381,0
202605,시군구,경기,수원시 영통구,van,business,156,대,승합>영업용,5498,381,0
202605,시군구,경기,수원시 장안구,truck,private,8031,대,화물>자가용,5498,382,0
202605,시군구,경기,수원시 장안구,special,official,18,대,특수>관용,5498,382,0
202605,시군구,경기,수원시 장안구,truck,total,10248,대,화물>계,5498,382,1
202605,시군구,경기,수원시 장안구,total,private,108941,대,총계>자가용,5498,382,1
202605,시군구,경기,수원시 장안구,van,private,2443,대,승합>자가용,5498,382,0
202605,시군구,경기,수원시 장안구,special,total,415,대,특수>계,5498,382,1
202605,시군구,경기,수원시 장안구,passenger,business,1091,대,승용>영업용,5498,382,0
202605,시군구,경기,수원시 장안구,truck,official,100,대,화물>관용,5498,382,0
202605,시군구,경기,수원시 장안구,special,business,120,대,특수>영업용,5498,382,0
202605,시군구,경기,수원시 장안구,total,official,557,대,총계>관용,5498,382,1
202605,시군구,경기,수원시 장안구,total,business,3408,대,총계>영업용,5498,382,1
202605,시군구,경기,수원시 장안구,total,total,112906,대,총계>계,5498,382,1
202605,시군구,경기,수원시 장안구,van,official,134,대,승합>관용,5498,382,0
202605,시군구,경기,수원시 장안구,truck,business,2117,대,화물>영업용,5498,382,0
202605,시군구,경기,수원시 장안구,van,total,2657,대,승합>계,5498,382,1
202605,시군구,경기,수원시 장안구,passenger,official,305,대,승용>관용,5498,382,0
202605,시군구,경기,수원시 장안구,passenger,private,98190,대,승용>자가용,5498,382,0
202605,시군구,경기,수원시 장안구,passenger,total,99586,대,승용>계,5498,382,1
202605,시군구,경기,수원시 장안구,special,private,277,대,특수>자가용,5498,382,0
202605,시군구,경기,수원시 장안구,van,business,80,대,승합>영업용,5498,382,0
202605,시군구,경기,수원시 팔달구,truck,private,6136,대,화물>자가용,5498,383,0
202605,시군구,경기,수원시 팔달구,special,official,16,대,특수>관용,5498,383,0
202605,시군구,경기,수원시 팔달구,truck,total,8285,대,화물>계,5498,383,1
202605,시군구,경기,수원시 팔달구,total,private,82082,대,총계>자가용,5498,383,1
202605,시군구,경기,수원시 팔달구,van,private,2051,대,승합>자가용,5498,383,0
202605,시군구,경기,수원시 팔달구,special,total,284,대,특수>계,5498,383,1
202605,시군구,경기,수원시 팔달구,passenger,business,8910,대,승용>영업용,5498,383,0
202605,시군구,경기,수원시 팔달구,truck,official,93,대,화물>관용,5498,383,0
202605,시군구,경기,수원시 팔달구,special,business,104,대,특수>영업용,5498,383,0
202605,시군구,경기,수원시 팔달구,total,official,397,대,총계>관용,5498,383,1
202605,시군구,경기,수원시 팔달구,total,business,11157,대,총계>영업용,5498,383,1
202605,시군구,경기,수원시 팔달구,total,total,93636,대,총계>계,5498,383,1
202605,시군구,경기,수원시 팔달구,van,official,99,대,승합>관용,5498,383,0
202605,시군구,경기,수원시 팔달구,truck,business,2056,대,화물>영업용,5498,383,0
202605,시군구,경기,수원시 팔달구,van,total,2237,대,승합>계,5498,383,1
202605,시군구,경기,수원시 팔달구,passenger,official,189,대,승용>관용,5498,383,0
202605,시군구,경기,수원시 팔달구,passenger,private,73731,대,승용>자가용,5498,383,0
202605,시군구,경기,수원시 팔달구,passenger,total,82830,대,승용>계,5498,383,1
202605,시군구,경기,수원시 팔달구,special,private,164,대,특수>자가용,5498,383,0
202605,시군구,경기,수원시 팔달구,van,business,87,대,승합>영업용,5498,383,0
202605,시군구,경기,시흥시,truck,private,36706,대,화물>자가용,5498,384,0
202605,시군구,경기,시흥시,special,official,24,대,특수>관용,5498,384,0
202605,시군구,경기,시흥시,truck,total,43265,대,화물>계,5498,384,1
202605,시군구,경기,시흥시,total,private,272064,대,총계>자가용,5498,384,1
202605,시군구,경기,시흥시,van,private,5608,대,승합>자가용,5498,384,0
202605,시군구,경기,시흥시,special,total,1297,대,특수>계,5498,384,1
202605,시군구,경기,시흥시,passenger,business,1940,대,승용>영업용,5498,384,0
202605,시군구,경기,시흥시,truck,official,153,대,화물>관용,5498,384,0
202605,시군구,경기,시흥시,special,business,516,대,특수>영업용,5498,384,0
202605,시군구,경기,시흥시,total,official,461,대,총계>관용,5498,384,1
202605,시군구,경기,시흥시,total,business,9339,대,총계>영업용,5498,384,1
202605,시군구,경기,시흥시,total,total,281864,대,총계>계,5498,384,1
202605,시군구,경기,시흥시,van,official,103,대,승합>관용,5498,384,0
202605,시군구,경기,시흥시,truck,business,6406,대,화물>영업용,5498,384,0
202605,시군구,경기,시흥시,van,total,6188,대,승합>계,5498,384,1
202605,시군구,경기,시흥시,passenger,official,181,대,승용>관용,5498,384,0
202605,시군구,경기,시흥시,passenger,private,228993,대,승용>자가용,5498,384,0
202605,시군구,경기,시흥시,passenger,total,231114,대,승용>계,5498,384,1
202605,시군구,경기,시흥시,special,private,757,대,특수>자가용,5498,384,0
202605,시군구,경기,시흥시,van,business,477,대,승합>영업용,5498,384,0
202605,시군구,경기,안산시 단원구,truck,private,22887,대,화물>자가용,5498,385,0
202605,시군구,경기,안산시 단원구,special,official,13,대,특수>관용,5498,385,0
202605,시군구,경기,안산시 단원구,truck,total,27162,대,화물>계,5498,385,1
202605,시군구,경기,안산시 단원구,total,private,167076,대,총계>자가용,5498,385,1
202605,시군구,경기,안산시 단원구,van,private,4380,대,승합>자가용,5498,385,0
202605,시군구,경기,안산시 단원구,special,total,797,대,특수>계,5498,385,1
202605,시군구,경기,안산시 단원구,passenger,business,12413,대,승용>영업용,5498,385,0
202605,시군구,경기,안산시 단원구,truck,official,228,대,화물>관용,5498,385,0
202605,시군구,경기,안산시 단원구,special,business,311,대,특수>영업용,5498,385,0
202605,시군구,경기,안산시 단원구,total,official,613,대,총계>관용,5498,385,1
202605,시군구,경기,안산시 단원구,total,business,17921,대,총계>영업용,5498,385,1
202605,시군구,경기,안산시 단원구,total,total,185610,대,총계>계,5498,385,1
202605,시군구,경기,안산시 단원구,van,official,142,대,승합>관용,5498,385,0
202605,시군구,경기,안산시 단원구,truck,business,4047,대,화물>영업용,5498,385,0
202605,시군구,경기,안산시 단원구,van,total,5672,대,승합>계,5498,385,1
202605,시군구,경기,안산시 단원구,passenger,official,230,대,승용>관용,5498,385,0
202605,시군구,경기,안산시 단원구,passenger,private,139336,대,승용>자가용,5498,385,0
202605,시군구,경기,안산시 단원구,passenger,total,151979,대,승용>계,5498,385,1
202605,시군구,경기,안산시 단원구,special,private,473,대,특수>자가용,5498,385,0
202605,시군구,경기,안산시 단원구,van,business,1150,대,승합>영업용,5498,385,0
202605,시군구,경기,안산시 상록구,truck,private,17809,대,화물>자가용,5498,386,0
202605,시군구,경기,안산시 상록구,special,official,3,대,특수>관용,5498,386,0
202605,시군구,경기,안산시 상록구,truck,total,20586,대,화물>계,5498,386,1
202605,시군구,경기,안산시 상록구,total,private,143433,대,총계>자가용,5498,386,1
202605,시군구,경기,안산시 상록구,van,private,3427,대,승합>자가용,5498,386,0
202605,시군구,경기,안산시 상록구,special,total,827,대,특수>계,5498,386,1
202605,시군구,경기,안산시 상록구,passenger,business,2014,대,승용>영업용,5498,386,0
202605,시군구,경기,안산시 상록구,truck,official,34,대,화물>관용,5498,386,0
202605,시군구,경기,안산시 상록구,special,business,349,대,특수>영업용,5498,386,0
202605,시군구,경기,안산시 상록구,total,official,154,대,총계>관용,5498,386,1
202605,시군구,경기,안산시 상록구,total,business,5752,대,총계>영업용,5498,386,1
202605,시군구,경기,안산시 상록구,total,total,149339,대,총계>계,5498,386,1
202605,시군구,경기,안산시 상록구,van,official,39,대,승합>관용,5498,386,0
202605,시군구,경기,안산시 상록구,truck,business,2743,대,화물>영업용,5498,386,0
202605,시군구,경기,안산시 상록구,van,total,4112,대,승합>계,5498,386,1
202605,시군구,경기,안산시 상록구,passenger,official,78,대,승용>관용,5498,386,0
202605,시군구,경기,안산시 상록구,passenger,private,121722,대,승용>자가용,5498,386,0
202605,시군구,경기,안산시 상록구,passenger,total,123814,대,승용>계,5498,386,1
202605,시군구,경기,안산시 상록구,special,private,475,대,특수>자가용,5498,386,0
202605,시군구,경기,안산시 상록구,van,business,646,대,승합>영업용,5498,386,0
202605,시군구,경기,안성시,truck,private,19672,대,화물>자가용,5498,387,0
202605,시군구,경기,안성시,special,official,16,대,특수>관용,5498,387,0
202605,시군구,경기,안성시,truck,total,23120,대,화물>계,5498,387,1
202605,시군구,경기,안성시,total,private,122580,대,총계>자가용,5498,387,1
202605,시군구,경기,안성시,van,private,2801,대,승합>자가용,5498,387,0
202605,시군구,경기,안성시,special,total,1303,대,특수>계,5498,387,1
202605,시군구,경기,안성시,passenger,business,736,대,승용>영업용,5498,387,0
202605,시군구,경기,안성시,truck,official,137,대,화물>관용,5498,387,0
202605,시군구,경기,안성시,special,business,302,대,특수>영업용,5498,387,0
202605,시군구,경기,안성시,total,official,426,대,총계>관용,5498,387,1
202605,시군구,경기,안성시,total,business,4933,대,총계>영업용,5498,387,1
202605,시군구,경기,안성시,total,total,127939,대,총계>계,5498,387,1
202605,시군구,경기,안성시,van,official,88,대,승합>관용,5498,387,0
202605,시군구,경기,안성시,truck,business,3311,대,화물>영업용,5498,387,0
202605,시군구,경기,안성시,van,total,3473,대,승합>계,5498,387,1
202605,시군구,경기,안성시,passenger,official,185,대,승용>관용,5498,387,0
202605,시군구,경기,안성시,passenger,private,99122,대,승용>자가용,5498,387,0
202605,시군구,경기,안성시,passenger,total,100043,대,승용>계,5498,387,1
202605,시군구,경기,안성시,special,private,985,대,특수>자가용,5498,387,0
202605,시군구,경기,안성시,van,business,584,대,승합>영업용,5498,387,0
202605,시군구,경기,안양시 동안구,truck,private,9789,대,화물>자가용,5498,388,0
202605,시군구,경기,안양시 동안구,special,official,10,대,특수>관용,5498,388,0
202605,시군구,경기,안양시 동안구,truck,total,13386,대,화물>계,5498,388,1
202605,시군구,경기,안양시 동안구,total,private,132727,대,총계>자가용,5498,388,1
202605,시군구,경기,안양시 동안구,van,private,1850,대,승합>자가용,5498,388,0
202605,시군구,경기,안양시 동안구,special,total,590,대,특수>계,5498,388,1
202605,시군구,경기,안양시 동안구,passenger,business,2108,대,승용>영업용,5498,388,0
202605,시군구,경기,안양시 동안구,truck,official,129,대,화물>관용,5498,388,0
202605,시군구,경기,안양시 동안구,special,business,165,대,특수>영업용,5498,388,0
202605,시군구,경기,안양시 동안구,total,official,412,대,총계>관용,5498,388,1
202605,시군구,경기,안양시 동안구,total,business,6284,대,총계>영업용,5498,388,1
202605,시군구,경기,안양시 동안구,total,total,139423,대,총계>계,5498,388,1
202605,시군구,경기,안양시 동안구,van,official,108,대,승합>관용,5498,388,0
202605,시군구,경기,안양시 동안구,truck,business,3468,대,화물>영업용,5498,388,0
202605,시군구,경기,안양시 동안구,van,total,2501,대,승합>계,5498,388,1
202605,시군구,경기,안양시 동안구,passenger,official,165,대,승용>관용,5498,388,0
202605,시군구,경기,안양시 동안구,passenger,private,120673,대,승용>자가용,5498,388,0
202605,시군구,경기,안양시 동안구,passenger,total,122946,대,승용>계,5498,388,1
202605,시군구,경기,안양시 동안구,special,private,415,대,특수>자가용,5498,388,0
202605,시군구,경기,안양시 동안구,van,business,543,대,승합>영업용,5498,388,0
202605,시군구,경기,안양시 만안구,truck,private,8876,대,화물>자가용,5498,389,0
202605,시군구,경기,안양시 만안구,special,official,0,대,특수>관용,5498,389,0
202605,시군구,경기,안양시 만안구,truck,total,10534,대,화물>계,5498,389,1
202605,시군구,경기,안양시 만안구,total,private,87858,대,총계>자가용,5498,389,1
202605,시군구,경기,안양시 만안구,van,private,1918,대,승합>자가용,5498,389,0
202605,시군구,경기,안양시 만안구,special,total,335,대,특수>계,5498,389,1
202605,시군구,경기,안양시 만안구,passenger,business,1370,대,승용>영업용,5498,389,0
202605,시군구,경기,안양시 만안구,truck,official,42,대,화물>관용,5498,389,0
202605,시군구,경기,안양시 만안구,special,business,128,대,특수>영업용,5498,389,0
202605,시군구,경기,안양시 만안구,total,official,163,대,총계>관용,5498,389,1
202605,시군구,경기,안양시 만안구,total,business,4044,대,총계>영업용,5498,389,1
202605,시군구,경기,안양시 만안구,total,total,92065,대,총계>계,5498,389,1
202605,시군구,경기,안양시 만안구,van,official,29,대,승합>관용,5498,389,0
202605,시군구,경기,안양시 만안구,truck,business,1616,대,화물>영업용,5498,389,0
202605,시군구,경기,안양시 만안구,van,total,2877,대,승합>계,5498,389,1
202605,시군구,경기,안양시 만안구,passenger,official,92,대,승용>관용,5498,389,0
202605,시군구,경기,안양시 만안구,passenger,private,76857,대,승용>자가용,5498,389,0
202605,시군구,경기,안양시 만안구,passenger,total,78319,대,승용>계,5498,389,1
202605,시군구,경기,안양시 만안구,special,private,207,대,특수>자가용,5498,389,0
202605,시군구,경기,안양시 만안구,van,business,930,대,승합>영업용,5498,389,0
202605,시군구,경기,양주시,truck,private,20119,대,화물>자가용,5498,390,0
202605,시군구,경기,양주시,special,official,13,대,특수>관용,5498,390,0
202605,시군구,경기,양주시,truck,total,23423,대,화물>계,5498,390,1
202605,시군구,경기,양주시,total,private,147591,대,총계>자가용,5498,390,1
202605,시군구,경기,양주시,van,private,3443,대,승합>자가용,5498,390,0
202605,시군구,경기,양주시,special,total,808,대,특수>계,5498,390,1
202605,시군구,경기,양주시,passenger,business,755,대,승용>영업용,5498,390,0
202605,시군구,경기,양주시,truck,official,172,대,화물>관용,5498,390,0
202605,시군구,경기,양주시,special,business,258,대,특수>영업용,5498,390,0
202605,시군구,경기,양주시,total,official,464,대,총계>관용,5498,390,1
202605,시군구,경기,양주시,total,business,4719,대,총계>영업용,5498,390,1
202605,시군구,경기,양주시,total,total,152774,대,총계>계,5498,390,1
202605,시군구,경기,양주시,van,official,90,대,승합>관용,5498,390,0
202605,시군구,경기,양주시,truck,business,3132,대,화물>영업용,5498,390,0
202605,시군구,경기,양주시,van,total,4107,대,승합>계,5498,390,1
202605,시군구,경기,양주시,passenger,official,189,대,승용>관용,5498,390,0
202605,시군구,경기,양주시,passenger,private,123492,대,승용>자가용,5498,390,0
202605,시군구,경기,양주시,passenger,total,124436,대,승용>계,5498,390,1
202605,시군구,경기,양주시,special,private,537,대,특수>자가용,5498,390,0
202605,시군구,경기,양주시,van,business,574,대,승합>영업용,5498,390,0
202605,시군구,경기,양평군,truck,private,12099,대,화물>자가용,5498,391,0
202605,시군구,경기,양평군,special,official,11,대,특수>관용,5498,391,0
202605,시군구,경기,양평군,truck,total,13270,대,화물>계,5498,391,1
202605,시군구,경기,양평군,total,private,68763,대,총계>자가용,5498,391,1
202605,시군구,경기,양평군,van,private,1510,대,승합>자가용,5498,391,0
202605,시군구,경기,양평군,special,total,393,대,특수>계,5498,391,1
202605,시군구,경기,양평군,passenger,business,438,대,승용>영업용,5498,391,0
202605,시군구,경기,양평군,truck,official,265,대,화물>관용,5498,391,0
202605,시군구,경기,양평군,special,business,78,대,특수>영업용,5498,391,0
202605,시군구,경기,양평군,total,official,608,대,총계>관용,5498,391,1
202605,시군구,경기,양평군,total,business,1932,대,총계>영업용,5498,391,1
202605,시군구,경기,양평군,total,total,71303,대,총계>계,5498,391,1
202605,시군구,경기,양평군,van,official,90,대,승합>관용,5498,391,0
202605,시군구,경기,양평군,truck,business,906,대,화물>영업용,5498,391,0
202605,시군구,경기,양평군,van,total,2110,대,승합>계,5498,391,1
202605,시군구,경기,양평군,passenger,official,242,대,승용>관용,5498,391,0
202605,시군구,경기,양평군,passenger,private,54850,대,승용>자가용,5498,391,0
202605,시군구,경기,양평군,passenger,total,55530,대,승용>계,5498,391,1
202605,시군구,경기,양평군,special,private,304,대,특수>자가용,5498,391,0
202605,시군구,경기,양평군,van,business,510,대,승합>영업용,5498,391,0
202605,시군구,경기,여주시,truck,private,14314,대,화물>자가용,5498,392,0
202605,시군구,경기,여주시,special,official,9,대,특수>관용,5498,392,0
202605,시군구,경기,여주시,truck,total,20958,대,화물>계,5498,392,1
202605,시군구,경기,여주시,total,private,70983,대,총계>자가용,5498,392,1
202605,시군구,경기,여주시,van,private,1882,대,승합>자가용,5498,392,0
202605,시군구,경기,여주시,special,total,724,대,특수>계,5498,392,1
202605,시군구,경기,여주시,passenger,business,364,대,승용>영업용,5498,392,0
202605,시군구,경기,여주시,truck,official,207,대,화물>관용,5498,392,0
202605,시군구,경기,여주시,special,business,360,대,특수>영업용,5498,392,0
202605,시군구,경기,여주시,total,official,499,대,총계>관용,5498,392,1
202605,시군구,경기,여주시,total,business,7807,대,총계>영업용,5498,392,1
202605,시군구,경기,여주시,total,total,79289,대,총계>계,5498,392,1
202605,시군구,경기,여주시,van,official,85,대,승합>관용,5498,392,0
202605,시군구,경기,여주시,truck,business,6437,대,화물>영업용,5498,392,0
202605,시군구,경기,여주시,van,total,2613,대,승합>계,5498,392,1
202605,시군구,경기,여주시,passenger,official,198,대,승용>관용,5498,392,0
202605,시군구,경기,여주시,passenger,private,54432,대,승용>자가용,5498,392,0
202605,시군구,경기,여주시,passenger,total,54994,대,승용>계,5498,392,1
202605,시군구,경기,여주시,special,private,355,대,특수>자가용,5498,392,0
202605,시군구,경기,여주시,van,business,646,대,승합>영업용,5498,392,0
202605,시군구,경기,연천군,truck,private,6534,대,화물>자가용,5498,393,0
202605,시군구,경기,연천군,special,official,7,대,특수>관용,5498,393,0
202605,시군구,경기,연천군,truck,total,10788,대,화물>계,5498,393,1
202605,시군구,경기,연천군,total,private,26443,대,총계>자가용,5498,393,1
202605,시군구,경기,연천군,van,private,662,대,승합>자가용,5498,393,0
202605,시군구,경기,연천군,special,total,643,대,특수>계,5498,393,1
202605,시군구,경기,연천군,passenger,business,785,대,승용>영업용,5498,393,0
202605,시군구,경기,연천군,truck,official,154,대,화물>관용,5498,393,0
202605,시군구,경기,연천군,special,business,486,대,특수>영업용,5498,393,0
202605,시군구,경기,연천군,total,official,329,대,총계>관용,5498,393,1
202605,시군구,경기,연천군,total,business,5648,대,총계>영업용,5498,393,1
202605,시군구,경기,연천군,total,total,32420,대,총계>계,5498,393,1
202605,시군구,경기,연천군,van,official,67,대,승합>관용,5498,393,0
202605,시군구,경기,연천군,truck,business,4100,대,화물>영업용,5498,393,0
202605,시군구,경기,연천군,van,total,1006,대,승합>계,5498,393,1
202605,시군구,경기,연천군,passenger,official,101,대,승용>관용,5498,393,0
202605,시군구,경기,연천군,passenger,private,19097,대,승용>자가용,5498,393,0
202605,시군구,경기,연천군,passenger,total,19983,대,승용>계,5498,393,1
202605,시군구,경기,연천군,special,private,150,대,특수>자가용,5498,393,0
202605,시군구,경기,연천군,van,business,277,대,승합>영업용,5498,393,0
202605,시군구,경기,오산시,truck,private,10708,대,화물>자가용,5498,394,0
202605,시군구,경기,오산시,special,official,11,대,특수>관용,5498,394,0
202605,시군구,경기,오산시,truck,total,13550,대,화물>계,5498,394,1
202605,시군구,경기,오산시,total,private,128353,대,총계>자가용,5498,394,1
202605,시군구,경기,오산시,van,private,2514,대,승합>자가용,5498,394,0
202605,시군구,경기,오산시,special,total,555,대,특수>계,5498,394,1
202605,시군구,경기,오산시,passenger,business,1400,대,승용>영업용,5498,394,0
202605,시군구,경기,오산시,truck,official,66,대,화물>관용,5498,394,0
202605,시군구,경기,오산시,special,business,189,대,특수>영업용,5498,394,0
202605,시군구,경기,오산시,total,official,241,대,총계>관용,5498,394,1
202605,시군구,경기,오산시,total,business,4926,대,총계>영업용,5498,394,1
202605,시군구,경기,오산시,total,total,133520,대,총계>계,5498,394,1
202605,시군구,경기,오산시,van,official,60,대,승합>관용,5498,394,0
202605,시군구,경기,오산시,truck,business,2776,대,화물>영업용,5498,394,0
202605,시군구,경기,오산시,van,total,3135,대,승합>계,5498,394,1
202605,시군구,경기,오산시,passenger,official,104,대,승용>관용,5498,394,0
202605,시군구,경기,오산시,passenger,private,114776,대,승용>자가용,5498,394,0
202605,시군구,경기,오산시,passenger,total,116280,대,승용>계,5498,394,1
202605,시군구,경기,오산시,special,private,355,대,특수>자가용,5498,394,0
202605,시군구,경기,오산시,van,business,561,대,승합>영업용,5498,394,0
202605,시군구,경기,용인시 기흥구,truck,private,11362,대,화물>자가용,5498,395,0
202605,시군구,경기,용인시 기흥구,special,official,14,대,특수>관용,5498,395,0
202605,시군구,경기,용인시 기흥구,truck,total,15059,대,화물>계,5498,395,1
202605,시군구,경기,용인시 기흥구,total,private,202805,대,총계>자가용,5498,395,1
202605,시군구,경기,용인시 기흥구,van,private,2955,대,승합>자가용,5498,395,0
202605,시군구,경기,용인시 기흥구,special,total,912,대,특수>계,5498,395,1
202605,시군구,경기,용인시 기흥구,passenger,business,3951,대,승용>영업용,5498,395,0
202605,시군구,경기,용인시 기흥구,truck,official,46,대,화물>관용,5498,395,0
202605,시군구,경기,용인시 기흥구,special,business,376,대,특수>영업용,5498,395,0
202605,시군구,경기,용인시 기흥구,total,official,147,대,총계>관용,5498,395,1
202605,시군구,경기,용인시 기흥구,total,business,8876,대,총계>영업용,5498,395,1
202605,시군구,경기,용인시 기흥구,total,total,211828,대,총계>계,5498,395,1
202605,시군구,경기,용인시 기흥구,van,official,40,대,승합>관용,5498,395,0
202605,시군구,경기,용인시 기흥구,truck,business,3651,대,화물>영업용,5498,395,0
202605,시군구,경기,용인시 기흥구,van,total,3893,대,승합>계,5498,395,1
202605,시군구,경기,용인시 기흥구,passenger,official,47,대,승용>관용,5498,395,0
202605,시군구,경기,용인시 기흥구,passenger,private,187966,대,승용>자가용,5498,395,0
202605,시군구,경기,용인시 기흥구,passenger,total,191964,대,승용>계,5498,395,1
202605,시군구,경기,용인시 기흥구,special,private,522,대,특수>자가용,5498,395,0
202605,시군구,경기,용인시 기흥구,van,business,898,대,승합>영업용,5498,395,0
202605,시군구,경기,용인시 수지구,truck,private,4610,대,화물>자가용,5498,396,0
202605,시군구,경기,용인시 수지구,special,official,0,대,특수>관용,5498,396,0
202605,시군구,경기,용인시 수지구,truck,total,6007,대,화물>계,5498,396,1
202605,시군구,경기,용인시 수지구,total,private,150062,대,총계>자가용,5498,396,1
202605,시군구,경기,용인시 수지구,van,private,1582,대,승합>자가용,5498,396,0
202605,시군구,경기,용인시 수지구,special,total,266,대,특수>계,5498,396,1
202605,시군구,경기,용인시 수지구,passenger,business,864,대,승용>영업용,5498,396,0
202605,시군구,경기,용인시 수지구,truck,official,21,대,화물>관용,5498,396,0
202605,시군구,경기,용인시 수지구,special,business,45,대,특수>영업용,5498,396,0
202605,시군구,경기,용인시 수지구,total,official,60,대,총계>관용,5498,396,1
202605,시군구,경기,용인시 수지구,total,business,2354,대,총계>영업용,5498,396,1
202605,시군구,경기,용인시 수지구,total,total,152476,대,총계>계,5498,396,1
202605,시군구,경기,용인시 수지구,van,official,15,대,승합>관용,5498,396,0
202605,시군구,경기,용인시 수지구,truck,business,1376,대,화물>영업용,5498,396,0
202605,시군구,경기,용인시 수지구,van,total,1666,대,승합>계,5498,396,1
202605,시군구,경기,용인시 수지구,passenger,official,24,대,승용>관용,5498,396,0
202605,시군구,경기,용인시 수지구,passenger,private,143649,대,승용>자가용,5498,396,0
202605,시군구,경기,용인시 수지구,passenger,total,144537,대,승용>계,5498,396,1
202605,시군구,경기,용인시 수지구,special,private,221,대,특수>자가용,5498,396,0
202605,시군구,경기,용인시 수지구,van,business,69,대,승합>영업용,5498,396,0
202605,시군구,경기,용인시 처인구,truck,private,21814,대,화물>자가용,5498,397,0
202605,시군구,경기,용인시 처인구,special,official,19,대,특수>관용,5498,397,0
202605,시군구,경기,용인시 처인구,truck,total,26791,대,화물>계,5498,397,1
202605,시군구,경기,용인시 처인구,total,private,157977,대,총계>자가용,5498,397,1
202605,시군구,경기,용인시 처인구,van,private,3527,대,승합>자가용,5498,397,0
202605,시군구,경기,용인시 처인구,special,total,1284,대,특수>계,5498,397,1
202605,시군구,경기,용인시 처인구,passenger,business,1723,대,승용>영업용,5498,397,0
202605,시군구,경기,용인시 처인구,truck,official,231,대,화물>관용,5498,397,0
202605,시군구,경기,용인시 처인구,special,business,480,대,특수>영업용,5498,397,0
202605,시군구,경기,용인시 처인구,total,official,838,대,총계>관용,5498,397,1
202605,시군구,경기,용인시 처인구,total,business,8535,대,총계>영업용,5498,397,1
202605,시군구,경기,용인시 처인구,total,total,167350,대,총계>계,5498,397,1
202605,시군구,경기,용인시 처인구,van,official,147,대,승합>관용,5498,397,0
202605,시군구,경기,용인시 처인구,truck,business,4746,대,화물>영업용,5498,397,0
202605,시군구,경기,용인시 처인구,van,total,5260,대,승합>계,5498,397,1
202605,시군구,경기,용인시 처인구,passenger,official,441,대,승용>관용,5498,397,0
202605,시군구,경기,용인시 처인구,passenger,private,131851,대,승용>자가용,5498,397,0
202605,시군구,경기,용인시 처인구,passenger,total,134015,대,승용>계,5498,397,1
202605,시군구,경기,용인시 처인구,special,private,785,대,특수>자가용,5498,397,0
202605,시군구,경기,용인시 처인구,van,business,1586,대,승합>영업용,5498,397,0
202605,시군구,경기,의왕시,truck,private,5649,대,화물>자가용,5498,398,0
202605,시군구,경기,의왕시,special,official,8,대,특수>관용,5498,398,0
202605,시군구,경기,의왕시,truck,total,7784,대,화물>계,5498,398,1
202605,시군구,경기,의왕시,total,private,70198,대,총계>자가용,5498,398,1
202605,시군구,경기,의왕시,van,private,1115,대,승합>자가용,5498,398,0
202605,시군구,경기,의왕시,special,total,480,대,특수>계,5498,398,1
202605,시군구,경기,의왕시,passenger,business,413,대,승용>영업용,5498,398,0
202605,시군구,경기,의왕시,truck,official,84,대,화물>관용,5498,398,0
202605,시군구,경기,의왕시,special,business,300,대,특수>영업용,5498,398,0
202605,시군구,경기,의왕시,total,official,304,대,총계>관용,5498,398,1
202605,시군구,경기,의왕시,total,business,2961,대,총계>영업용,5498,398,1
202605,시군구,경기,의왕시,total,total,73463,대,총계>계,5498,398,1
202605,시군구,경기,의왕시,van,official,90,대,승합>관용,5498,398,0
202605,시군구,경기,의왕시,truck,business,2051,대,화물>영업용,5498,398,0
202605,시군구,경기,의왕시,van,total,1402,대,승합>계,5498,398,1
202605,시군구,경기,의왕시,passenger,official,122,대,승용>관용,5498,398,0
202605,시군구,경기,의왕시,passenger,private,63262,대,승용>자가용,5498,398,0
202605,시군구,경기,의왕시,passenger,total,63797,대,승용>계,5498,398,1
202605,시군구,경기,의왕시,special,private,172,대,특수>자가용,5498,398,0
202605,시군구,경기,의왕시,van,business,197,대,승합>영업용,5498,398,0
202605,시군구,경기,의정부시,truck,private,17526,대,화물>자가용,5498,399,0
202605,시군구,경기,의정부시,special,official,29,대,특수>관용,5498,399,0
202605,시군구,경기,의정부시,truck,total,20895,대,화물>계,5498,399,1
202605,시군구,경기,의정부시,total,private,176356,대,총계>자가용,5498,399,1
202605,시군구,경기,의정부시,van,private,3909,대,승합>자가용,5498,399,0
202605,시군구,경기,의정부시,special,total,861,대,특수>계,5498,399,1
202605,시군구,경기,의정부시,passenger,business,1825,대,승용>영업용,5498,399,0
202605,시군구,경기,의정부시,truck,official,201,대,화물>관용,5498,399,0
202605,시군구,경기,의정부시,special,business,269,대,특수>영업용,5498,399,0
202605,시군구,경기,의정부시,total,official,763,대,총계>관용,5498,399,1
202605,시군구,경기,의정부시,total,business,5705,대,총계>영업용,5498,399,1
202605,시군구,경기,의정부시,total,total,182824,대,총계>계,5498,399,1
202605,시군구,경기,의정부시,van,official,243,대,승합>관용,5498,399,0
202605,시군구,경기,의정부시,truck,business,3168,대,화물>영업용,5498,399,0
202605,시군구,경기,의정부시,van,total,4595,대,승합>계,5498,399,1
202605,시군구,경기,의정부시,passenger,official,290,대,승용>관용,5498,399,0
202605,시군구,경기,의정부시,passenger,private,154358,대,승용>자가용,5498,399,0
202605,시군구,경기,의정부시,passenger,total,156473,대,승용>계,5498,399,1
202605,시군구,경기,의정부시,special,private,563,대,특수>자가용,5498,399,0
202605,시군구,경기,의정부시,van,business,443,대,승합>영업용,5498,399,0
202605,시군구,경기,이천시,truck,private,18971,대,화물>자가용,5498,400,0
202605,시군구,경기,이천시,special,official,15,대,특수>관용,5498,400,0
202605,시군구,경기,이천시,truck,total,23399,대,화물>계,5498,400,1
202605,시군구,경기,이천시,total,private,128206,대,총계>자가용,5498,400,1
202605,시군구,경기,이천시,van,private,2955,대,승합>자가용,5498,400,0
202605,시군구,경기,이천시,special,total,1092,대,특수>계,5498,400,1
202605,시군구,경기,이천시,passenger,business,899,대,승용>영업용,5498,400,0
202605,시군구,경기,이천시,truck,official,134,대,화물>관용,5498,400,0
202605,시군구,경기,이천시,special,business,552,대,특수>영업용,5498,400,0
202605,시군구,경기,이천시,total,official,466,대,총계>관용,5498,400,1
202605,시군구,경기,이천시,total,business,6680,대,총계>영업용,5498,400,1
202605,시군구,경기,이천시,total,total,135352,대,총계>계,5498,400,1
202605,시군구,경기,이천시,van,official,85,대,승합>관용,5498,400,0
202605,시군구,경기,이천시,truck,business,4294,대,화물>영업용,5498,400,0
202605,시군구,경기,이천시,van,total,3975,대,승합>계,5498,400,1
202605,시군구,경기,이천시,passenger,official,232,대,승용>관용,5498,400,0
202605,시군구,경기,이천시,passenger,private,105755,대,승용>자가용,5498,400,0
202605,시군구,경기,이천시,passenger,total,106886,대,승용>계,5498,400,1
202605,시군구,경기,이천시,special,private,525,대,특수>자가용,5498,400,0
202605,시군구,경기,이천시,van,business,935,대,승합>영업용,5498,400,0
202605,시군구,경기,파주시,truck,private,31476,대,화물>자가용,5498,401,0
202605,시군구,경기,파주시,special,official,23,대,특수>관용,5498,401,0
202605,시군구,경기,파주시,truck,total,38171,대,화물>계,5498,401,1
202605,시군구,경기,파주시,total,private,262613,대,총계>자가용,5498,401,1
202605,시군구,경기,파주시,van,private,4988,대,승합>자가용,5498,401,0
202605,시군구,경기,파주시,special,total,1076,대,특수>계,5498,401,1
202605,시군구,경기,파주시,passenger,business,2324,대,승용>영업용,5498,401,0
202605,시군구,경기,파주시,truck,official,171,대,화물>관용,5498,401,0
202605,시군구,경기,파주시,special,business,304,대,특수>영업용,5498,401,0
202605,시군구,경기,파주시,total,official,598,대,총계>관용,5498,401,1
202605,시군구,경기,파주시,total,business,11659,대,총계>영업용,5498,401,1
202605,시군구,경기,파주시,total,total,274870,대,총계>계,5498,401,1
202605,시군구,경기,파주시,van,official,99,대,승합>관용,5498,401,0
202605,시군구,경기,파주시,truck,business,6524,대,화물>영업용,5498,401,0
202605,시군구,경기,파주시,van,total,7594,대,승합>계,5498,401,1
202605,시군구,경기,파주시,passenger,official,305,대,승용>관용,5498,401,0
202605,시군구,경기,파주시,passenger,private,225400,대,승용>자가용,5498,401,0
202605,시군구,경기,파주시,passenger,total,228029,대,승용>계,5498,401,1
202605,시군구,경기,파주시,special,private,749,대,특수>자가용,5498,401,0
202605,시군구,경기,파주시,van,business,2507,대,승합>영업용,5498,401,0
202605,시군구,경기,평택시,truck,private,36432,대,화물>자가용,5498,402,0
202605,시군구,경기,평택시,special,official,24,대,특수>관용,5498,402,0
202605,시군구,경기,평택시,truck,total,44713,대,화물>계,5498,402,1
202605,시군구,경기,평택시,total,private,350607,대,총계>자가용,5498,402,1
202605,시군구,경기,평택시,van,private,6973,대,승합>자가용,5498,402,0
202605,시군구,경기,평택시,special,total,2095,대,특수>계,5498,402,1
202605,시군구,경기,평택시,passenger,business,3927,대,승용>영업용,5498,402,0
202605,시군구,경기,평택시,truck,official,257,대,화물>관용,5498,402,0
202605,시군구,경기,평택시,special,business,962,대,특수>영업용,5498,402,0
202605,시군구,경기,평택시,total,official,833,대,총계>관용,5498,402,1
202605,시군구,경기,평택시,total,business,15144,대,총계>영업용,5498,402,1
202605,시군구,경기,평택시,total,total,366584,대,총계>계,5498,402,1
202605,시군구,경기,평택시,van,official,153,대,승합>관용,5498,402,0
202605,시군구,경기,평택시,truck,business,8024,대,화물>영업용,5498,402,0
202605,시군구,경기,평택시,van,total,9357,대,승합>계,5498,402,1
202605,시군구,경기,평택시,passenger,official,399,대,승용>관용,5498,402,0
202605,시군구,경기,평택시,passenger,private,306093,대,승용>자가용,5498,402,0
202605,시군구,경기,평택시,passenger,total,310419,대,승용>계,5498,402,1
202605,시군구,경기,평택시,special,private,1109,대,특수>자가용,5498,402,0
202605,시군구,경기,평택시,van,business,2231,대,승합>영업용,5498,402,0
202605,시군구,경기,포천시,truck,private,20842,대,화물>자가용,5498,403,0
202605,시군구,경기,포천시,special,official,18,대,특수>관용,5498,403,0
202605,시군구,경기,포천시,truck,total,23415,대,화물>계,5498,403,1
202605,시군구,경기,포천시,total,private,91400,대,총계>자가용,5498,403,1
202605,시군구,경기,포천시,van,private,2451,대,승합>자가용,5498,403,0
202605,시군구,경기,포천시,special,total,776,대,특수>계,5498,403,1
202605,시군구,경기,포천시,passenger,business,4680,대,승용>영업용,5498,403,0
202605,시군구,경기,포천시,truck,official,167,대,화물>관용,5498,403,0
202605,시군구,경기,포천시,special,business,358,대,특수>영업용,5498,403,0
202605,시군구,경기,포천시,total,official,457,대,총계>관용,5498,403,1
202605,시군구,경기,포천시,total,business,8217,대,총계>영업용,5498,403,1
202605,시군구,경기,포천시,total,total,100074,대,총계>계,5498,403,1
202605,시군구,경기,포천시,van,official,74,대,승합>관용,5498,403,0
202605,시군구,경기,포천시,truck,business,2406,대,화물>영업용,5498,403,0
202605,시군구,경기,포천시,van,total,3298,대,승합>계,5498,403,1
202605,시군구,경기,포천시,passenger,official,198,대,승용>관용,5498,403,0
202605,시군구,경기,포천시,passenger,private,67707,대,승용>자가용,5498,403,0
202605,시군구,경기,포천시,passenger,total,72585,대,승용>계,5498,403,1
202605,시군구,경기,포천시,special,private,400,대,특수>자가용,5498,403,0
202605,시군구,경기,포천시,van,business,773,대,승합>영업용,5498,403,0
202605,시군구,경기,하남시,truck,private,14835,대,화물>자가용,5498,404,0
202605,시군구,경기,하남시,special,official,11,대,특수>관용,5498,404,0
202605,시군구,경기,하남시,truck,total,17382,대,화물>계,5498,404,1
202605,시군구,경기,하남시,total,private,141031,대,총계>자가용,5498,404,1
202605,시군구,경기,하남시,van,private,2164,대,승합>자가용,5498,404,0
202605,시군구,경기,하남시,special,total,518,대,특수>계,5498,404,1
202605,시군구,경기,하남시,passenger,business,933,대,승용>영업용,5498,404,0
202605,시군구,경기,하남시,truck,official,155,대,화물>관용,5498,404,0
202605,시군구,경기,하남시,special,business,163,대,특수>영업용,5498,404,0
202605,시군구,경기,하남시,total,official,456,대,총계>관용,5498,404,1
202605,시군구,경기,하남시,total,business,3845,대,총계>영업용,5498,404,1
202605,시군구,경기,하남시,total,total,145332,대,총계>계,5498,404,1
202605,시군구,경기,하남시,van,official,82,대,승합>관용,5498,404,0
202605,시군구,경기,하남시,truck,business,2392,대,화물>영업용,5498,404,0
202605,시군구,경기,하남시,van,total,2603,대,승합>계,5498,404,1
202605,시군구,경기,하남시,passenger,official,208,대,승용>관용,5498,404,0
202605,시군구,경기,하남시,passenger,private,123688,대,승용>자가용,5498,404,0
202605,시군구,경기,하남시,passenger,total,124829,대,승용>계,5498,404,1
202605,시군구,경기,하남시,special,private,344,대,특수>자가용,5498,404,0
202605,시군구,경기,하남시,van,business,357,대,승합>영업용,5498,404,0
202605,시군구,경기,화성시,truck,private,1564,대,화물>자가용,5498,405,0
202605,시군구,경기,화성시,special,official,1,대,특수>관용,5498,405,0
202605,시군구,경기,화성시,truck,total,1630,대,화물>계,5498,405,1
202605,시군구,경기,화성시,total,private,4052,대,총계>자가용,5498,405,1
202605,시군구,경기,화성시,van,private,314,대,승합>자가용,5498,405,0
202605,시군구,경기,화성시,special,total,27,대,특수>계,5498,405,1
202605,시군구,경기,화성시,passenger,business,92,대,승용>영업용,5498,405,0
202605,시군구,경기,화성시,truck,official,8,대,화물>관용,5498,405,0
202605,시군구,경기,화성시,special,business,11,대,특수>영업용,5498,405,0
202605,시군구,경기,화성시,total,official,13,대,총계>관용,5498,405,1
202605,시군구,경기,화성시,total,business,192,대,총계>영업용,5498,405,1
202605,시군구,경기,화성시,total,total,4257,대,총계>계,5498,405,1
202605,시군구,경기,화성시,van,official,2,대,승합>관용,5498,405,0
202605,시군구,경기,화성시,truck,business,58,대,화물>영업용,5498,405,0
202605,시군구,경기,화성시,van,total,347,대,승합>계,5498,405,1
202605,시군구,경기,화성시,passenger,official,2,대,승용>관용,5498,405,0
202605,시군구,경기,화성시,passenger,private,2159,대,승용>자가용,5498,405,0
202605,시군구,경기,화성시,passenger,total,2253,대,승용>계,5498,405,1
202605,시군구,경기,화성시,special,private,15,대,특수>자가용,5498,405,0
202605,시군구,경기,화성시,van,business,31,대,승합>영업용,5498,405,0
202605,시군구,경기,화성시 동탄구,truck,private,8073,대,화물>자가용,5498,406,0
202605,시군구,경기,화성시 동탄구,special,official,0,대,특수>관용,5498,406,0
202605,시군구,경기,화성시 동탄구,truck,total,10025,대,화물>계,5498,406,1
202605,시군구,경기,화성시 동탄구,total,private,200054,대,총계>자가용,5498,406,1
202605,시군구,경기,화성시 동탄구,van,private,2133,대,승합>자가용,5498,406,0
202605,시군구,경기,화성시 동탄구,special,total,610,대,특수>계,5498,406,1
202605,시군구,경기,화성시 동탄구,passenger,business,382,대,승용>영업용,5498,406,0
202605,시군구,경기,화성시 동탄구,truck,official,45,대,화물>관용,5498,406,0
202605,시군구,경기,화성시 동탄구,special,business,104,대,특수>영업용,5498,406,0
202605,시군구,경기,화성시 동탄구,total,official,156,대,총계>관용,5498,406,1
202605,시군구,경기,화성시 동탄구,total,business,2655,대,총계>영업용,5498,406,1
202605,시군구,경기,화성시 동탄구,total,total,202865,대,총계>계,5498,406,1
202605,시군구,경기,화성시 동탄구,van,official,24,대,승합>관용,5498,406,0
202605,시군구,경기,화성시 동탄구,truck,business,1907,대,화물>영업용,5498,406,0
202605,시군구,경기,화성시 동탄구,van,total,2419,대,승합>계,5498,406,1
202605,시군구,경기,화성시 동탄구,passenger,official,87,대,승용>관용,5498,406,0
202605,시군구,경기,화성시 동탄구,passenger,private,189342,대,승용>자가용,5498,406,0
202605,시군구,경기,화성시 동탄구,passenger,total,189811,대,승용>계,5498,406,1
202605,시군구,경기,화성시 동탄구,special,private,506,대,특수>자가용,5498,406,0
202605,시군구,경기,화성시 동탄구,van,business,262,대,승합>영업용,5498,406,0
202605,시군구,경기,화성시 만세구,truck,private,34463,대,화물>자가용,5498,407,0
202605,시군구,경기,화성시 만세구,special,official,59,대,특수>관용,5498,407,0
202605,시군구,경기,화성시 만세구,truck,total,38525,대,화물>계,5498,407,1
202605,시군구,경기,화성시 만세구,total,private,173419,대,총계>자가용,5498,407,1
202605,시군구,경기,화성시 만세구,van,private,3560,대,승합>자가용,5498,407,0
202605,시군구,경기,화성시 만세구,special,total,1070,대,특수>계,5498,407,1
202605,시군구,경기,화성시 만세구,passenger,business,704,대,승용>영업용,5498,407,0
202605,시군구,경기,화성시 만세구,truck,official,196,대,화물>관용,5498,407,0
202605,시군구,경기,화성시 만세구,special,business,330,대,특수>영업용,5498,407,0
202605,시군구,경기,화성시 만세구,total,official,678,대,총계>관용,5498,407,1
202605,시군구,경기,화성시 만세구,total,business,5766,대,총계>영업용,5498,407,1
202605,시군구,경기,화성시 만세구,total,total,179863,대,총계>계,5498,407,1
202605,시군구,경기,화성시 만세구,van,official,166,대,승합>관용,5498,407,0
202605,시군구,경기,화성시 만세구,truck,business,3866,대,화물>영업용,5498,407,0
202605,시군구,경기,화성시 만세구,van,total,4592,대,승합>계,5498,407,1
202605,시군구,경기,화성시 만세구,passenger,official,257,대,승용>관용,5498,407,0
202605,시군구,경기,화성시 만세구,passenger,private,134715,대,승용>자가용,5498,407,0
202605,시군구,경기,화성시 만세구,passenger,total,135676,대,승용>계,5498,407,1
202605,시군구,경기,화성시 만세구,special,private,681,대,특수>자가용,5498,407,0
202605,시군구,경기,화성시 만세구,van,business,866,대,승합>영업용,5498,407,0
202605,시군구,경기,화성시 병점구,truck,private,7099,대,화물>자가용,5498,408,0
202605,시군구,경기,화성시 병점구,special,official,4,대,특수>관용,5498,408,0
202605,시군구,경기,화성시 병점구,truck,total,8265,대,화물>계,5498,408,1
202605,시군구,경기,화성시 병점구,total,private,83378,대,총계>자가용,5498,408,1
202605,시군구,경기,화성시 병점구,van,private,1396,대,승합>자가용,5498,408,0
202605,시군구,경기,화성시 병점구,special,total,327,대,특수>계,5498,408,1
202605,시군구,경기,화성시 병점구,passenger,business,907,대,승용>영업용,5498,408,0
202605,시군구,경기,화성시 병점구,truck,official,27,대,화물>관용,5498,408,0
202605,시군구,경기,화성시 병점구,special,business,103,대,특수>영업용,5498,408,0
202605,시군구,경기,화성시 병점구,total,official,94,대,총계>관용,5498,408,1
202605,시군구,경기,화성시 병점구,total,business,3309,대,총계>영업용,5498,408,1
202605,시군구,경기,화성시 병점구,total,total,86781,대,총계>계,5498,408,1
202605,시군구,경기,화성시 병점구,van,official,15,대,승합>관용,5498,408,0
202605,시군구,경기,화성시 병점구,truck,business,1139,대,화물>영업용,5498,408,0
202605,시군구,경기,화성시 병점구,van,total,2571,대,승합>계,5498,408,1
202605,시군구,경기,화성시 병점구,passenger,official,48,대,승용>관용,5498,408,0
202605,시군구,경기,화성시 병점구,passenger,private,74663,대,승용>자가용,5498,408,0
202605,시군구,경기,화성시 병점구,passenger,total,75618,대,승용>계,5498,408,1
202605,시군구,경기,화성시 병점구,special,private,220,대,특수>자가용,5498,408,0
202605,시군구,경기,화성시 병점구,van,business,1160,대,승합>영업용,5498,408,0
202605,시군구,경기,화성시 효행구,truck,private,13884,대,화물>자가용,5498,409,0
202605,시군구,경기,화성시 효행구,special,official,11,대,특수>관용,5498,409,0
202605,시군구,경기,화성시 효행구,truck,total,15617,대,화물>계,5498,409,1
202605,시군구,경기,화성시 효행구,total,private,93528,대,총계>자가용,5498,409,1
202605,시군구,경기,화성시 효행구,van,private,1743,대,승합>자가용,5498,409,0
202605,시군구,경기,화성시 효행구,special,total,507,대,특수>계,5498,409,1
202605,시군구,경기,화성시 효행구,passenger,business,471,대,승용>영업용,5498,409,0
202605,시군구,경기,화성시 효행구,truck,official,33,대,화물>관용,5498,409,0
202605,시군구,경기,화성시 효행구,special,business,159,대,특수>영업용,5498,409,0
202605,시군구,경기,화성시 효행구,total,official,97,대,총계>관용,5498,409,1
202605,시군구,경기,화성시 효행구,total,business,2898,대,총계>영업용,5498,409,1
202605,시군구,경기,화성시 효행구,total,total,96523,대,총계>계,5498,409,1
202605,시군구,경기,화성시 효행구,van,official,11,대,승합>관용,5498,409,0
202605,시군구,경기,화성시 효행구,truck,business,1700,대,화물>영업용,5498,409,0
202605,시군구,경기,화성시 효행구,van,total,2322,대,승합>계,5498,409,1
202605,시군구,경기,화성시 효행구,passenger,official,42,대,승용>관용,5498,409,0
202605,시군구,경기,화성시 효행구,passenger,private,77564,대,승용>자가용,5498,409,0
202605,시군구,경기,화성시 효행구,passenger,total,78077,대,승용>계,5498,409,1
202605,시군구,경기,화성시 효행구,special,private,337,대,특수>자가용,5498,409,0
202605,시군구,경기,화성시 효행구,van,business,568,대,승합>영업용,5498,409,0
202605,시도,경기,,truck,private,707039,대,화물>자가용,5498,410,0
202605,시도,경기,,special,official,652,대,특수>관용,5498,410,0
202605,시도,경기,,truck,total,852231,대,화물>계,5498,410,1
202605,시도,경기,,total,private,6454621,대,총계>자가용,5498,410,1
202605,시도,경기,,van,private,124841,대,승합>자가용,5498,410,0
202605,시도,경기,,special,total,32704,대,특수>계,5498,410,1
202605,시도,경기,,passenger,business,98135,대,승용>영업용,5498,410,0
202605,시도,경기,,truck,official,5824,대,화물>관용,5498,410,0
202605,시도,경기,,special,business,12311,대,특수>영업용,5498,410,0
202605,시도,경기,,total,official,19232,대,총계>관용,5498,410,1
202605,시도,경기,,total,business,282655,대,총계>영업용,5498,410,1
202605,시도,경기,,total,total,6756508,대,총계>계,5498,410,1
202605,시도,경기,,van,official,4063,대,승합>관용,5498,410,0
202605,시도,경기,,truck,business,139368,대,화물>영업용,5498,410,0
202605,시도,경기,,van,total,161745,대,승합>계,5498,410,1
202605,시도,경기,,passenger,official,8693,대,승용>관용,5498,410,0
202605,시도,경기,,passenger,private,5603000,대,승용>자가용,5498,410,0
202605,시도,경기,,passenger,total,5709828,대,승용>계,5498,410,1
202605,시도,경기,,special,private,19741,대,특수>자가용,5498,410,0
202605,시도,경기,,van,business,32841,대,승합>영업용,5498,410,0
202605,시군구,충북,괴산군,truck,private,8016,대,화물>자가용,5498,411,0
202605,시군구,충북,괴산군,special,official,12,대,특수>관용,5498,411,0
202605,시군구,충북,괴산군,truck,total,8382,대,화물>계,5498,411,1
202605,시군구,충북,괴산군,total,private,25501,대,총계>자가용,5498,411,1
202605,시군구,충북,괴산군,van,private,714,대,승합>자가용,5498,411,0
202605,시군구,충북,괴산군,special,total,155,대,특수>계,5498,411,1
202605,시군구,충북,괴산군,passenger,business,136,대,승용>영업용,5498,411,0
202605,시군구,충북,괴산군,truck,official,91,대,화물>관용,5498,411,0
202605,시군구,충북,괴산군,special,business,29,대,특수>영업용,5498,411,0
202605,시군구,충북,괴산군,total,official,239,대,총계>관용,5498,411,1
202605,시군구,충북,괴산군,total,business,497,대,총계>영업용,5498,411,1
202605,시군구,충북,괴산군,total,total,26237,대,총계>계,5498,411,1
202605,시군구,충북,괴산군,van,official,55,대,승합>관용,5498,411,0
202605,시군구,충북,괴산군,truck,business,275,대,화물>영업용,5498,411,0
202605,시군구,충북,괴산군,van,total,826,대,승합>계,5498,411,1
202605,시군구,충북,괴산군,passenger,official,81,대,승용>관용,5498,411,0
202605,시군구,충북,괴산군,passenger,private,16657,대,승용>자가용,5498,411,0
202605,시군구,충북,괴산군,passenger,total,16874,대,승용>계,5498,411,1
202605,시군구,충북,괴산군,special,private,114,대,특수>자가용,5498,411,0
202605,시군구,충북,괴산군,van,business,57,대,승합>영업용,5498,411,0
202605,시군구,충북,단양군,truck,private,4845,대,화물>자가용,5498,412,0
202605,시군구,충북,단양군,special,official,8,대,특수>관용,5498,412,0
202605,시군구,충북,단양군,truck,total,5363,대,화물>계,5498,412,1
202605,시군구,충북,단양군,total,private,16629,대,총계>자가용,5498,412,1
202605,시군구,충북,단양군,van,private,417,대,승합>자가용,5498,412,0
202605,시군구,충북,단양군,special,total,325,대,특수>계,5498,412,1
202605,시군구,충북,단양군,passenger,business,101,대,승용>영업용,5498,412,0
202605,시군구,충북,단양군,truck,official,116,대,화물>관용,5498,412,0
202605,시군구,충북,단양군,special,business,231,대,특수>영업용,5498,412,0
202605,시군구,충북,단양군,total,official,248,대,총계>관용,5498,412,1
202605,시군구,충북,단양군,total,business,815,대,총계>영업용,5498,412,1
202605,시군구,충북,단양군,total,total,17692,대,총계>계,5498,412,1
202605,시군구,충북,단양군,van,official,50,대,승합>관용,5498,412,0
202605,시군구,충북,단양군,truck,business,402,대,화물>영업용,5498,412,0
202605,시군구,충북,단양군,van,total,548,대,승합>계,5498,412,1
202605,시군구,충북,단양군,passenger,official,74,대,승용>관용,5498,412,0
202605,시군구,충북,단양군,passenger,private,11281,대,승용>자가용,5498,412,0
202605,시군구,충북,단양군,passenger,total,11456,대,승용>계,5498,412,1
202605,시군구,충북,단양군,special,private,86,대,특수>자가용,5498,412,0
202605,시군구,충북,단양군,van,business,81,대,승합>영업용,5498,412,0
202605,시군구,충북,보은군,truck,private,6560,대,화물>자가용,5498,413,0
202605,시군구,충북,보은군,special,official,21,대,특수>관용,5498,413,0
202605,시군구,충북,보은군,truck,total,7122,대,화물>계,5498,413,1
202605,시군구,충북,보은군,total,private,20156,대,총계>자가용,5498,413,1
202605,시군구,충북,보은군,van,private,565,대,승합>자가용,5498,413,0
202605,시군구,충북,보은군,special,total,145,대,특수>계,5498,413,1
202605,시군구,충북,보은군,passenger,business,110,대,승용>영업용,5498,413,0
202605,시군구,충북,보은군,truck,official,121,대,화물>관용,5498,413,0
202605,시군구,충북,보은군,special,business,43,대,특수>영업용,5498,413,0
202605,시군구,충북,보은군,total,official,274,대,총계>관용,5498,413,1
202605,시군구,충북,보은군,total,business,681,대,총계>영업용,5498,413,1
202605,시군구,충북,보은군,total,total,21111,대,총계>계,5498,413,1
202605,시군구,충북,보은군,van,official,57,대,승합>관용,5498,413,0
202605,시군구,충북,보은군,truck,business,441,대,화물>영업용,5498,413,0
202605,시군구,충북,보은군,van,total,709,대,승합>계,5498,413,1
202605,시군구,충북,보은군,passenger,official,75,대,승용>관용,5498,413,0
202605,시군구,충북,보은군,passenger,private,12950,대,승용>자가용,5498,413,0
202605,시군구,충북,보은군,passenger,total,13135,대,승용>계,5498,413,1
202605,시군구,충북,보은군,special,private,81,대,특수>자가용,5498,413,0
202605,시군구,충북,보은군,van,business,87,대,승합>영업용,5498,413,0
202605,시군구,충북,영동군,truck,private,8285,대,화물>자가용,5498,414,0
202605,시군구,충북,영동군,special,official,15,대,특수>관용,5498,414,0
202605,시군구,충북,영동군,truck,total,8583,대,화물>계,5498,414,1
202605,시군구,충북,영동군,total,private,27082,대,총계>자가용,5498,414,1
202605,시군구,충북,영동군,van,private,632,대,승합>자가용,5498,414,0
202605,시군구,충북,영동군,special,total,163,대,특수>계,5498,414,1
202605,시군구,충북,영동군,passenger,business,112,대,승용>영업용,5498,414,0
202605,시군구,충북,영동군,truck,official,118,대,화물>관용,5498,414,0
202605,시군구,충북,영동군,special,business,46,대,특수>영업용,5498,414,0
202605,시군구,충북,영동군,total,official,294,대,총계>관용,5498,414,1
202605,시군구,충북,영동군,total,business,434,대,총계>영업용,5498,414,1
202605,시군구,충북,영동군,total,total,27810,대,총계>계,5498,414,1
202605,시군구,충북,영동군,van,official,60,대,승합>관용,5498,414,0
202605,시군구,충북,영동군,truck,business,180,대,화물>영업용,5498,414,0
202605,시군구,충북,영동군,van,total,788,대,승합>계,5498,414,1
202605,시군구,충북,영동군,passenger,official,101,대,승용>관용,5498,414,0
202605,시군구,충북,영동군,passenger,private,18063,대,승용>자가용,5498,414,0
202605,시군구,충북,영동군,passenger,total,18276,대,승용>계,5498,414,1
202605,시군구,충북,영동군,special,private,102,대,특수>자가용,5498,414,0
202605,시군구,충북,영동군,van,business,96,대,승합>영업용,5498,414,0
202605,시군구,충북,옥천군,truck,private,8114,대,화물>자가용,5498,415,0
202605,시군구,충북,옥천군,special,official,11,대,특수>관용,5498,415,0
202605,시군구,충북,옥천군,truck,total,8856,대,화물>계,5498,415,1
202605,시군구,충북,옥천군,total,private,31132,대,총계>자가용,5498,415,1
202605,시군구,충북,옥천군,van,private,772,대,승합>자가용,5498,415,0
202605,시군구,충북,옥천군,special,total,276,대,특수>계,5498,415,1
202605,시군구,충북,옥천군,passenger,business,197,대,승용>영업용,5498,415,0
202605,시군구,충북,옥천군,truck,official,87,대,화물>관용,5498,415,0
202605,시군구,충북,옥천군,special,business,91,대,특수>영업용,5498,415,0
202605,시군구,충북,옥천군,total,official,235,대,총계>관용,5498,415,1
202605,시군구,충북,옥천군,total,business,1038,대,총계>영업용,5498,415,1
202605,시군구,충북,옥천군,total,total,32405,대,총계>계,5498,415,1
202605,시군구,충북,옥천군,van,official,58,대,승합>관용,5498,415,0
202605,시군구,충북,옥천군,truck,business,655,대,화물>영업용,5498,415,0
202605,시군구,충북,옥천군,van,total,925,대,승합>계,5498,415,1
202605,시군구,충북,옥천군,passenger,official,79,대,승용>관용,5498,415,0
202605,시군구,충북,옥천군,passenger,private,22072,대,승용>자가용,5498,415,0
202605,시군구,충북,옥천군,passenger,total,22348,대,승용>계,5498,415,1
202605,시군구,충북,옥천군,special,private,174,대,특수>자가용,5498,415,0
202605,시군구,충북,옥천군,van,business,95,대,승합>영업용,5498,415,0
202605,시군구,충북,음성군,truck,private,14041,대,화물>자가용,5498,416,0
202605,시군구,충북,음성군,special,official,17,대,특수>관용,5498,416,0
202605,시군구,충북,음성군,truck,total,15656,대,화물>계,5498,416,1
202605,시군구,충북,음성군,total,private,68694,대,총계>자가용,5498,416,1
202605,시군구,충북,음성군,van,private,1991,대,승합>자가용,5498,416,0
202605,시군구,충북,음성군,special,total,425,대,특수>계,5498,416,1
202605,시군구,충북,음성군,passenger,business,299,대,승용>영업용,5498,416,0
202605,시군구,충북,음성군,truck,official,114,대,화물>관용,5498,416,0
202605,시군구,충북,음성군,special,business,138,대,특수>영업용,5498,416,0
202605,시군구,충북,음성군,total,official,287,대,총계>관용,5498,416,1
202605,시군구,충북,음성군,total,business,2107,대,총계>영업용,5498,416,1
202605,시군구,충북,음성군,total,total,71088,대,총계>계,5498,416,1
202605,시군구,충북,음성군,van,official,67,대,승합>관용,5498,416,0
202605,시군구,충북,음성군,truck,business,1501,대,화물>영업용,5498,416,0
202605,시군구,충북,음성군,van,total,2227,대,승합>계,5498,416,1
202605,시군구,충북,음성군,passenger,official,89,대,승용>관용,5498,416,0
202605,시군구,충북,음성군,passenger,private,52392,대,승용>자가용,5498,416,0
202605,시군구,충북,음성군,passenger,total,52780,대,승용>계,5498,416,1
202605,시군구,충북,음성군,special,private,270,대,특수>자가용,5498,416,0
202605,시군구,충북,음성군,van,business,169,대,승합>영업용,5498,416,0
202605,시군구,충북,제천시,truck,private,13670,대,화물>자가용,5498,417,0
202605,시군구,충북,제천시,special,official,13,대,특수>관용,5498,417,0
202605,시군구,충북,제천시,truck,total,15456,대,화물>계,5498,417,1
202605,시군구,충북,제천시,total,private,71505,대,총계>자가용,5498,417,1
202605,시군구,충북,제천시,van,private,1554,대,승합>자가용,5498,417,0
202605,시군구,충북,제천시,special,total,1224,대,특수>계,5498,417,1
202605,시군구,충북,제천시,passenger,business,706,대,승용>영업용,5498,417,0
202605,시군구,충북,제천시,truck,official,162,대,화물>관용,5498,417,0
202605,시군구,충북,제천시,special,business,842,대,특수>영업용,5498,417,0
202605,시군구,충북,제천시,total,official,368,대,총계>관용,5498,417,1
202605,시군구,충북,제천시,total,business,3360,대,총계>영업용,5498,417,1
202605,시군구,충북,제천시,total,total,75233,대,총계>계,5498,417,1
202605,시군구,충북,제천시,van,official,79,대,승합>관용,5498,417,0
202605,시군구,충북,제천시,truck,business,1624,대,화물>영업용,5498,417,0
202605,시군구,충북,제천시,van,total,1821,대,승합>계,5498,417,1
202605,시군구,충북,제천시,passenger,official,114,대,승용>관용,5498,417,0
202605,시군구,충북,제천시,passenger,private,55912,대,승용>자가용,5498,417,0
202605,시군구,충북,제천시,passenger,total,56732,대,승용>계,5498,417,1
202605,시군구,충북,제천시,special,private,369,대,특수>자가용,5498,417,0
202605,시군구,충북,제천시,van,business,188,대,승합>영업용,5498,417,0
202605,시군구,충북,증평군,truck,private,3194,대,화물>자가용,5498,418,0
202605,시군구,충북,증평군,special,official,9,대,특수>관용,5498,418,0
202605,시군구,충북,증평군,truck,total,3807,대,화물>계,5498,418,1
202605,시군구,충북,증평군,total,private,21427,대,총계>자가용,5498,418,1
202605,시군구,충북,증평군,van,private,497,대,승합>자가용,5498,418,0
202605,시군구,충북,증평군,special,total,133,대,특수>계,5498,418,1
202605,시군구,충북,증평군,passenger,business,149,대,승용>영업용,5498,418,0
202605,시군구,충북,증평군,truck,official,30,대,화물>관용,5498,418,0
202605,시군구,충북,증평군,special,business,45,대,특수>영업용,5498,418,0
202605,시군구,충북,증평군,total,official,99,대,총계>관용,5498,418,1
202605,시군구,충북,증평군,total,business,813,대,총계>영업용,5498,418,1
202605,시군구,충북,증평군,total,total,22339,대,총계>계,5498,418,1
202605,시군구,충북,증평군,van,official,25,대,승합>관용,5498,418,0
202605,시군구,충북,증평군,truck,business,583,대,화물>영업용,5498,418,0
202605,시군구,충북,증평군,van,total,558,대,승합>계,5498,418,1
202605,시군구,충북,증평군,passenger,official,35,대,승용>관용,5498,418,0
202605,시군구,충북,증평군,passenger,private,17657,대,승용>자가용,5498,418,0
202605,시군구,충북,증평군,passenger,total,17841,대,승용>계,5498,418,1
202605,시군구,충북,증평군,special,private,79,대,특수>자가용,5498,418,0
202605,시군구,충북,증평군,van,business,36,대,승합>영업용,5498,418,0
202605,시군구,충북,진천군,truck,private,9281,대,화물>자가용,5498,419,0
202605,시군구,충북,진천군,special,official,8,대,특수>관용,5498,419,0
202605,시군구,충북,진천군,truck,total,10485,대,화물>계,5498,419,1
202605,시군구,충북,진천군,total,private,57041,대,총계>자가용,5498,419,1
202605,시군구,충북,진천군,van,private,1330,대,승합>자가용,5498,419,0
202605,시군구,충북,진천군,special,total,342,대,특수>계,5498,419,1
202605,시군구,충북,진천군,passenger,business,265,대,승용>영업용,5498,419,0
202605,시군구,충북,진천군,truck,official,86,대,화물>관용,5498,419,0
202605,시군구,충북,진천군,special,business,84,대,특수>영업용,5498,419,0
202605,시군구,충북,진천군,total,official,236,대,총계>관용,5498,419,1
202605,시군구,충북,진천군,total,business,1554,대,총계>영업용,5498,419,1
202605,시군구,충북,진천군,total,total,58831,대,총계>계,5498,419,1
202605,시군구,충북,진천군,van,official,62,대,승합>관용,5498,419,0
202605,시군구,충북,진천군,truck,business,1118,대,화물>영업용,5498,419,0
202605,시군구,충북,진천군,van,total,1479,대,승합>계,5498,419,1
202605,시군구,충북,진천군,passenger,official,80,대,승용>관용,5498,419,0
202605,시군구,충북,진천군,passenger,private,46180,대,승용>자가용,5498,419,0
202605,시군구,충북,진천군,passenger,total,46525,대,승용>계,5498,419,1
202605,시군구,충북,진천군,special,private,250,대,특수>자가용,5498,419,0
202605,시군구,충북,진천군,van,business,87,대,승합>영업용,5498,419,0
202605,시군구,충북,청원군,truck,private,8,대,화물>자가용,5498,420,0
202605,시군구,충북,청원군,special,official,0,대,특수>관용,5498,420,0
202605,시군구,충북,청원군,truck,total,8,대,화물>계,5498,420,1
202605,시군구,충북,청원군,total,private,18,대,총계>자가용,5498,420,1
202605,시군구,충북,청원군,van,private,2,대,승합>자가용,5498,420,0
202605,시군구,충북,청원군,special,total,0,대,특수>계,5498,420,1
202605,시군구,충북,청원군,passenger,business,0,대,승용>영업용,5498,420,0
202605,시군구,충북,청원군,truck,official,0,대,화물>관용,5498,420,0
202605,시군구,충북,청원군,special,business,0,대,특수>영업용,5498,420,0
202605,시군구,충북,청원군,total,official,1,대,총계>관용,5498,420,1
202605,시군구,충북,청원군,total,business,0,대,총계>영업용,5498,420,1
202605,시군구,충북,청원군,total,total,19,대,총계>계,5498,420,1
202605,시군구,충북,청원군,van,official,0,대,승합>관용,5498,420,0
202605,시군구,충북,청원군,truck,business,0,대,화물>영업용,5498,420,0
202605,시군구,충북,청원군,van,total,2,대,승합>계,5498,420,1
202605,시군구,충북,청원군,passenger,official,1,대,승용>관용,5498,420,0
202605,시군구,충북,청원군,passenger,private,8,대,승용>자가용,5498,420,0
202605,시군구,충북,청원군,passenger,total,9,대,승용>계,5498,420,1
202605,시군구,충북,청원군,special,private,0,대,특수>자가용,5498,420,0
202605,시군구,충북,청원군,van,business,0,대,승합>영업용,5498,420,0
202605,시군구,충북,청주시 상당구,truck,private,11870,대,화물>자가용,5498,421,0
202605,시군구,충북,청주시 상당구,special,official,21,대,특수>관용,5498,421,0
202605,시군구,충북,청주시 상당구,truck,total,13234,대,화물>계,5498,421,1
202605,시군구,충북,청주시 상당구,total,private,102175,대,총계>자가용,5498,421,1
202605,시군구,충북,청주시 상당구,van,private,1912,대,승합>자가용,5498,421,0
202605,시군구,충북,청주시 상당구,special,total,690,대,특수>계,5498,421,1
202605,시군구,충북,청주시 상당구,passenger,business,1075,대,승용>영업용,5498,421,0
202605,시군구,충북,청주시 상당구,truck,official,185,대,화물>관용,5498,421,0
202605,시군구,충북,청주시 상당구,special,business,265,대,특수>영업용,5498,421,0
202605,시군구,충북,청주시 상당구,total,official,528,대,총계>관용,5498,421,1
202605,시군구,충북,청주시 상당구,total,business,2848,대,총계>영업용,5498,421,1
202605,시군구,충북,청주시 상당구,total,total,105551,대,총계>계,5498,421,1
202605,시군구,충북,청주시 상당구,van,official,104,대,승합>관용,5498,421,0
202605,시군구,충북,청주시 상당구,truck,business,1179,대,화물>영업용,5498,421,0
202605,시군구,충북,청주시 상당구,van,total,2345,대,승합>계,5498,421,1
202605,시군구,충북,청주시 상당구,passenger,official,218,대,승용>관용,5498,421,0
202605,시군구,충북,청주시 상당구,passenger,private,87989,대,승용>자가용,5498,421,0
202605,시군구,충북,청주시 상당구,passenger,total,89282,대,승용>계,5498,421,1
202605,시군구,충북,청주시 상당구,special,private,404,대,특수>자가용,5498,421,0
202605,시군구,충북,청주시 상당구,van,business,329,대,승합>영업용,5498,421,0
202605,시군구,충북,청주시 서원구,truck,private,10723,대,화물>자가용,5498,422,0
202605,시군구,충북,청주시 서원구,special,official,6,대,특수>관용,5498,422,0
202605,시군구,충북,청주시 서원구,truck,total,12669,대,화물>계,5498,422,1
202605,시군구,충북,청주시 서원구,total,private,97316,대,총계>자가용,5498,422,1
202605,시군구,충북,청주시 서원구,van,private,1837,대,승합>자가용,5498,422,0
202605,시군구,충북,청주시 서원구,special,total,590,대,특수>계,5498,422,1
202605,시군구,충북,청주시 서원구,passenger,business,1452,대,승용>영업용,5498,422,0
202605,시군구,충북,청주시 서원구,truck,official,67,대,화물>관용,5498,422,0
202605,시군구,충북,청주시 서원구,special,business,237,대,특수>영업용,5498,422,0
202605,시군구,충북,청주시 서원구,total,official,280,대,총계>관용,5498,422,1
202605,시군구,충북,청주시 서원구,total,business,4403,대,총계>영업용,5498,422,1
202605,시군구,충북,청주시 서원구,total,total,101999,대,총계>계,5498,422,1
202605,시군구,충북,청주시 서원구,van,official,132,대,승합>관용,5498,422,0
202605,시군구,충북,청주시 서원구,truck,business,1879,대,화물>영업용,5498,422,0
202605,시군구,충북,청주시 서원구,van,total,2804,대,승합>계,5498,422,1
202605,시군구,충북,청주시 서원구,passenger,official,75,대,승용>관용,5498,422,0
202605,시군구,충북,청주시 서원구,passenger,private,84409,대,승용>자가용,5498,422,0
202605,시군구,충북,청주시 서원구,passenger,total,85936,대,승용>계,5498,422,1
202605,시군구,충북,청주시 서원구,special,private,347,대,특수>자가용,5498,422,0
202605,시군구,충북,청주시 서원구,van,business,835,대,승합>영업용,5498,422,0
202605,시군구,충북,청주시 청원구,truck,private,14409,대,화물>자가용,5498,423,0
202605,시군구,충북,청주시 청원구,special,official,6,대,특수>관용,5498,423,0
202605,시군구,충북,청주시 청원구,truck,total,16647,대,화물>계,5498,423,1
202605,시군구,충북,청주시 청원구,total,private,108965,대,총계>자가용,5498,423,1
202605,시군구,충북,청주시 청원구,van,private,2153,대,승합>자가용,5498,423,0
202605,시군구,충북,청주시 청원구,special,total,637,대,특수>계,5498,423,1
202605,시군구,충북,청주시 청원구,passenger,business,2796,대,승용>영업용,5498,423,0
202605,시군구,충북,청주시 청원구,truck,official,131,대,화물>관용,5498,423,0
202605,시군구,충북,청주시 청원구,special,business,195,대,특수>영업용,5498,423,0
202605,시군구,충북,청주시 청원구,total,official,445,대,총계>관용,5498,423,1
202605,시군구,충북,청주시 청원구,total,business,5712,대,총계>영업용,5498,423,1
202605,시군구,충북,청주시 청원구,total,total,115122,대,총계>계,5498,423,1
202605,시군구,충북,청주시 청원구,van,official,115,대,승합>관용,5498,423,0
202605,시군구,충북,청주시 청원구,truck,business,2107,대,화물>영업용,5498,423,0
202605,시군구,충북,청주시 청원구,van,total,2882,대,승합>계,5498,423,1
202605,시군구,충북,청주시 청원구,passenger,official,193,대,승용>관용,5498,423,0
202605,시군구,충북,청주시 청원구,passenger,private,91967,대,승용>자가용,5498,423,0
202605,시군구,충북,청주시 청원구,passenger,total,94956,대,승용>계,5498,423,1
202605,시군구,충북,청주시 청원구,special,private,436,대,특수>자가용,5498,423,0
202605,시군구,충북,청주시 청원구,van,business,614,대,승합>영업용,5498,423,0
202605,시군구,충북,청주시 흥덕구,truck,private,15865,대,화물>자가용,5498,424,0
202605,시군구,충북,청주시 흥덕구,special,official,13,대,특수>관용,5498,424,0
202605,시군구,충북,청주시 흥덕구,truck,total,18529,대,화물>계,5498,424,1
202605,시군구,충북,청주시 흥덕구,total,private,156346,대,총계>자가용,5498,424,1
202605,시군구,충북,청주시 흥덕구,van,private,2719,대,승합>자가용,5498,424,0
202605,시군구,충북,청주시 흥덕구,special,total,983,대,특수>계,5498,424,1
202605,시군구,충북,청주시 흥덕구,passenger,business,3551,대,승용>영업용,5498,424,0
202605,시군구,충북,청주시 흥덕구,truck,official,142,대,화물>관용,5498,424,0
202605,시군구,충북,청주시 흥덕구,special,business,380,대,특수>영업용,5498,424,0
202605,시군구,충북,청주시 흥덕구,total,official,379,대,총계>관용,5498,424,1
202605,시군구,충북,청주시 흥덕구,total,business,7197,대,총계>영업용,5498,424,1
202605,시군구,충북,청주시 흥덕구,total,total,163922,대,총계>계,5498,424,1
202605,시군구,충북,청주시 흥덕구,van,official,87,대,승합>관용,5498,424,0
202605,시군구,충북,청주시 흥덕구,truck,business,2522,대,화물>영업용,5498,424,0
202605,시군구,충북,청주시 흥덕구,van,total,3550,대,승합>계,5498,424,1
202605,시군구,충북,청주시 흥덕구,passenger,official,137,대,승용>관용,5498,424,0
202605,시군구,충북,청주시 흥덕구,passenger,private,137172,대,승용>자가용,5498,424,0
202605,시군구,충북,청주시 흥덕구,passenger,total,140860,대,승용>계,5498,424,1
202605,시군구,충북,청주시 흥덕구,special,private,590,대,특수>자가용,5498,424,0
202605,시군구,충북,청주시 흥덕구,van,business,744,대,승합>영업용,5498,424,0
202605,시군구,충북,충주시,truck,private,19807,대,화물>자가용,5498,425,0
202605,시군구,충북,충주시,special,official,32,대,특수>관용,5498,425,0
202605,시군구,충북,충주시,truck,total,21840,대,화물>계,5498,425,1
202605,시군구,충북,충주시,total,private,120038,대,총계>자가용,5498,425,1
202605,시군구,충북,충주시,van,private,2618,대,승합>자가용,5498,425,0
202605,시군구,충북,충주시,special,total,805,대,특수>계,5498,425,1
202605,시군구,충북,충주시,passenger,business,1259,대,승용>영업용,5498,425,0
202605,시군구,충북,충주시,truck,official,258,대,화물>관용,5498,425,0
202605,시군구,충북,충주시,special,business,289,대,특수>영업용,5498,425,0
202605,시군구,충북,충주시,total,official,646,대,총계>관용,5498,425,1
202605,시군구,충북,충주시,total,business,3726,대,총계>영업용,5498,425,1
202605,시군구,충북,충주시,total,total,124410,대,총계>계,5498,425,1
202605,시군구,충북,충주시,van,official,141,대,승합>관용,5498,425,0
202605,시군구,충북,충주시,truck,business,1775,대,화물>영업용,5498,425,0
202605,시군구,충북,충주시,van,total,3162,대,승합>계,5498,425,1
202605,시군구,충북,충주시,passenger,official,215,대,승용>관용,5498,425,0
202605,시군구,충북,충주시,passenger,private,97129,대,승용>자가용,5498,425,0
202605,시군구,충북,충주시,passenger,total,98603,대,승용>계,5498,425,1
202605,시군구,충북,충주시,special,private,484,대,특수>자가용,5498,425,0
202605,시군구,충북,충주시,van,business,403,대,승합>영업용,5498,425,0
202605,시도,충북,,truck,private,148688,대,화물>자가용,5498,426,0
202605,시도,충북,,special,official,192,대,특수>관용,5498,426,0
202605,시도,충북,,truck,total,166637,대,화물>계,5498,426,1
202605,시도,충북,,total,private,924025,대,총계>자가용,5498,426,1
202605,시도,충북,,van,private,19713,대,승합>자가용,5498,426,0
202605,시도,충북,,special,total,6893,대,특수>계,5498,426,1
202605,시도,충북,,passenger,business,12208,대,승용>영업용,5498,426,0
202605,시도,충북,,truck,official,1708,대,화물>관용,5498,426,0
202605,시도,충북,,special,business,2915,대,특수>영업용,5498,426,0
202605,시도,충북,,total,official,4559,대,총계>관용,5498,426,1
202605,시도,충북,,total,business,35185,대,총계>영업용,5498,426,1
202605,시도,충북,,total,total,963769,대,총계>계,5498,426,1
202605,시도,충북,,van,official,1092,대,승합>관용,5498,426,0
202605,시도,충북,,truck,business,16241,대,화물>영업용,5498,426,0
202605,시도,충북,,van,total,24626,대,승합>계,5498,426,1
202605,시도,충북,,passenger,official,1567,대,승용>관용,5498,426,0
202605,시도,충북,,passenger,private,751838,대,승용>자가용,5498,426,0
202605,시도,충북,,passenger,total,765613,대,승용>계,5498,426,1
202605,시도,충북,,special,private,3786,대,특수>자가용,5498,426,0
202605,시도,충북,,van,business,3821,대,승합>영업용,5498,426,0
202605,시군구,충남,계룡시,truck,private,2212,대,화물>자가용,5498,427,0
202605,시군구,충남,계룡시,special,official,9,대,특수>관용,5498,427,0
202605,시군구,충남,계룡시,truck,total,2737,대,화물>계,5498,427,1
202605,시군구,충남,계룡시,total,private,26445,대,총계>자가용,5498,427,1
202605,시군구,충남,계룡시,van,private,506,대,승합>자가용,5498,427,0
202605,시군구,충남,계룡시,special,total,145,대,특수>계,5498,427,1
202605,시군구,충남,계룡시,passenger,business,64,대,승용>영업용,5498,427,0
202605,시군구,충남,계룡시,truck,official,62,대,화물>관용,5498,427,0
202605,시군구,충남,계룡시,special,business,36,대,특수>영업용,5498,427,0
202605,시군구,충남,계룡시,total,official,189,대,총계>관용,5498,427,1
202605,시군구,충남,계룡시,total,business,663,대,총계>영업용,5498,427,1
202605,시군구,충남,계룡시,total,total,27297,대,총계>계,5498,427,1
202605,시군구,충남,계룡시,van,official,37,대,승합>관용,5498,427,0
202605,시군구,충남,계룡시,truck,business,463,대,화물>영업용,5498,427,0
202605,시군구,충남,계룡시,van,total,643,대,승합>계,5498,427,1
202605,시군구,충남,계룡시,passenger,official,81,대,승용>관용,5498,427,0
202605,시군구,충남,계룡시,passenger,private,23627,대,승용>자가용,5498,427,0
202605,시군구,충남,계룡시,passenger,total,23772,대,승용>계,5498,427,1
202605,시군구,충남,계룡시,special,private,100,대,특수>자가용,5498,427,0
202605,시군구,충남,계룡시,van,business,100,대,승합>영업용,5498,427,0
202605,시군구,충남,공주시,truck,private,12893,대,화물>자가용,5498,428,0
202605,시군구,충남,공주시,special,official,31,대,특수>관용,5498,428,0
202605,시군구,충남,공주시,truck,total,13807,대,화물>계,5498,428,1
202605,시군구,충남,공주시,total,private,57560,대,총계>자가용,5498,428,1
202605,시군구,충남,공주시,van,private,1435,대,승합>자가용,5498,428,0
202605,시군구,충남,공주시,special,total,401,대,특수>계,5498,428,1
202605,시군구,충남,공주시,passenger,business,1305,대,승용>영업용,5498,428,0
202605,시군구,충남,공주시,truck,official,249,대,화물>관용,5498,428,0
202605,시군구,충남,공주시,special,business,132,대,특수>영업용,5498,428,0
202605,시군구,충남,공주시,total,official,628,대,총계>관용,5498,428,1
202605,시군구,충남,공주시,total,business,2489,대,총계>영업용,5498,428,1
202605,시군구,충남,공주시,total,total,60677,대,총계>계,5498,428,1
202605,시군구,충남,공주시,van,official,117,대,승합>관용,5498,428,0
202605,시군구,충남,공주시,truck,business,665,대,화물>영업용,5498,428,0
202605,시군구,충남,공주시,van,total,1939,대,승합>계,5498,428,1
202605,시군구,충남,공주시,passenger,official,231,대,승용>관용,5498,428,0
202605,시군구,충남,공주시,passenger,private,42994,대,승용>자가용,5498,428,0
202605,시군구,충남,공주시,passenger,total,44530,대,승용>계,5498,428,1
202605,시군구,충남,공주시,special,private,238,대,특수>자가용,5498,428,0
202605,시군구,충남,공주시,van,business,387,대,승합>영업용,5498,428,0
202605,시군구,충남,금산군,truck,private,8627,대,화물>자가용,5498,429,0
202605,시군구,충남,금산군,special,official,10,대,특수>관용,5498,429,0
202605,시군구,충남,금산군,truck,total,9304,대,화물>계,5498,429,1
202605,시군구,충남,금산군,total,private,30992,대,총계>자가용,5498,429,1
202605,시군구,충남,금산군,van,private,916,대,승합>자가용,5498,429,0
202605,시군구,충남,금산군,special,total,236,대,특수>계,5498,429,1
202605,시군구,충남,금산군,passenger,business,3549,대,승용>영업용,5498,429,0
202605,시군구,충남,금산군,truck,official,94,대,화물>관용,5498,429,0
202605,시군구,충남,금산군,special,business,77,대,특수>영업용,5498,429,0
202605,시군구,충남,금산군,total,official,225,대,총계>관용,5498,429,1
202605,시군구,충남,금산군,total,business,4433,대,총계>영업용,5498,429,1
202605,시군구,충남,금산군,total,total,35650,대,총계>계,5498,429,1
202605,시군구,충남,금산군,van,official,41,대,승합>관용,5498,429,0
202605,시군구,충남,금산군,truck,business,583,대,화물>영업용,5498,429,0
202605,시군구,충남,금산군,van,total,1181,대,승합>계,5498,429,1
202605,시군구,충남,금산군,passenger,official,80,대,승용>관용,5498,429,0
202605,시군구,충남,금산군,passenger,private,21300,대,승용>자가용,5498,429,0
202605,시군구,충남,금산군,passenger,total,24929,대,승용>계,5498,429,1
202605,시군구,충남,금산군,special,private,149,대,특수>자가용,5498,429,0
202605,시군구,충남,금산군,van,business,224,대,승합>영업용,5498,429,0
202605,시군구,충남,논산시,truck,private,15250,대,화물>자가용,5498,430,0
202605,시군구,충남,논산시,special,official,30,대,특수>관용,5498,430,0
202605,시군구,충남,논산시,truck,total,16464,대,화물>계,5498,430,1
202605,시군구,충남,논산시,total,private,63812,대,총계>자가용,5498,430,1
202605,시군구,충남,논산시,van,private,1895,대,승합>자가용,5498,430,0
202605,시군구,충남,논산시,special,total,385,대,특수>계,5498,430,1
202605,시군구,충남,논산시,passenger,business,853,대,승용>영업용,5498,430,0
202605,시군구,충남,논산시,truck,official,149,대,화물>관용,5498,430,0
202605,시군구,충남,논산시,special,business,96,대,특수>영업용,5498,430,0
202605,시군구,충남,논산시,total,official,422,대,총계>관용,5498,430,1
202605,시군구,충남,논산시,total,business,2338,대,총계>영업용,5498,430,1
202605,시군구,충남,논산시,total,total,66572,대,총계>계,5498,430,1
202605,시군구,충남,논산시,van,official,87,대,승합>관용,5498,430,0
202605,시군구,충남,논산시,truck,business,1065,대,화물>영업용,5498,430,0
202605,시군구,충남,논산시,van,total,2306,대,승합>계,5498,430,1
202605,시군구,충남,논산시,passenger,official,156,대,승용>관용,5498,430,0
202605,시군구,충남,논산시,passenger,private,46408,대,승용>자가용,5498,430,0
202605,시군구,충남,논산시,passenger,total,47417,대,승용>계,5498,430,1
202605,시군구,충남,논산시,special,private,259,대,특수>자가용,5498,430,0
202605,시군구,충남,논산시,van,business,324,대,승합>영업용,5498,430,0
202605,시군구,충남,당진시,truck,private,19530,대,화물>자가용,5498,431,0
202605,시군구,충남,당진시,special,official,15,대,특수>관용,5498,431,0
202605,시군구,충남,당진시,truck,total,22079,대,화물>계,5498,431,1
202605,시군구,충남,당진시,total,private,111334,대,총계>자가용,5498,431,1
202605,시군구,충남,당진시,van,private,2223,대,승합>자가용,5498,431,0
202605,시군구,충남,당진시,special,total,1330,대,특수>계,5498,431,1
202605,시군구,충남,당진시,passenger,business,854,대,승용>영업용,5498,431,0
202605,시군구,충남,당진시,truck,official,196,대,화물>관용,5498,431,0
202605,시군구,충남,당진시,special,business,788,대,특수>영업용,5498,431,0
202605,시군구,충남,당진시,total,official,434,대,총계>관용,5498,431,1
202605,시군구,충남,당진시,total,business,4327,대,총계>영업용,5498,431,1
202605,시군구,충남,당진시,total,total,116095,대,총계>계,5498,431,1
202605,시군구,충남,당진시,van,official,71,대,승합>관용,5498,431,0
202605,시군구,충남,당진시,truck,business,2353,대,화물>영업용,5498,431,0
202605,시군구,충남,당진시,van,total,2626,대,승합>계,5498,431,1
202605,시군구,충남,당진시,passenger,official,152,대,승용>관용,5498,431,0
202605,시군구,충남,당진시,passenger,private,89054,대,승용>자가용,5498,431,0
202605,시군구,충남,당진시,passenger,total,90060,대,승용>계,5498,431,1
202605,시군구,충남,당진시,special,private,527,대,특수>자가용,5498,431,0
202605,시군구,충남,당진시,van,business,332,대,승합>영업용,5498,431,0
202605,시군구,충남,보령시,truck,private,12820,대,화물>자가용,5498,432,0
202605,시군구,충남,보령시,special,official,35,대,특수>관용,5498,432,0
202605,시군구,충남,보령시,truck,total,13515,대,화물>계,5498,432,1
202605,시군구,충남,보령시,total,private,54809,대,총계>자가용,5498,432,1
202605,시군구,충남,보령시,van,private,1266,대,승합>자가용,5498,432,0
202605,시군구,충남,보령시,special,total,366,대,특수>계,5498,432,1
202605,시군구,충남,보령시,passenger,business,561,대,승용>영업용,5498,432,0
202605,시군구,충남,보령시,truck,official,188,대,화물>관용,5498,432,0
202605,시군구,충남,보령시,special,business,125,대,특수>영업용,5498,432,0
202605,시군구,충남,보령시,total,official,439,대,총계>관용,5498,432,1
202605,시군구,충남,보령시,total,business,1375,대,총계>영업용,5498,432,1
202605,시군구,충남,보령시,total,total,56623,대,총계>계,5498,432,1
202605,시군구,충남,보령시,van,official,68,대,승합>관용,5498,432,0
202605,시군구,충남,보령시,truck,business,507,대,화물>영업용,5498,432,0
202605,시군구,충남,보령시,van,total,1516,대,승합>계,5498,432,1
202605,시군구,충남,보령시,passenger,official,148,대,승용>관용,5498,432,0
202605,시군구,충남,보령시,passenger,private,40517,대,승용>자가용,5498,432,0
202605,시군구,충남,보령시,passenger,total,41226,대,승용>계,5498,432,1
202605,시군구,충남,보령시,special,private,206,대,특수>자가용,5498,432,0
202605,시군구,충남,보령시,van,business,182,대,승합>영업용,5498,432,0
202605,시군구,충남,부여군,truck,private,11277,대,화물>자가용,5498,433,0
202605,시군구,충남,부여군,special,official,17,대,특수>관용,5498,433,0
202605,시군구,충남,부여군,truck,total,11835,대,화물>계,5498,433,1
202605,시군구,충남,부여군,total,private,35817,대,총계>자가용,5498,433,1
202605,시군구,충남,부여군,van,private,987,대,승합>자가용,5498,433,0
202605,시군구,충남,부여군,special,total,188,대,특수>계,5498,433,1
202605,시군구,충남,부여군,passenger,business,180,대,승용>영업용,5498,433,0
202605,시군구,충남,부여군,truck,official,161,대,화물>관용,5498,433,0
202605,시군구,충남,부여군,special,business,58,대,특수>영업용,5498,433,0
202605,시군구,충남,부여군,total,official,363,대,총계>관용,5498,433,1
202605,시군구,충남,부여군,total,business,952,대,총계>영업용,5498,433,1
202605,시군구,충남,부여군,total,total,37132,대,총계>계,5498,433,1
202605,시군구,충남,부여군,van,official,76,대,승합>관용,5498,433,0
202605,시군구,충남,부여군,truck,business,397,대,화물>영업용,5498,433,0
202605,시군구,충남,부여군,van,total,1380,대,승합>계,5498,433,1
202605,시군구,충남,부여군,passenger,official,109,대,승용>관용,5498,433,0
202605,시군구,충남,부여군,passenger,private,23440,대,승용>자가용,5498,433,0
202605,시군구,충남,부여군,passenger,total,23729,대,승용>계,5498,433,1
202605,시군구,충남,부여군,special,private,113,대,특수>자가용,5498,433,0
202605,시군구,충남,부여군,van,business,317,대,승합>영업용,5498,433,0
202605,시군구,충남,서산시,truck,private,19081,대,화물>자가용,5498,434,0
202605,시군구,충남,서산시,special,official,25,대,특수>관용,5498,434,0
202605,시군구,충남,서산시,truck,total,21163,대,화물>계,5498,434,1
202605,시군구,충남,서산시,total,private,104397,대,총계>자가용,5498,434,1
202605,시군구,충남,서산시,van,private,2225,대,승합>자가용,5498,434,0
202605,시군구,충남,서산시,special,total,911,대,특수>계,5498,434,1
202605,시군구,충남,서산시,passenger,business,830,대,승용>영업용,5498,434,0
202605,시군구,충남,서산시,truck,official,168,대,화물>관용,5498,434,0
202605,시군구,충남,서산시,special,business,447,대,특수>영업용,5498,434,0
202605,시군구,충남,서산시,total,official,472,대,총계>관용,5498,434,1
202605,시군구,충남,서산시,total,business,3678,대,총계>영업용,5498,434,1
202605,시군구,충남,서산시,total,total,108547,대,총계>계,5498,434,1
202605,시군구,충남,서산시,van,official,87,대,승합>관용,5498,434,0
202605,시군구,충남,서산시,truck,business,1914,대,화물>영업용,5498,434,0
202605,시군구,충남,서산시,van,total,2799,대,승합>계,5498,434,1
202605,시군구,충남,서산시,passenger,official,192,대,승용>관용,5498,434,0
202605,시군구,충남,서산시,passenger,private,82652,대,승용>자가용,5498,434,0
202605,시군구,충남,서산시,passenger,total,83674,대,승용>계,5498,434,1
202605,시군구,충남,서산시,special,private,439,대,특수>자가용,5498,434,0
202605,시군구,충남,서산시,van,business,487,대,승합>영업용,5498,434,0
202605,시군구,충남,서천군,truck,private,7750,대,화물>자가용,5498,435,0
202605,시군구,충남,서천군,special,official,16,대,특수>관용,5498,435,0
202605,시군구,충남,서천군,truck,total,8285,대,화물>계,5498,435,1
202605,시군구,충남,서천군,total,private,28300,대,총계>자가용,5498,435,1
202605,시군구,충남,서천군,van,private,645,대,승합>자가용,5498,435,0
202605,시군구,충남,서천군,special,total,193,대,특수>계,5498,435,1
202605,시군구,충남,서천군,passenger,business,143,대,승용>영업용,5498,435,0
202605,시군구,충남,서천군,truck,official,105,대,화물>관용,5498,435,0
202605,시군구,충남,서천군,special,business,81,대,특수>영업용,5498,435,0
202605,시군구,충남,서천군,total,official,240,대,총계>관용,5498,435,1
202605,시군구,충남,서천군,total,business,768,대,총계>영업용,5498,435,1
202605,시군구,충남,서천군,total,total,29308,대,총계>계,5498,435,1
202605,시군구,충남,서천군,van,official,38,대,승합>관용,5498,435,0
202605,시군구,충남,서천군,truck,business,430,대,화물>영업용,5498,435,0
202605,시군구,충남,서천군,van,total,797,대,승합>계,5498,435,1
202605,시군구,충남,서천군,passenger,official,81,대,승용>관용,5498,435,0
202605,시군구,충남,서천군,passenger,private,19809,대,승용>자가용,5498,435,0
202605,시군구,충남,서천군,passenger,total,20033,대,승용>계,5498,435,1
202605,시군구,충남,서천군,special,private,96,대,특수>자가용,5498,435,0
202605,시군구,충남,서천군,van,business,114,대,승합>영업용,5498,435,0
202605,시군구,충남,아산시,truck,private,24328,대,화물>자가용,5498,436,0
202605,시군구,충남,아산시,special,official,55,대,특수>관용,5498,436,0
202605,시군구,충남,아산시,truck,total,28359,대,화물>계,5498,436,1
202605,시군구,충남,아산시,total,private,211439,대,총계>자가용,5498,436,1
202605,시군구,충남,아산시,van,private,4173,대,승합>자가용,5498,436,0
202605,시군구,충남,아산시,special,total,1176,대,특수>계,5498,436,1
202605,시군구,충남,아산시,passenger,business,1845,대,승용>영업용,5498,436,0
202605,시군구,충남,아산시,truck,official,201,대,화물>관용,5498,436,0
202605,시군구,충남,아산시,special,business,353,대,특수>영업용,5498,436,0
202605,시군구,충남,아산시,total,official,610,대,총계>관용,5498,436,1
202605,시군구,충남,아산시,total,business,6548,대,총계>영업용,5498,436,1
202605,시군구,충남,아산시,total,total,218597,대,총계>계,5498,436,1
202605,시군구,충남,아산시,van,official,130,대,승합>관용,5498,436,0
202605,시군구,충남,아산시,truck,business,3830,대,화물>영업용,5498,436,0
202605,시군구,충남,아산시,van,total,4823,대,승합>계,5498,436,1
202605,시군구,충남,아산시,passenger,official,224,대,승용>관용,5498,436,0
202605,시군구,충남,아산시,passenger,private,182170,대,승용>자가용,5498,436,0
202605,시군구,충남,아산시,passenger,total,184239,대,승용>계,5498,436,1
202605,시군구,충남,아산시,special,private,768,대,특수>자가용,5498,436,0
202605,시군구,충남,아산시,van,business,520,대,승합>영업용,5498,436,0
202605,시군구,충남,예산군,truck,private,11561,대,화물>자가용,5498,437,0
202605,시군구,충남,예산군,special,official,15,대,특수>관용,5498,437,0
202605,시군구,충남,예산군,truck,total,12495,대,화물>계,5498,437,1
202605,시군구,충남,예산군,total,private,49070,대,총계>자가용,5498,437,1
202605,시군구,충남,예산군,van,private,1282,대,승합>자가용,5498,437,0
202605,시군구,충남,예산군,special,total,365,대,특수>계,5498,437,1
202605,시군구,충남,예산군,passenger,business,279,대,승용>영업용,5498,437,0
202605,시군구,충남,예산군,truck,official,182,대,화물>관용,5498,437,0
202605,시군구,충남,예산군,special,business,124,대,특수>영업용,5498,437,0
202605,시군구,충남,예산군,total,official,480,대,총계>관용,5498,437,1
202605,시군구,충남,예산군,total,business,1463,대,총계>영업용,5498,437,1
202605,시군구,충남,예산군,total,total,51013,대,총계>계,5498,437,1
202605,시군구,충남,예산군,van,official,110,대,승합>관용,5498,437,0
202605,시군구,충남,예산군,truck,business,752,대,화물>영업용,5498,437,0
202605,시군구,충남,예산군,van,total,1700,대,승합>계,5498,437,1
202605,시군구,충남,예산군,passenger,official,173,대,승용>관용,5498,437,0
202605,시군구,충남,예산군,passenger,private,36001,대,승용>자가용,5498,437,0
202605,시군구,충남,예산군,passenger,total,36453,대,승용>계,5498,437,1
202605,시군구,충남,예산군,special,private,226,대,특수>자가용,5498,437,0
202605,시군구,충남,예산군,van,business,308,대,승합>영업용,5498,437,0
202605,시군구,충남,천안시 동남구,truck,private,19476,대,화물>자가용,5498,438,0
202605,시군구,충남,천안시 동남구,special,official,16,대,특수>관용,5498,438,0
202605,시군구,충남,천안시 동남구,truck,total,22620,대,화물>계,5498,438,1
202605,시군구,충남,천안시 동남구,total,private,146247,대,총계>자가용,5498,438,1
202605,시군구,충남,천안시 동남구,van,private,3408,대,승합>자가용,5498,438,0
202605,시군구,충남,천안시 동남구,special,total,1072,대,특수>계,5498,438,1
202605,시군구,충남,천안시 동남구,passenger,business,2097,대,승용>영업용,5498,438,0
202605,시군구,충남,천안시 동남구,truck,official,130,대,화물>관용,5498,438,0
202605,시군구,충남,천안시 동남구,special,business,388,대,특수>영업용,5498,438,0
202605,시군구,충남,천안시 동남구,total,official,316,대,총계>관용,5498,438,1
202605,시군구,충남,천안시 동남구,total,business,6204,대,총계>영업용,5498,438,1
202605,시군구,충남,천안시 동남구,total,total,152767,대,총계>계,5498,438,1
202605,시군구,충남,천안시 동남구,van,official,58,대,승합>관용,5498,438,0
202605,시군구,충남,천안시 동남구,truck,business,3014,대,화물>영업용,5498,438,0
202605,시군구,충남,천안시 동남구,van,total,4171,대,승합>계,5498,438,1
202605,시군구,충남,천안시 동남구,passenger,official,112,대,승용>관용,5498,438,0
202605,시군구,충남,천안시 동남구,passenger,private,122695,대,승용>자가용,5498,438,0
202605,시군구,충남,천안시 동남구,passenger,total,124904,대,승용>계,5498,438,1
202605,시군구,충남,천안시 동남구,special,private,668,대,특수>자가용,5498,438,0
202605,시군구,충남,천안시 동남구,van,business,705,대,승합>영업용,5498,438,0
202605,시군구,충남,천안시 서북구,truck,private,20799,대,화물>자가용,5498,439,0
202605,시군구,충남,천안시 서북구,special,official,21,대,특수>관용,5498,439,0
202605,시군구,충남,천안시 서북구,truck,total,23731,대,화물>계,5498,439,1
202605,시군구,충남,천안시 서북구,total,private,212836,대,총계>자가용,5498,439,1
202605,시군구,충남,천안시 서북구,van,private,3931,대,승합>자가용,5498,439,0
202605,시군구,충남,천안시 서북구,special,total,1037,대,특수>계,5498,439,1
202605,시군구,충남,천안시 서북구,passenger,business,1565,대,승용>영업용,5498,439,0
202605,시군구,충남,천안시 서북구,truck,official,224,대,화물>관용,5498,439,0
202605,시군구,충남,천안시 서북구,special,business,320,대,특수>영업용,5498,439,0
202605,시군구,충남,천안시 서북구,total,official,566,대,총계>관용,5498,439,1
202605,시군구,충남,천안시 서북구,total,business,5494,대,총계>영업용,5498,439,1
202605,시군구,충남,천안시 서북구,total,total,218896,대,총계>계,5498,439,1
202605,시군구,충남,천안시 서북구,van,official,154,대,승합>관용,5498,439,0
202605,시군구,충남,천안시 서북구,truck,business,2708,대,화물>영업용,5498,439,0
202605,시군구,충남,천안시 서북구,van,total,4986,대,승합>계,5498,439,1
202605,시군구,충남,천안시 서북구,passenger,official,167,대,승용>관용,5498,439,0
202605,시군구,충남,천안시 서북구,passenger,private,187410,대,승용>자가용,5498,439,0
202605,시군구,충남,천안시 서북구,passenger,total,189142,대,승용>계,5498,439,1
202605,시군구,충남,천안시 서북구,special,private,696,대,특수>자가용,5498,439,0
202605,시군구,충남,천안시 서북구,van,business,901,대,승합>영업용,5498,439,0
202605,시군구,충남,청양군,truck,private,6129,대,화물>자가용,5498,440,0
202605,시군구,충남,청양군,special,official,18,대,특수>관용,5498,440,0
202605,시군구,충남,청양군,truck,total,6787,대,화물>계,5498,440,1
202605,시군구,충남,청양군,total,private,18945,대,총계>자가용,5498,440,1
202605,시군구,충남,청양군,van,private,417,대,승합>자가용,5498,440,0
202605,시군구,충남,청양군,special,total,171,대,특수>계,5498,440,1
202605,시군구,충남,청양군,passenger,business,63,대,승용>영업용,5498,440,0
202605,시군구,충남,청양군,truck,official,130,대,화물>관용,5498,440,0
202605,시군구,충남,청양군,special,business,67,대,특수>영업용,5498,440,0
202605,시군구,충남,청양군,total,official,303,대,총계>관용,5498,440,1
202605,시군구,충남,청양군,total,business,719,대,총계>영업용,5498,440,1
202605,시군구,충남,청양군,total,total,19967,대,총계>계,5498,440,1
202605,시군구,충남,청양군,van,official,60,대,승합>관용,5498,440,0
202605,시군구,충남,청양군,truck,business,528,대,화물>영업용,5498,440,0
202605,시군구,충남,청양군,van,total,538,대,승합>계,5498,440,1
202605,시군구,충남,청양군,passenger,official,95,대,승용>관용,5498,440,0
202605,시군구,충남,청양군,passenger,private,12313,대,승용>자가용,5498,440,0
202605,시군구,충남,청양군,passenger,total,12471,대,승용>계,5498,440,1
202605,시군구,충남,청양군,special,private,86,대,특수>자가용,5498,440,0
202605,시군구,충남,청양군,van,business,61,대,승합>영업용,5498,440,0
202605,시군구,충남,태안군,truck,private,10872,대,화물>자가용,5498,441,0
202605,시군구,충남,태안군,special,official,19,대,특수>관용,5498,441,0
202605,시군구,충남,태안군,truck,total,11322,대,화물>계,5498,441,1
202605,시군구,충남,태안군,total,private,36929,대,총계>자가용,5498,441,1
202605,시군구,충남,태안군,van,private,910,대,승합>자가용,5498,441,0
202605,시군구,충남,태안군,special,total,216,대,특수>계,5498,441,1
202605,시군구,충남,태안군,passenger,business,184,대,승용>영업용,5498,441,0
202605,시군구,충남,태안군,truck,official,193,대,화물>관용,5498,441,0
202605,시군구,충남,태안군,special,business,47,대,특수>영업용,5498,441,0
202605,시군구,충남,태안군,total,official,344,대,총계>관용,5498,441,1
202605,시군구,충남,태안군,total,business,607,대,총계>영업용,5498,441,1
202605,시군구,충남,태안군,total,total,37880,대,총계>계,5498,441,1
202605,시군구,충남,태안군,van,official,43,대,승합>관용,5498,441,0
202605,시군구,충남,태안군,truck,business,257,대,화물>영업용,5498,441,0
202605,시군구,충남,태안군,van,total,1072,대,승합>계,5498,441,1
202605,시군구,충남,태안군,passenger,official,89,대,승용>관용,5498,441,0
202605,시군구,충남,태안군,passenger,private,24997,대,승용>자가용,5498,441,0
202605,시군구,충남,태안군,passenger,total,25270,대,승용>계,5498,441,1
202605,시군구,충남,태안군,special,private,150,대,특수>자가용,5498,441,0
202605,시군구,충남,태안군,van,business,119,대,승합>영업용,5498,441,0
202605,시군구,충남,홍성군,truck,private,12394,대,화물>자가용,5498,442,0
202605,시군구,충남,홍성군,special,official,32,대,특수>관용,5498,442,0
202605,시군구,충남,홍성군,truck,total,13332,대,화물>계,5498,442,1
202605,시군구,충남,홍성군,total,private,59575,대,총계>자가용,5498,442,1
202605,시군구,충남,홍성군,van,private,1281,대,승합>자가용,5498,442,0
202605,시군구,충남,홍성군,special,total,406,대,특수>계,5498,442,1
202605,시군구,충남,홍성군,passenger,business,446,대,승용>영업용,5498,442,0
202605,시군구,충남,홍성군,truck,official,142,대,화물>관용,5498,442,0
202605,시군구,충남,홍성군,special,business,128,대,특수>영업용,5498,442,0
202605,시군구,충남,홍성군,total,official,441,대,총계>관용,5498,442,1
202605,시군구,충남,홍성군,total,business,1590,대,총계>영업용,5498,442,1
202605,시군구,충남,홍성군,total,total,61606,대,총계>계,5498,442,1
202605,시군구,충남,홍성군,van,official,93,대,승합>관용,5498,442,0
202605,시군구,충남,홍성군,truck,business,796,대,화물>영업용,5498,442,0
202605,시군구,충남,홍성군,van,total,1594,대,승합>계,5498,442,1
202605,시군구,충남,홍성군,passenger,official,174,대,승용>관용,5498,442,0
202605,시군구,충남,홍성군,passenger,private,45654,대,승용>자가용,5498,442,0
202605,시군구,충남,홍성군,passenger,total,46274,대,승용>계,5498,442,1
202605,시군구,충남,홍성군,special,private,246,대,특수>자가용,5498,442,0
202605,시군구,충남,홍성군,van,business,220,대,승합>영업용,5498,442,0
202605,시도,충남,,truck,private,214999,대,화물>자가용,5498,443,0
202605,시도,충남,,special,official,364,대,특수>관용,5498,443,0
202605,시도,충남,,truck,total,237835,대,화물>계,5498,443,1
202605,시도,충남,,total,private,1248507,대,총계>자가용,5498,443,1
202605,시도,충남,,van,private,27500,대,승합>자가용,5498,443,0
202605,시도,충남,,special,total,8598,대,특수>계,5498,443,1
202605,시도,충남,,passenger,business,14818,대,승용>영업용,5498,443,0
202605,시도,충남,,truck,official,2574,대,화물>관용,5498,443,0
202605,시도,충남,,special,business,3267,대,특수>영업용,5498,443,0
202605,시도,충남,,total,official,6472,대,총계>관용,5498,443,1
202605,시도,충남,,total,business,43648,대,총계>영업용,5498,443,1
202605,시도,충남,,total,total,1298627,대,총계>계,5498,443,1
202605,시도,충남,,van,official,1270,대,승합>관용,5498,443,0
202605,시도,충남,,truck,business,20262,대,화물>영업용,5498,443,0
202605,시도,충남,,van,total,34071,대,승합>계,5498,443,1
202605,시도,충남,,passenger,official,2264,대,승용>관용,5498,443,0
202605,시도,충남,,passenger,private,1001041,대,승용>자가용,5498,443,0
202605,시도,충남,,passenger,total,1018123,대,승용>계,5498,443,1
202605,시도,충남,,special,private,4967,대,특수>자가용,5498,443,0
202605,시도,충남,,van,business,5301,대,승합>영업용,5498,443,0
202605,시군구,전남,강진군,truck,private,6610,대,화물>자가용,5498,444,0
202605,시군구,전남,강진군,special,official,12,대,특수>관용,5498,444,0
202605,시군구,전남,강진군,truck,total,7462,대,화물>계,5498,444,1
202605,시군구,전남,강진군,total,private,19905,대,총계>자가용,5498,444,1
202605,시군구,전남,강진군,van,private,439,대,승합>자가용,5498,444,0
202605,시군구,전남,강진군,special,total,142,대,특수>계,5498,444,1
202605,시군구,전남,강진군,passenger,business,150,대,승용>영업용,5498,444,0
202605,시군구,전남,강진군,truck,official,106,대,화물>관용,5498,444,0
202605,시군구,전남,강진군,special,business,40,대,특수>영업용,5498,444,0
202605,시군구,전남,강진군,total,official,271,대,총계>관용,5498,444,1
202605,시군구,전남,강진군,total,business,1023,대,총계>영업용,5498,444,1
202605,시군구,전남,강진군,total,total,21199,대,총계>계,5498,444,1
202605,시군구,전남,강진군,van,official,61,대,승합>관용,5498,444,0
202605,시군구,전남,강진군,truck,business,746,대,화물>영업용,5498,444,0
202605,시군구,전남,강진군,van,total,587,대,승합>계,5498,444,1
202605,시군구,전남,강진군,passenger,official,92,대,승용>관용,5498,444,0
202605,시군구,전남,강진군,passenger,private,12766,대,승용>자가용,5498,444,0
202605,시군구,전남,강진군,passenger,total,13008,대,승용>계,5498,444,1
202605,시군구,전남,강진군,special,private,90,대,특수>자가용,5498,444,0
202605,시군구,전남,강진군,van,business,87,대,승합>영업용,5498,444,0
202605,시군구,전남,고흥군,truck,private,12888,대,화물>자가용,5498,445,0
202605,시군구,전남,고흥군,special,official,11,대,특수>관용,5498,445,0
202605,시군구,전남,고흥군,truck,total,13292,대,화물>계,5498,445,1
202605,시군구,전남,고흥군,total,private,35779,대,총계>자가용,5498,445,1
202605,시군구,전남,고흥군,van,private,972,대,승합>자가용,5498,445,0
202605,시군구,전남,고흥군,special,total,189,대,특수>계,5498,445,1
202605,시군구,전남,고흥군,passenger,business,163,대,승용>영업용,5498,445,0
202605,시군구,전남,고흥군,truck,official,138,대,화물>관용,5498,445,0
202605,시군구,전남,고흥군,special,business,36,대,특수>영업용,5498,445,0
202605,시군구,전남,고흥군,total,official,336,대,총계>관용,5498,445,1
202605,시군구,전남,고흥군,total,business,547,대,총계>영업용,5498,445,1
202605,시군구,전남,고흥군,total,total,36662,대,총계>계,5498,445,1
202605,시군구,전남,고흥군,van,official,78,대,승합>관용,5498,445,0
202605,시군구,전남,고흥군,truck,business,266,대,화물>영업용,5498,445,0
202605,시군구,전남,고흥군,van,total,1132,대,승합>계,5498,445,1
202605,시군구,전남,고흥군,passenger,official,109,대,승용>관용,5498,445,0
202605,시군구,전남,고흥군,passenger,private,21777,대,승용>자가용,5498,445,0
202605,시군구,전남,고흥군,passenger,total,22049,대,승용>계,5498,445,1
202605,시군구,전남,고흥군,special,private,142,대,특수>자가용,5498,445,0
202605,시군구,전남,고흥군,van,business,82,대,승합>영업용,5498,445,0
202605,시군구,전남,곡성군,truck,private,5226,대,화물>자가용,5498,446,0
202605,시군구,전남,곡성군,special,official,6,대,특수>관용,5498,446,0
202605,시군구,전남,곡성군,truck,total,5703,대,화물>계,5498,446,1
202605,시군구,전남,곡성군,total,private,17497,대,총계>자가용,5498,446,1
202605,시군구,전남,곡성군,van,private,400,대,승합>자가용,5498,446,0
202605,시군구,전남,곡성군,special,total,139,대,특수>계,5498,446,1
202605,시군구,전남,곡성군,passenger,business,113,대,승용>영업용,5498,446,0
202605,시군구,전남,곡성군,truck,official,74,대,화물>관용,5498,446,0
202605,시군구,전남,곡성군,special,business,69,대,특수>영업용,5498,446,0
202605,시군구,전남,곡성군,total,official,185,대,총계>관용,5498,446,1
202605,시군구,전남,곡성군,total,business,639,대,총계>영업용,5498,446,1
202605,시군구,전남,곡성군,total,total,18321,대,총계>계,5498,446,1
202605,시군구,전남,곡성군,van,official,38,대,승합>관용,5498,446,0
202605,시군구,전남,곡성군,truck,business,403,대,화물>영업용,5498,446,0
202605,시군구,전남,곡성군,van,total,492,대,승합>계,5498,446,1
202605,시군구,전남,곡성군,passenger,official,67,대,승용>관용,5498,446,0
202605,시군구,전남,곡성군,passenger,private,11807,대,승용>자가용,5498,446,0
202605,시군구,전남,곡성군,passenger,total,11987,대,승용>계,5498,446,1
202605,시군구,전남,곡성군,special,private,64,대,특수>자가용,5498,446,0
202605,시군구,전남,곡성군,van,business,54,대,승합>영업용,5498,446,0
202605,시군구,전남,광양시,truck,private,14786,대,화물>자가용,5498,447,0
202605,시군구,전남,광양시,special,official,15,대,특수>관용,5498,447,0
202605,시군구,전남,광양시,truck,total,18388,대,화물>계,5498,447,1
202605,시군구,전남,광양시,total,private,98154,대,총계>자가용,5498,447,1
202605,시군구,전남,광양시,van,private,1995,대,승합>자가용,5498,447,0
202605,시군구,전남,광양시,special,total,2296,대,특수>계,5498,447,1
202605,시군구,전남,광양시,passenger,business,631,대,승용>영업용,5498,447,0
202605,시군구,전남,광양시,truck,official,90,대,화물>관용,5498,447,0
202605,시군구,전남,광양시,special,business,1722,대,특수>영업용,5498,447,0
202605,시군구,전남,광양시,total,official,272,대,총계>관용,5498,447,1
202605,시군구,전남,광양시,total,business,6155,대,총계>영업용,5498,447,1
202605,시군구,전남,광양시,total,total,104581,대,총계>계,5498,447,1
202605,시군구,전남,광양시,van,official,70,대,승합>관용,5498,447,0
202605,시군구,전남,광양시,truck,business,3512,대,화물>영업용,5498,447,0
202605,시군구,전남,광양시,van,total,2355,대,승합>계,5498,447,1
202605,시군구,전남,광양시,passenger,official,97,대,승용>관용,5498,447,0
202605,시군구,전남,광양시,passenger,private,80814,대,승용>자가용,5498,447,0
202605,시군구,전남,광양시,passenger,total,81542,대,승용>계,5498,447,1
202605,시군구,전남,광양시,special,private,559,대,특수>자가용,5498,447,0
202605,시군구,전남,광양시,van,business,290,대,승합>영업용,5498,447,0
202605,시군구,전남,구례군,truck,private,3966,대,화물>자가용,5498,448,0
202605,시군구,전남,구례군,special,official,4,대,특수>관용,5498,448,0
202605,시군구,전남,구례군,truck,total,4203,대,화물>계,5498,448,1
202605,시군구,전남,구례군,total,private,14036,대,총계>자가용,5498,448,1
202605,시군구,전남,구례군,van,private,357,대,승합>자가용,5498,448,0
202605,시군구,전남,구례군,special,total,94,대,특수>계,5498,448,1
202605,시군구,전남,구례군,passenger,business,156,대,승용>영업용,5498,448,0
202605,시군구,전남,구례군,truck,official,77,대,화물>관용,5498,448,0
202605,시군구,전남,구례군,special,business,17,대,특수>영업용,5498,448,0
202605,시군구,전남,구례군,total,official,184,대,총계>관용,5498,448,1
202605,시군구,전남,구례군,total,business,387,대,총계>영업용,5498,448,1
202605,시군구,전남,구례군,total,total,14607,대,총계>계,5498,448,1
202605,시군구,전남,구례군,van,official,41,대,승합>관용,5498,448,0
202605,시군구,전남,구례군,truck,business,160,대,화물>영업용,5498,448,0
202605,시군구,전남,구례군,van,total,452,대,승합>계,5498,448,1
202605,시군구,전남,구례군,passenger,official,62,대,승용>관용,5498,448,0
202605,시군구,전남,구례군,passenger,private,9640,대,승용>자가용,5498,448,0
202605,시군구,전남,구례군,passenger,total,9858,대,승용>계,5498,448,1
202605,시군구,전남,구례군,special,private,73,대,특수>자가용,5498,448,0
202605,시군구,전남,구례군,van,business,54,대,승합>영업용,5498,448,0
202605,시군구,전남,나주시,truck,private,15539,대,화물>자가용,5498,449,0
202605,시군구,전남,나주시,special,official,21,대,특수>관용,5498,449,0
202605,시군구,전남,나주시,truck,total,17435,대,화물>계,5498,449,1
202605,시군구,전남,나주시,total,private,72253,대,총계>자가용,5498,449,1
202605,시군구,전남,나주시,van,private,1764,대,승합>자가용,5498,449,0
202605,시군구,전남,나주시,special,total,669,대,특수>계,5498,449,1
202605,시군구,전남,나주시,passenger,business,743,대,승용>영업용,5498,449,0
202605,시군구,전남,나주시,truck,official,224,대,화물>관용,5498,449,0
202605,시군구,전남,나주시,special,business,264,대,특수>영업용,5498,449,0
202605,시군구,전남,나주시,total,official,508,대,총계>관용,5498,449,1
202605,시군구,전남,나주시,total,business,3022,대,총계>영업용,5498,449,1
202605,시군구,전남,나주시,total,total,75783,대,총계>계,5498,449,1
202605,시군구,전남,나주시,van,official,117,대,승합>관용,5498,449,0
202605,시군구,전남,나주시,truck,business,1672,대,화물>영업용,5498,449,0
202605,시군구,전남,나주시,van,total,2224,대,승합>계,5498,449,1
202605,시군구,전남,나주시,passenger,official,146,대,승용>관용,5498,449,0
202605,시군구,전남,나주시,passenger,private,54566,대,승용>자가용,5498,449,0
202605,시군구,전남,나주시,passenger,total,55455,대,승용>계,5498,449,1
202605,시군구,전남,나주시,special,private,384,대,특수>자가용,5498,449,0
202605,시군구,전남,나주시,van,business,343,대,승합>영업용,5498,449,0
202605,시군구,전남,담양군,truck,private,7911,대,화물>자가용,5498,450,0
202605,시군구,전남,담양군,special,official,15,대,특수>관용,5498,450,0
202605,시군구,전남,담양군,truck,total,9036,대,화물>계,5498,450,1
202605,시군구,전남,담양군,total,private,29480,대,총계>자가용,5498,450,1
202605,시군구,전남,담양군,van,private,695,대,승합>자가용,5498,450,0
202605,시군구,전남,담양군,special,total,320,대,특수>계,5498,450,1
202605,시군구,전남,담양군,passenger,business,331,대,승용>영업용,5498,450,0
202605,시군구,전남,담양군,truck,official,77,대,화물>관용,5498,450,0
202605,시군구,전남,담양군,special,business,153,대,특수>영업용,5498,450,0
202605,시군구,전남,담양군,total,official,219,대,총계>관용,5498,450,1
202605,시군구,전남,담양군,total,business,1805,대,총계>영업용,5498,450,1
202605,시군구,전남,담양군,total,total,31504,대,총계>계,5498,450,1
202605,시군구,전남,담양군,van,official,47,대,승합>관용,5498,450,0
202605,시군구,전남,담양군,truck,business,1048,대,화물>영업용,5498,450,0
202605,시군구,전남,담양군,van,total,1015,대,승합>계,5498,450,1
202605,시군구,전남,담양군,passenger,official,80,대,승용>관용,5498,450,0
202605,시군구,전남,담양군,passenger,private,20722,대,승용>자가용,5498,450,0
202605,시군구,전남,담양군,passenger,total,21133,대,승용>계,5498,450,1
202605,시군구,전남,담양군,special,private,152,대,특수>자가용,5498,450,0
202605,시군구,전남,담양군,van,business,273,대,승합>영업용,5498,450,0
202605,시군구,전남,목포시,truck,private,12475,대,화물>자가용,5498,451,0
202605,시군구,전남,목포시,special,official,10,대,특수>관용,5498,451,0
202605,시군구,전남,목포시,truck,total,14906,대,화물>계,5498,451,1
202605,시군구,전남,목포시,total,private,95990,대,총계>자가용,5498,451,1
202605,시군구,전남,목포시,van,private,2370,대,승합>자가용,5498,451,0
202605,시군구,전남,목포시,special,total,704,대,특수>계,5498,451,1
202605,시군구,전남,목포시,passenger,business,2209,대,승용>영업용,5498,451,0
202605,시군구,전남,목포시,truck,official,150,대,화물>관용,5498,451,0
202605,시군구,전남,목포시,special,business,344,대,특수>영업용,5498,451,0
202605,시군구,전남,목포시,total,official,396,대,총계>관용,5498,451,1
202605,시군구,전남,목포시,total,business,5254,대,총계>영업용,5498,451,1
202605,시군구,전남,목포시,total,total,101640,대,총계>계,5498,451,1
202605,시군구,전남,목포시,van,official,109,대,승합>관용,5498,451,0
202605,시군구,전남,목포시,truck,business,2281,대,화물>영업용,5498,451,0
202605,시군구,전남,목포시,van,total,2899,대,승합>계,5498,451,1
202605,시군구,전남,목포시,passenger,official,127,대,승용>관용,5498,451,0
202605,시군구,전남,목포시,passenger,private,80795,대,승용>자가용,5498,451,0
202605,시군구,전남,목포시,passenger,total,83131,대,승용>계,5498,451,1
202605,시군구,전남,목포시,special,private,350,대,특수>자가용,5498,451,0
202605,시군구,전남,목포시,van,business,420,대,승합>영업용,5498,451,0
202605,시군구,전남,무안군,truck,private,12091,대,화물>자가용,5498,452,0
202605,시군구,전남,무안군,special,official,23,대,특수>관용,5498,452,0
202605,시군구,전남,무안군,truck,total,13210,대,화물>계,5498,452,1
202605,시군구,전남,무안군,total,private,57707,대,총계>자가용,5498,452,1
202605,시군구,전남,무안군,van,private,1400,대,승합>자가용,5498,452,0
202605,시군구,전남,무안군,special,total,374,대,특수>계,5498,452,1
202605,시군구,전남,무안군,passenger,business,155,대,승용>영업용,5498,452,0
202605,시군구,전남,무안군,truck,official,167,대,화물>관용,5498,452,0
202605,시군구,전남,무안군,special,business,138,대,특수>영업용,5498,452,0
202605,시군구,전남,무안군,total,official,667,대,총계>관용,5498,452,1
202605,시군구,전남,무안군,total,business,1314,대,총계>영업용,5498,452,1
202605,시군구,전남,무안군,total,total,59688,대,총계>계,5498,452,1
202605,시군구,전남,무안군,van,official,196,대,승합>관용,5498,452,0
202605,시군구,전남,무안군,truck,business,952,대,화물>영업용,5498,452,0
202605,시군구,전남,무안군,van,total,1665,대,승합>계,5498,452,1
202605,시군구,전남,무안군,passenger,official,281,대,승용>관용,5498,452,0
202605,시군구,전남,무안군,passenger,private,44003,대,승용>자가용,5498,452,0
202605,시군구,전남,무안군,passenger,total,44439,대,승용>계,5498,452,1
202605,시군구,전남,무안군,special,private,213,대,특수>자가용,5498,452,0
202605,시군구,전남,무안군,van,business,69,대,승합>영업용,5498,452,0
202605,시군구,전남,보성군,truck,private,8072,대,화물>자가용,5498,453,0
202605,시군구,전남,보성군,special,official,15,대,특수>관용,5498,453,0
202605,시군구,전남,보성군,truck,total,8532,대,화물>계,5498,453,1
202605,시군구,전남,보성군,total,private,23458,대,총계>자가용,5498,453,1
202605,시군구,전남,보성군,van,private,709,대,승합>자가용,5498,453,0
202605,시군구,전남,보성군,special,total,165,대,특수>계,5498,453,1
202605,시군구,전남,보성군,passenger,business,162,대,승용>영업용,5498,453,0
202605,시군구,전남,보성군,truck,official,105,대,화물>관용,5498,453,0
202605,시군구,전남,보성군,special,business,52,대,특수>영업용,5498,453,0
202605,시군구,전남,보성군,total,official,248,대,총계>관용,5498,453,1
202605,시군구,전남,보성군,total,business,633,대,총계>영업용,5498,453,1
202605,시군구,전남,보성군,total,total,24339,대,총계>계,5498,453,1
202605,시군구,전남,보성군,van,official,48,대,승합>관용,5498,453,0
202605,시군구,전남,보성군,truck,business,355,대,화물>영업용,5498,453,0
202605,시군구,전남,보성군,van,total,821,대,승합>계,5498,453,1
202605,시군구,전남,보성군,passenger,official,80,대,승용>관용,5498,453,0
202605,시군구,전남,보성군,passenger,private,14579,대,승용>자가용,5498,453,0
202605,시군구,전남,보성군,passenger,total,14821,대,승용>계,5498,453,1
202605,시군구,전남,보성군,special,private,98,대,특수>자가용,5498,453,0
202605,시군구,전남,보성군,van,business,64,대,승합>영업용,5498,453,0
202605,시군구,전남,순천시,truck,private,22602,대,화물>자가용,5498,454,0
202605,시군구,전남,순천시,special,official,22,대,특수>관용,5498,454,0
202605,시군구,전남,순천시,truck,total,25075,대,화물>계,5498,454,1
202605,시군구,전남,순천시,total,private,153022,대,총계>자가용,5498,454,1
202605,시군구,전남,순천시,van,private,2722,대,승합>자가용,5498,454,0
202605,시군구,전남,순천시,special,total,1476,대,특수>계,5498,454,1
202605,시군구,전남,순천시,passenger,business,1928,대,승용>영업용,5498,454,0
202605,시군구,전남,순천시,truck,official,199,대,화물>관용,5498,454,0
202605,시군구,전남,순천시,special,business,944,대,특수>영업용,5498,454,0
202605,시군구,전남,순천시,total,official,531,대,총계>관용,5498,454,1
202605,시군구,전남,순천시,total,business,5748,대,총계>영업용,5498,454,1
202605,시군구,전남,순천시,total,total,159301,대,총계>계,5498,454,1
202605,시군구,전남,순천시,van,official,124,대,승합>관용,5498,454,0
202605,시군구,전남,순천시,truck,business,2274,대,화물>영업용,5498,454,0
202605,시군구,전남,순천시,van,total,3448,대,승합>계,5498,454,1
202605,시군구,전남,순천시,passenger,official,186,대,승용>관용,5498,454,0
202605,시군구,전남,순천시,passenger,private,127188,대,승용>자가용,5498,454,0
202605,시군구,전남,순천시,passenger,total,129302,대,승용>계,5498,454,1
202605,시군구,전남,순천시,special,private,510,대,특수>자가용,5498,454,0
202605,시군구,전남,순천시,van,business,602,대,승합>영업용,5498,454,0
202605,시군구,전남,신안군,truck,private,9871,대,화물>자가용,5498,455,0
202605,시군구,전남,신안군,special,official,5,대,특수>관용,5498,455,0
202605,시군구,전남,신안군,truck,total,10460,대,화물>계,5498,455,1
202605,시군구,전남,신안군,total,private,27287,대,총계>자가용,5498,455,1
202605,시군구,전남,신안군,van,private,652,대,승합>자가용,5498,455,0
202605,시군구,전남,신안군,special,total,187,대,특수>계,5498,455,1
202605,시군구,전남,신안군,passenger,business,117845,대,승용>영업용,5498,455,0
202605,시군구,전남,신안군,truck,official,216,대,화물>관용,5498,455,0
202605,시군구,전남,신안군,special,business,27,대,특수>영업용,5498,455,0
202605,시군구,전남,신안군,total,official,424,대,총계>관용,5498,455,1
202605,시군구,전남,신안군,total,business,120459,대,총계>영업용,5498,455,1
202605,시군구,전남,신안군,total,total,148170,대,총계>계,5498,455,1
202605,시군구,전남,신안군,van,official,68,대,승합>관용,5498,455,0
202605,시군구,전남,신안군,truck,business,373,대,화물>영업용,5498,455,0
202605,시군구,전남,신안군,van,total,2934,대,승합>계,5498,455,1
202605,시군구,전남,신안군,passenger,official,135,대,승용>관용,5498,455,0
202605,시군구,전남,신안군,passenger,private,16609,대,승용>자가용,5498,455,0
202605,시군구,전남,신안군,passenger,total,134589,대,승용>계,5498,455,1
202605,시군구,전남,신안군,special,private,155,대,특수>자가용,5498,455,0
202605,시군구,전남,신안군,van,business,2214,대,승합>영업용,5498,455,0
202605,시군구,전남,여수시,truck,private,21332,대,화물>자가용,5498,456,0
202605,시군구,전남,여수시,special,official,18,대,특수>관용,5498,456,0
202605,시군구,전남,여수시,truck,total,25102,대,화물>계,5498,456,1
202605,시군구,전남,여수시,total,private,138363,대,총계>자가용,5498,456,1
202605,시군구,전남,여수시,van,private,2875,대,승합>자가용,5498,456,0
202605,시군구,전남,여수시,special,total,1289,대,특수>계,5498,456,1
202605,시군구,전남,여수시,passenger,business,2139,대,승용>영업용,5498,456,0
202605,시군구,전남,여수시,truck,official,201,대,화물>관용,5498,456,0
202605,시군구,전남,여수시,special,business,824,대,특수>영업용,5498,456,0
202605,시군구,전남,여수시,total,official,581,대,총계>관용,5498,456,1
202605,시군구,전남,여수시,total,business,7269,대,총계>영업용,5498,456,1
202605,시군구,전남,여수시,total,total,146213,대,총계>계,5498,456,1
202605,시군구,전남,여수시,van,official,152,대,승합>관용,5498,456,0
202605,시군구,전남,여수시,truck,business,3569,대,화물>영업용,5498,456,0
202605,시군구,전남,여수시,van,total,3764,대,승합>계,5498,456,1
202605,시군구,전남,여수시,passenger,official,210,대,승용>관용,5498,456,0
202605,시군구,전남,여수시,passenger,private,113709,대,승용>자가용,5498,456,0
202605,시군구,전남,여수시,passenger,total,116058,대,승용>계,5498,456,1
202605,시군구,전남,여수시,special,private,447,대,특수>자가용,5498,456,0
202605,시군구,전남,여수시,van,business,737,대,승합>영업용,5498,456,0
202605,시군구,전남,영광군,truck,private,8428,대,화물>자가용,5498,457,0
202605,시군구,전남,영광군,special,official,8,대,특수>관용,5498,457,0
202605,시군구,전남,영광군,truck,total,9070,대,화물>계,5498,457,1
202605,시군구,전남,영광군,total,private,32543,대,총계>자가용,5498,457,1
202605,시군구,전남,영광군,van,private,722,대,승합>자가용,5498,457,0
202605,시군구,전남,영광군,special,total,195,대,특수>계,5498,457,1
202605,시군구,전남,영광군,passenger,business,242,대,승용>영업용,5498,457,0
202605,시군구,전남,영광군,truck,official,116,대,화물>관용,5498,457,0
202605,시군구,전남,영광군,special,business,58,대,특수>영업용,5498,457,0
202605,시군구,전남,영광군,total,official,250,대,총계>관용,5498,457,1
202605,시군구,전남,영광군,total,business,935,대,총계>영업용,5498,457,1
202605,시군구,전남,영광군,total,total,33728,대,총계>계,5498,457,1
202605,시군구,전남,영광군,van,official,40,대,승합>관용,5498,457,0
202605,시군구,전남,영광군,truck,business,526,대,화물>영업용,5498,457,0
202605,시군구,전남,영광군,van,total,871,대,승합>계,5498,457,1
202605,시군구,전남,영광군,passenger,official,86,대,승용>관용,5498,457,0
202605,시군구,전남,영광군,passenger,private,23264,대,승용>자가용,5498,457,0
202605,시군구,전남,영광군,passenger,total,23592,대,승용>계,5498,457,1
202605,시군구,전남,영광군,special,private,129,대,특수>자가용,5498,457,0
202605,시군구,전남,영광군,van,business,109,대,승합>영업용,5498,457,0
202605,시군구,전남,영암군,truck,private,11468,대,화물>자가용,5498,458,0
202605,시군구,전남,영암군,special,official,14,대,특수>관용,5498,458,0
202605,시군구,전남,영암군,truck,total,12383,대,화물>계,5498,458,1
202605,시군구,전남,영암군,total,private,37896,대,총계>자가용,5498,458,1
202605,시군구,전남,영암군,van,private,1118,대,승합>자가용,5498,458,0
202605,시군구,전남,영암군,special,total,365,대,특수>계,5498,458,1
202605,시군구,전남,영암군,passenger,business,84,대,승용>영업용,5498,458,0
202605,시군구,전남,영암군,truck,official,115,대,화물>관용,5498,458,0
202605,시군구,전남,영암군,special,business,140,대,특수>영업용,5498,458,0
202605,시군구,전남,영암군,total,official,289,대,총계>관용,5498,458,1
202605,시군구,전남,영암군,total,business,1109,대,총계>영업용,5498,458,1
202605,시군구,전남,영암군,total,total,39294,대,총계>계,5498,458,1
202605,시군구,전남,영암군,van,official,65,대,승합>관용,5498,458,0
202605,시군구,전남,영암군,truck,business,800,대,화물>영업용,5498,458,0
202605,시군구,전남,영암군,van,total,1268,대,승합>계,5498,458,1
202605,시군구,전남,영암군,passenger,official,95,대,승용>관용,5498,458,0
202605,시군구,전남,영암군,passenger,private,25099,대,승용>자가용,5498,458,0
202605,시군구,전남,영암군,passenger,total,25278,대,승용>계,5498,458,1
202605,시군구,전남,영암군,special,private,211,대,특수>자가용,5498,458,0
202605,시군구,전남,영암군,van,business,85,대,승합>영업용,5498,458,0
202605,시군구,전남,완도군,truck,private,9707,대,화물>자가용,5498,459,0
202605,시군구,전남,완도군,special,official,10,대,특수>관용,5498,459,0
202605,시군구,전남,완도군,truck,total,10029,대,화물>계,5498,459,1
202605,시군구,전남,완도군,total,private,27045,대,총계>자가용,5498,459,1
202605,시군구,전남,완도군,van,private,659,대,승합>자가용,5498,459,0
202605,시군구,전남,완도군,special,total,140,대,특수>계,5498,459,1
202605,시군구,전남,완도군,passenger,business,162,대,승용>영업용,5498,459,0
202605,시군구,전남,완도군,truck,official,118,대,화물>관용,5498,459,0
202605,시군구,전남,완도군,special,business,30,대,특수>영업용,5498,459,0
202605,시군구,전남,완도군,total,official,322,대,총계>관용,5498,459,1
202605,시군구,전남,완도군,total,business,512,대,총계>영업용,5498,459,1
202605,시군구,전남,완도군,total,total,27879,대,총계>계,5498,459,1
202605,시군구,전남,완도군,van,official,54,대,승합>관용,5498,459,0
202605,시군구,전남,완도군,truck,business,204,대,화물>영업용,5498,459,0
202605,시군구,전남,완도군,van,total,829,대,승합>계,5498,459,1
202605,시군구,전남,완도군,passenger,official,140,대,승용>관용,5498,459,0
202605,시군구,전남,완도군,passenger,private,16579,대,승용>자가용,5498,459,0
202605,시군구,전남,완도군,passenger,total,16881,대,승용>계,5498,459,1
202605,시군구,전남,완도군,special,private,100,대,특수>자가용,5498,459,0
202605,시군구,전남,완도군,van,business,116,대,승합>영업용,5498,459,0
202605,시군구,전남,장성군,truck,private,8327,대,화물>자가용,5498,460,0
202605,시군구,전남,장성군,special,official,5,대,특수>관용,5498,460,0
202605,시군구,전남,장성군,truck,total,9338,대,화물>계,5498,460,1
202605,시군구,전남,장성군,total,private,29674,대,총계>자가용,5498,460,1
202605,시군구,전남,장성군,van,private,696,대,승합>자가용,5498,460,0
202605,시군구,전남,장성군,special,total,237,대,특수>계,5498,460,1
202605,시군구,전남,장성군,passenger,business,196,대,승용>영업용,5498,460,0
202605,시군구,전남,장성군,truck,official,89,대,화물>관용,5498,460,0
202605,시군구,전남,장성군,special,business,91,대,특수>영업용,5498,460,0
202605,시군구,전남,장성군,total,official,225,대,총계>관용,5498,460,1
202605,시군구,전남,장성군,total,business,1298,대,총계>영업용,5498,460,1
202605,시군구,전남,장성군,total,total,31197,대,총계>계,5498,460,1
202605,시군구,전남,장성군,van,official,47,대,승합>관용,5498,460,0
202605,시군구,전남,장성군,truck,business,922,대,화물>영업용,5498,460,0
202605,시군구,전남,장성군,van,total,832,대,승합>계,5498,460,1
202605,시군구,전남,장성군,passenger,official,84,대,승용>관용,5498,460,0
202605,시군구,전남,장성군,passenger,private,20510,대,승용>자가용,5498,460,0
202605,시군구,전남,장성군,passenger,total,20790,대,승용>계,5498,460,1
202605,시군구,전남,장성군,special,private,141,대,특수>자가용,5498,460,0
202605,시군구,전남,장성군,van,business,89,대,승합>영업용,5498,460,0
202605,시군구,전남,장흥군,truck,private,7110,대,화물>자가용,5498,461,0
202605,시군구,전남,장흥군,special,official,8,대,특수>관용,5498,461,0
202605,시군구,전남,장흥군,truck,total,7469,대,화물>계,5498,461,1
202605,시군구,전남,장흥군,total,private,21650,대,총계>자가용,5498,461,1
202605,시군구,전남,장흥군,van,private,519,대,승합>자가용,5498,461,0
202605,시군구,전남,장흥군,special,total,121,대,특수>계,5498,461,1
202605,시군구,전남,장흥군,passenger,business,78,대,승용>영업용,5498,461,0
202605,시군구,전남,장흥군,truck,official,105,대,화물>관용,5498,461,0
202605,시군구,전남,장흥군,special,business,28,대,특수>영업용,5498,461,0
202605,시군구,전남,장흥군,total,official,276,대,총계>관용,5498,461,1
202605,시군구,전남,장흥군,total,business,407,대,총계>영업용,5498,461,1
202605,시군구,전남,장흥군,total,total,22333,대,총계>계,5498,461,1
202605,시군구,전남,장흥군,van,official,70,대,승합>관용,5498,461,0
202605,시군구,전남,장흥군,truck,business,254,대,화물>영업용,5498,461,0
202605,시군구,전남,장흥군,van,total,636,대,승합>계,5498,461,1
202605,시군구,전남,장흥군,passenger,official,93,대,승용>관용,5498,461,0
202605,시군구,전남,장흥군,passenger,private,13936,대,승용>자가용,5498,461,0
202605,시군구,전남,장흥군,passenger,total,14107,대,승용>계,5498,461,1
202605,시군구,전남,장흥군,special,private,85,대,특수>자가용,5498,461,0
202605,시군구,전남,장흥군,van,business,47,대,승합>영업용,5498,461,0
202605,시군구,전남,진도군,truck,private,6440,대,화물>자가용,5498,462,0
202605,시군구,전남,진도군,special,official,9,대,특수>관용,5498,462,0
202605,시군구,전남,진도군,truck,total,6687,대,화물>계,5498,462,1
202605,시군구,전남,진도군,total,private,18647,대,총계>자가용,5498,462,1
202605,시군구,전남,진도군,van,private,498,대,승합>자가용,5498,462,0
202605,시군구,전남,진도군,special,total,108,대,특수>계,5498,462,1
202605,시군구,전남,진도군,passenger,business,93,대,승용>영업용,5498,462,0
202605,시군구,전남,진도군,truck,official,101,대,화물>관용,5498,462,0
202605,시군구,전남,진도군,special,business,24,대,특수>영업용,5498,462,0
202605,시군구,전남,진도군,total,official,239,대,총계>관용,5498,462,1
202605,시군구,전남,진도군,total,business,325,대,총계>영업용,5498,462,1
202605,시군구,전남,진도군,total,total,19211,대,총계>계,5498,462,1
202605,시군구,전남,진도군,van,official,46,대,승합>관용,5498,462,0
202605,시군구,전남,진도군,truck,business,146,대,화물>영업용,5498,462,0
202605,시군구,전남,진도군,van,total,606,대,승합>계,5498,462,1
202605,시군구,전남,진도군,passenger,official,83,대,승용>관용,5498,462,0
202605,시군구,전남,진도군,passenger,private,11634,대,승용>자가용,5498,462,0
202605,시군구,전남,진도군,passenger,total,11810,대,승용>계,5498,462,1
202605,시군구,전남,진도군,special,private,75,대,특수>자가용,5498,462,0
202605,시군구,전남,진도군,van,business,62,대,승합>영업용,5498,462,0
202605,시군구,전남,함평군,truck,private,6686,대,화물>자가용,5498,463,0
202605,시군구,전남,함평군,special,official,14,대,특수>관용,5498,463,0
202605,시군구,전남,함평군,truck,total,6985,대,화물>계,5498,463,1
202605,시군구,전남,함평군,total,private,20001,대,총계>자가용,5498,463,1
202605,시군구,전남,함평군,van,private,477,대,승합>자가용,5498,463,0
202605,시군구,전남,함평군,special,total,134,대,특수>계,5498,463,1
202605,시군구,전남,함평군,passenger,business,5800,대,승용>영업용,5498,463,0
202605,시군구,전남,함평군,truck,official,92,대,화물>관용,5498,463,0
202605,시군구,전남,함평군,special,business,27,대,특수>영업용,5498,463,0
202605,시군구,전남,함평군,total,official,229,대,총계>관용,5498,463,1
202605,시군구,전남,함평군,total,business,6160,대,총계>영업용,5498,463,1
202605,시군구,전남,함평군,total,total,26390,대,총계>계,5498,463,1
202605,시군구,전남,함평군,van,official,47,대,승합>관용,5498,463,0
202605,시군구,전남,함평군,truck,business,207,대,화물>영업용,5498,463,0
202605,시군구,전남,함평군,van,total,650,대,승합>계,5498,463,1
202605,시군구,전남,함평군,passenger,official,76,대,승용>관용,5498,463,0
202605,시군구,전남,함평군,passenger,private,12745,대,승용>자가용,5498,463,0
202605,시군구,전남,함평군,passenger,total,18621,대,승용>계,5498,463,1
202605,시군구,전남,함평군,special,private,93,대,특수>자가용,5498,463,0
202605,시군구,전남,함평군,van,business,126,대,승합>영업용,5498,463,0
202605,시군구,전남,해남군,truck,private,15784,대,화물>자가용,5498,464,0
202605,시군구,전남,해남군,special,official,10,대,특수>관용,5498,464,0
202605,시군구,전남,해남군,truck,total,16173,대,화물>계,5498,464,1
202605,시군구,전남,해남군,total,private,43294,대,총계>자가용,5498,464,1
202605,시군구,전남,해남군,van,private,1587,대,승합>자가용,5498,464,0
202605,시군구,전남,해남군,special,total,194,대,특수>계,5498,464,1
202605,시군구,전남,해남군,passenger,business,108432,대,승용>영업용,5498,464,0
202605,시군구,전남,해남군,truck,official,147,대,화물>관용,5498,464,0
202605,시군구,전남,해남군,special,business,42,대,특수>영업용,5498,464,0
202605,시군구,전남,해남군,total,official,351,대,총계>관용,5498,464,1
202605,시군구,전남,해남군,total,business,109514,대,총계>영업용,5498,464,1
202605,시군구,전남,해남군,total,total,153159,대,총계>계,5498,464,1
202605,시군구,전남,해남군,van,official,78,대,승합>관용,5498,464,0
202605,시군구,전남,해남군,truck,business,242,대,화물>영업용,5498,464,0
202605,시군구,전남,해남군,van,total,2463,대,승합>계,5498,464,1
202605,시군구,전남,해남군,passenger,official,116,대,승용>관용,5498,464,0
202605,시군구,전남,해남군,passenger,private,25781,대,승용>자가용,5498,464,0
202605,시군구,전남,해남군,passenger,total,134329,대,승용>계,5498,464,1
202605,시군구,전남,해남군,special,private,142,대,특수>자가용,5498,464,0
202605,시군구,전남,해남군,van,business,798,대,승합>영업용,5498,464,0
202605,시군구,전남,화순군,truck,private,8071,대,화물>자가용,5498,465,0
202605,시군구,전남,화순군,special,official,10,대,특수>관용,5498,465,0
202605,시군구,전남,화순군,truck,total,8747,대,화물>계,5498,465,1
202605,시군구,전남,화순군,total,private,35554,대,총계>자가용,5498,465,1
202605,시군구,전남,화순군,van,private,838,대,승합>자가용,5498,465,0
202605,시군구,전남,화순군,special,total,306,대,특수>계,5498,465,1
202605,시군구,전남,화순군,passenger,business,486,대,승용>영업용,5498,465,0
202605,시군구,전남,화순군,truck,official,111,대,화물>관용,5498,465,0
202605,시군구,전남,화순군,special,business,142,대,특수>영업용,5498,465,0
202605,시군구,전남,화순군,total,official,269,대,총계>관용,5498,465,1
202605,시군구,전남,화순군,total,business,1996,대,총계>영업용,5498,465,1
202605,시군구,전남,화순군,total,total,37819,대,총계>계,5498,465,1
202605,시군구,전남,화순군,van,official,51,대,승합>관용,5498,465,0
202605,시군구,전남,화순군,truck,business,565,대,화물>영업용,5498,465,0
202605,시군구,전남,화순군,van,total,1692,대,승합>계,5498,465,1
202605,시군구,전남,화순군,passenger,official,97,대,승용>관용,5498,465,0
202605,시군구,전남,화순군,passenger,private,26491,대,승용>자가용,5498,465,0
202605,시군구,전남,화순군,passenger,total,27074,대,승용>계,5498,465,1
202605,시군구,전남,화순군,special,private,154,대,특수>자가용,5498,465,0
202605,시군구,전남,화순군,van,business,803,대,승합>영업용,5498,465,0
202605,시도,전남,,truck,private,235390,대,화물>자가용,5498,466,0
202605,시도,전남,,special,official,265,대,특수>관용,5498,466,0
202605,시도,전남,,truck,total,259685,대,화물>계,5498,466,1
202605,시도,전남,,total,private,1049235,대,총계>자가용,5498,466,1
202605,시도,전남,,van,private,24464,대,승합>자가용,5498,466,0
202605,시도,전남,,special,total,9844,대,특수>계,5498,466,1
202605,시도,전남,,passenger,business,242298,대,승용>영업용,5498,466,0
202605,시도,전남,,truck,official,2818,대,화물>관용,5498,466,0
202605,시도,전남,,special,business,5212,대,특수>영업용,5498,466,0
202605,시도,전남,,total,official,7272,대,총계>관용,5498,466,1
202605,시도,전남,,total,business,276511,대,총계>영업용,5498,466,1
202605,시도,전남,,total,total,1333018,대,총계>계,5498,466,1
202605,시도,전남,,van,official,1647,대,승합>관용,5498,466,0
202605,시도,전남,,truck,business,21477,대,화물>영업용,5498,466,0
202605,시도,전남,,van,total,33635,대,승합>계,5498,466,1
202605,시도,전남,,passenger,official,2542,대,승용>관용,5498,466,0
202605,시도,전남,,passenger,private,785014,대,승용>자가용,5498,466,0
202605,시도,전남,,passenger,total,1029854,대,승용>계,5498,466,1
202605,시도,전남,,special,private,4367,대,특수>자가용,5498,466,0
202605,시도,전남,,van,business,7524,대,승합>영업용,5498,466,0
202605,시군구,경북,경산시,truck,private,22064,대,화물>자가용,5498,467,0
202605,시군구,경북,경산시,special,official,17,대,특수>관용,5498,467,0
202605,시군구,경북,경산시,truck,total,25008,대,화물>계,5498,467,1
202605,시군구,경북,경산시,total,private,146119,대,총계>자가용,5498,467,1
202605,시군구,경북,경산시,van,private,2811,대,승합>자가용,5498,467,0
202605,시군구,경북,경산시,special,total,884,대,특수>계,5498,467,1
202605,시군구,경북,경산시,passenger,business,909,대,승용>영업용,5498,467,0
202605,시군구,경북,경산시,truck,official,129,대,화물>관용,5498,467,0
202605,시군구,경북,경산시,special,business,408,대,특수>영업용,5498,467,0
202605,시군구,경북,경산시,total,official,395,대,총계>관용,5498,467,1
202605,시군구,경북,경산시,total,business,4516,대,총계>영업용,5498,467,1
202605,시군구,경북,경산시,total,total,151030,대,총계>계,5498,467,1
202605,시군구,경북,경산시,van,official,90,대,승합>관용,5498,467,0
202605,시군구,경북,경산시,truck,business,2815,대,화물>영업용,5498,467,0
202605,시군구,경북,경산시,van,total,3285,대,승합>계,5498,467,1
202605,시군구,경북,경산시,passenger,official,159,대,승용>관용,5498,467,0
202605,시군구,경북,경산시,passenger,private,120785,대,승용>자가용,5498,467,0
202605,시군구,경북,경산시,passenger,total,121853,대,승용>계,5498,467,1
202605,시군구,경북,경산시,special,private,459,대,특수>자가용,5498,467,0
202605,시군구,경북,경산시,van,business,384,대,승합>영업용,5498,467,0
202605,시군구,경북,경주시,truck,private,25850,대,화물>자가용,5498,468,0
202605,시군구,경북,경주시,special,official,20,대,특수>관용,5498,468,0
202605,시군구,경북,경주시,truck,total,28128,대,화물>계,5498,468,1
202605,시군구,경북,경주시,total,private,152222,대,총계>자가용,5498,468,1
202605,시군구,경북,경주시,van,private,3423,대,승합>자가용,5498,468,0
202605,시군구,경북,경주시,special,total,993,대,특수>계,5498,468,1
202605,시군구,경북,경주시,passenger,business,1573,대,승용>영업용,5498,468,0
202605,시군구,경북,경주시,truck,official,220,대,화물>관용,5498,468,0
202605,시군구,경북,경주시,special,business,375,대,특수>영업용,5498,468,0
202605,시군구,경북,경주시,total,official,604,대,총계>관용,5498,468,1
202605,시군구,경북,경주시,total,business,4519,대,총계>영업용,5498,468,1
202605,시군구,경북,경주시,total,total,157345,대,총계>계,5498,468,1
202605,시군구,경북,경주시,van,official,137,대,승합>관용,5498,468,0
202605,시군구,경북,경주시,truck,business,2058,대,화물>영업용,5498,468,0
202605,시군구,경북,경주시,van,total,4073,대,승합>계,5498,468,1
202605,시군구,경북,경주시,passenger,official,227,대,승용>관용,5498,468,0
202605,시군구,경북,경주시,passenger,private,122351,대,승용>자가용,5498,468,0
202605,시군구,경북,경주시,passenger,total,124151,대,승용>계,5498,468,1
202605,시군구,경북,경주시,special,private,598,대,특수>자가용,5498,468,0
202605,시군구,경북,경주시,van,business,513,대,승합>영업용,5498,468,0
202605,시군구,경북,고령군,truck,private,6578,대,화물>자가용,5498,469,0
202605,시군구,경북,고령군,special,official,18,대,특수>관용,5498,469,0
202605,시군구,경북,고령군,truck,total,7337,대,화물>계,5498,469,1
202605,시군구,경북,고령군,total,private,21986,대,총계>자가용,5498,469,1
202605,시군구,경북,고령군,van,private,602,대,승합>자가용,5498,469,0
202605,시군구,경북,고령군,special,total,160,대,특수>계,5498,469,1
202605,시군구,경북,고령군,passenger,business,36,대,승용>영업용,5498,469,0
202605,시군구,경북,고령군,truck,official,76,대,화물>관용,5498,469,0
202605,시군구,경북,고령군,special,business,54,대,특수>영업용,5498,469,0
202605,시군구,경북,고령군,total,official,185,대,총계>관용,5498,469,1
202605,시군구,경북,고령군,total,business,827,대,총계>영업용,5498,469,1
202605,시군구,경북,고령군,total,total,22998,대,총계>계,5498,469,1
202605,시군구,경북,고령군,van,official,31,대,승합>관용,5498,469,0
202605,시군구,경북,고령군,truck,business,683,대,화물>영업용,5498,469,0
202605,시군구,경북,고령군,van,total,687,대,승합>계,5498,469,1
202605,시군구,경북,고령군,passenger,official,60,대,승용>관용,5498,469,0
202605,시군구,경북,고령군,passenger,private,14718,대,승용>자가용,5498,469,0
202605,시군구,경북,고령군,passenger,total,14814,대,승용>계,5498,469,1
202605,시군구,경북,고령군,special,private,88,대,특수>자가용,5498,469,0
202605,시군구,경북,고령군,van,business,54,대,승합>영업용,5498,469,0
202605,시군구,경북,구미시,truck,private,25670,대,화물>자가용,5498,470,0
202605,시군구,경북,구미시,special,official,22,대,특수>관용,5498,470,0
202605,시군구,경북,구미시,truck,total,29525,대,화물>계,5498,470,1
202605,시군구,경북,구미시,total,private,227990,대,총계>자가용,5498,470,1
202605,시군구,경북,구미시,van,private,4556,대,승합>자가용,5498,470,0
202605,시군구,경북,구미시,special,total,1228,대,특수>계,5498,470,1
202605,시군구,경북,구미시,passenger,business,2349,대,승용>영업용,5498,470,0
202605,시군구,경북,구미시,truck,official,227,대,화물>관용,5498,470,0
202605,시군구,경북,구미시,special,business,481,대,특수>영업용,5498,470,0
202605,시군구,경북,구미시,total,official,560,대,총계>관용,5498,470,1
202605,시군구,경북,구미시,total,business,7271,대,총계>영업용,5498,470,1
202605,시군구,경북,구미시,total,total,235821,대,총계>계,5498,470,1
202605,시군구,경북,구미시,van,official,103,대,승합>관용,5498,470,0
202605,시군구,경북,구미시,truck,business,3628,대,화물>영업용,5498,470,0
202605,시군구,경북,구미시,van,total,5472,대,승합>계,5498,470,1
202605,시군구,경북,구미시,passenger,official,208,대,승용>관용,5498,470,0
202605,시군구,경북,구미시,passenger,private,197039,대,승용>자가용,5498,470,0
202605,시군구,경북,구미시,passenger,total,199596,대,승용>계,5498,470,1
202605,시군구,경북,구미시,special,private,725,대,특수>자가용,5498,470,0
202605,시군구,경북,구미시,van,business,813,대,승합>영업용,5498,470,0
202605,시군구,경북,군위군,truck,private,15,대,화물>자가용,5498,471,0
202605,시군구,경북,군위군,special,official,0,대,특수>관용,5498,471,0
202605,시군구,경북,군위군,truck,total,15,대,화물>계,5498,471,1
202605,시군구,경북,군위군,total,private,35,대,총계>자가용,5498,471,1
202605,시군구,경북,군위군,van,private,4,대,승합>자가용,5498,471,0
202605,시군구,경북,군위군,special,total,0,대,특수>계,5498,471,1
202605,시군구,경북,군위군,passenger,business,2,대,승용>영업용,5498,471,0
202605,시군구,경북,군위군,truck,official,0,대,화물>관용,5498,471,0
202605,시군구,경북,군위군,special,business,0,대,특수>영업용,5498,471,0
202605,시군구,경북,군위군,total,official,0,대,총계>관용,5498,471,1
202605,시군구,경북,군위군,total,business,2,대,총계>영업용,5498,471,1
202605,시군구,경북,군위군,total,total,37,대,총계>계,5498,471,1
202605,시군구,경북,군위군,van,official,0,대,승합>관용,5498,471,0
202605,시군구,경북,군위군,truck,business,0,대,화물>영업용,5498,471,0
202605,시군구,경북,군위군,van,total,4,대,승합>계,5498,471,1
202605,시군구,경북,군위군,passenger,official,0,대,승용>관용,5498,471,0
202605,시군구,경북,군위군,passenger,private,16,대,승용>자가용,5498,471,0
202605,시군구,경북,군위군,passenger,total,18,대,승용>계,5498,471,1
202605,시군구,경북,군위군,special,private,0,대,특수>자가용,5498,471,0
202605,시군구,경북,군위군,van,business,0,대,승합>영업용,5498,471,0
202605,시군구,경북,김천시,truck,private,17897,대,화물>자가용,5498,472,0
202605,시군구,경북,김천시,special,official,15,대,특수>관용,5498,472,0
202605,시군구,경북,김천시,truck,total,19242,대,화물>계,5498,472,1
202605,시군구,경북,김천시,total,private,79660,대,총계>자가용,5498,472,1
202605,시군구,경북,김천시,van,private,1857,대,승합>자가용,5498,472,0
202605,시군구,경북,김천시,special,total,471,대,특수>계,5498,472,1
202605,시군구,경북,김천시,passenger,business,588,대,승용>영업용,5498,472,0
202605,시군구,경북,김천시,truck,official,167,대,화물>관용,5498,472,0
202605,시군구,경북,김천시,special,business,186,대,특수>영업용,5498,472,0
202605,시군구,경북,김천시,total,official,415,대,총계>관용,5498,472,1
202605,시군구,경북,김천시,total,business,2229,대,총계>영업용,5498,472,1
202605,시군구,경북,김천시,total,total,82304,대,총계>계,5498,472,1
202605,시군구,경북,김천시,van,official,78,대,승합>관용,5498,472,0
202605,시군구,경북,김천시,truck,business,1178,대,화물>영업용,5498,472,0
202605,시군구,경북,김천시,van,total,2212,대,승합>계,5498,472,1
202605,시군구,경북,김천시,passenger,official,155,대,승용>관용,5498,472,0
202605,시군구,경북,김천시,passenger,private,59636,대,승용>자가용,5498,472,0
202605,시군구,경북,김천시,passenger,total,60379,대,승용>계,5498,472,1
202605,시군구,경북,김천시,special,private,270,대,특수>자가용,5498,472,0
202605,시군구,경북,김천시,van,business,277,대,승합>영업용,5498,472,0
202605,시군구,경북,문경시,truck,private,10368,대,화물>자가용,5498,473,0
202605,시군구,경북,문경시,special,official,13,대,특수>관용,5498,473,0
202605,시군구,경북,문경시,truck,total,10790,대,화물>계,5498,473,1
202605,시군구,경북,문경시,total,private,39133,대,총계>자가용,5498,473,1
202605,시군구,경북,문경시,van,private,1124,대,승합>자가용,5498,473,0
202605,시군구,경북,문경시,special,total,275,대,특수>계,5498,473,1
202605,시군구,경북,문경시,passenger,business,374,대,승용>영업용,5498,473,0
202605,시군구,경북,문경시,truck,official,127,대,화물>관용,5498,473,0
202605,시군구,경북,문경시,special,business,99,대,특수>영업용,5498,473,0
202605,시군구,경북,문경시,total,official,292,대,총계>관용,5498,473,1
202605,시군구,경북,문경시,total,business,885,대,총계>영업용,5498,473,1
202605,시군구,경북,문경시,total,total,40310,대,총계>계,5498,473,1
202605,시군구,경북,문경시,van,official,53,대,승합>관용,5498,473,0
202605,시군구,경북,문경시,truck,business,295,대,화물>영업용,5498,473,0
202605,시군구,경북,문경시,van,total,1294,대,승합>계,5498,473,1
202605,시군구,경북,문경시,passenger,official,99,대,승용>관용,5498,473,0
202605,시군구,경북,문경시,passenger,private,27478,대,승용>자가용,5498,473,0
202605,시군구,경북,문경시,passenger,total,27951,대,승용>계,5498,473,1
202605,시군구,경북,문경시,special,private,163,대,특수>자가용,5498,473,0
202605,시군구,경북,문경시,van,business,117,대,승합>영업용,5498,473,0
202605,시군구,경북,봉화군,truck,private,7188,대,화물>자가용,5498,474,0
202605,시군구,경북,봉화군,special,official,18,대,특수>관용,5498,474,0
202605,시군구,경북,봉화군,truck,total,7364,대,화물>계,5498,474,1
202605,시군구,경북,봉화군,total,private,18975,대,총계>자가용,5498,474,1
202605,시군구,경북,봉화군,van,private,391,대,승합>자가용,5498,474,0
202605,시군구,경북,봉화군,special,total,96,대,특수>계,5498,474,1
202605,시군구,경북,봉화군,passenger,business,45,대,승용>영업용,5498,474,0
202605,시군구,경북,봉화군,truck,official,91,대,화물>관용,5498,474,0
202605,시군구,경북,봉화군,special,business,15,대,특수>영업용,5498,474,0
202605,시군구,경북,봉화군,total,official,258,대,총계>관용,5498,474,1
202605,시군구,경북,봉화군,total,business,189,대,총계>영업용,5498,474,1
202605,시군구,경북,봉화군,total,total,19422,대,총계>계,5498,474,1
202605,시군구,경북,봉화군,van,official,50,대,승합>관용,5498,474,0
202605,시군구,경북,봉화군,truck,business,85,대,화물>영업용,5498,474,0
202605,시군구,경북,봉화군,van,total,485,대,승합>계,5498,474,1
202605,시군구,경북,봉화군,passenger,official,99,대,승용>관용,5498,474,0
202605,시군구,경북,봉화군,passenger,private,11333,대,승용>자가용,5498,474,0
202605,시군구,경북,봉화군,passenger,total,11477,대,승용>계,5498,474,1
202605,시군구,경북,봉화군,special,private,63,대,특수>자가용,5498,474,0
202605,시군구,경북,봉화군,van,business,44,대,승합>영업용,5498,474,0
202605,시군구,경북,상주시,truck,private,17377,대,화물>자가용,5498,475,0
202605,시군구,경북,상주시,special,official,17,대,특수>관용,5498,475,0
202605,시군구,경북,상주시,truck,total,18633,대,화물>계,5498,475,1
202605,시군구,경북,상주시,total,private,56914,대,총계>자가용,5498,475,1
202605,시군구,경북,상주시,van,private,1500,대,승합>자가용,5498,475,0
202605,시군구,경북,상주시,special,total,420,대,특수>계,5498,475,1
202605,시군구,경북,상주시,passenger,business,371,대,승용>영업용,5498,475,0
202605,시군구,경북,상주시,truck,official,209,대,화물>관용,5498,475,0
202605,시군구,경북,상주시,special,business,176,대,특수>영업용,5498,475,0
202605,시군구,경북,상주시,total,official,445,대,총계>관용,5498,475,1
202605,시군구,경북,상주시,total,business,1875,대,총계>영업용,5498,475,1
202605,시군구,경북,상주시,total,total,59234,대,총계>계,5498,475,1
202605,시군구,경북,상주시,van,official,85,대,승합>관용,5498,475,0
202605,시군구,경북,상주시,truck,business,1047,대,화물>영업용,5498,475,0
202605,시군구,경북,상주시,van,total,1866,대,승합>계,5498,475,1
202605,시군구,경북,상주시,passenger,official,134,대,승용>관용,5498,475,0
202605,시군구,경북,상주시,passenger,private,37810,대,승용>자가용,5498,475,0
202605,시군구,경북,상주시,passenger,total,38315,대,승용>계,5498,475,1
202605,시군구,경북,상주시,special,private,227,대,특수>자가용,5498,475,0
202605,시군구,경북,상주시,van,business,281,대,승합>영업용,5498,475,0
202605,시군구,경북,성주군,truck,private,11482,대,화물>자가용,5498,476,0
202605,시군구,경북,성주군,special,official,18,대,특수>관용,5498,476,0
202605,시군구,경북,성주군,truck,total,12525,대,화물>계,5498,476,1
202605,시군구,경북,성주군,total,private,33084,대,총계>자가용,5498,476,1
202605,시군구,경북,성주군,van,private,759,대,승합>자가용,5498,476,0
202605,시군구,경북,성주군,special,total,316,대,특수>계,5498,476,1
202605,시군구,경북,성주군,passenger,business,109,대,승용>영업용,5498,476,0
202605,시군구,경북,성주군,truck,official,88,대,화물>관용,5498,476,0
202605,시군구,경북,성주군,special,business,144,대,특수>영업용,5498,476,0
202605,시군구,경북,성주군,total,official,220,대,총계>관용,5498,476,1
202605,시군구,경북,성주군,total,business,1255,대,총계>영업용,5498,476,1
202605,시군구,경북,성주군,total,total,34559,대,총계>계,5498,476,1
202605,시군구,경북,성주군,van,official,40,대,승합>관용,5498,476,0
202605,시군구,경북,성주군,truck,business,955,대,화물>영업용,5498,476,0
202605,시군구,경북,성주군,van,total,846,대,승합>계,5498,476,1
202605,시군구,경북,성주군,passenger,official,74,대,승용>관용,5498,476,0
202605,시군구,경북,성주군,passenger,private,20689,대,승용>자가용,5498,476,0
202605,시군구,경북,성주군,passenger,total,20872,대,승용>계,5498,476,1
202605,시군구,경북,성주군,special,private,154,대,특수>자가용,5498,476,0
202605,시군구,경북,성주군,van,business,47,대,승합>영업용,5498,476,0
202605,시군구,경북,안동시,truck,private,19601,대,화물>자가용,5498,477,0
202605,시군구,경북,안동시,special,official,48,대,특수>관용,5498,477,0
202605,시군구,경북,안동시,truck,total,21117,대,화물>계,5498,477,1
202605,시군구,경북,안동시,total,private,88778,대,총계>자가용,5498,477,1
202605,시군구,경북,안동시,van,private,1999,대,승합>자가용,5498,477,0
202605,시군구,경북,안동시,special,total,673,대,특수>계,5498,477,1
202605,시군구,경북,안동시,passenger,business,909,대,승용>영업용,5498,477,0
202605,시군구,경북,안동시,truck,official,268,대,화물>관용,5498,477,0
202605,시군구,경북,안동시,special,business,235,대,특수>영업용,5498,477,0
202605,시군구,경북,안동시,total,official,832,대,총계>관용,5498,477,1
202605,시군구,경북,안동시,total,business,2695,대,총계>영업용,5498,477,1
202605,시군구,경북,안동시,total,total,92305,대,총계>계,5498,477,1
202605,시군구,경북,안동시,van,official,210,대,승합>관용,5498,477,0
202605,시군구,경북,안동시,truck,business,1248,대,화물>영업용,5498,477,0
202605,시군구,경북,안동시,van,total,2512,대,승합>계,5498,477,1
202605,시군구,경북,안동시,passenger,official,306,대,승용>관용,5498,477,0
202605,시군구,경북,안동시,passenger,private,66788,대,승용>자가용,5498,477,0
202605,시군구,경북,안동시,passenger,total,68003,대,승용>계,5498,477,1
202605,시군구,경북,안동시,special,private,390,대,특수>자가용,5498,477,0
202605,시군구,경북,안동시,van,business,303,대,승합>영업용,5498,477,0
202605,시군구,경북,영덕군,truck,private,6055,대,화물>자가용,5498,478,0
202605,시군구,경북,영덕군,special,official,20,대,특수>관용,5498,478,0
202605,시군구,경북,영덕군,truck,total,6317,대,화물>계,5498,478,1
202605,시군구,경북,영덕군,total,private,20098,대,총계>자가용,5498,478,1
202605,시군구,경북,영덕군,van,private,584,대,승합>자가용,5498,478,0
202605,시군구,경북,영덕군,special,total,134,대,특수>계,5498,478,1
202605,시군구,경북,영덕군,passenger,business,90,대,승용>영업용,5498,478,0
202605,시군구,경북,영덕군,truck,official,126,대,화물>관용,5498,478,0
202605,시군구,경북,영덕군,special,business,29,대,특수>영업용,5498,478,0
202605,시군구,경북,영덕군,total,official,271,대,총계>관용,5498,478,1
202605,시군구,경북,영덕군,total,business,308,대,총계>영업용,5498,478,1
202605,시군구,경북,영덕군,total,total,20677,대,총계>계,5498,478,1
202605,시군구,경북,영덕군,van,official,48,대,승합>관용,5498,478,0
202605,시군구,경북,영덕군,truck,business,136,대,화물>영업용,5498,478,0
202605,시군구,경북,영덕군,van,total,685,대,승합>계,5498,478,1
202605,시군구,경북,영덕군,passenger,official,77,대,승용>관용,5498,478,0
202605,시군구,경북,영덕군,passenger,private,13374,대,승용>자가용,5498,478,0
202605,시군구,경북,영덕군,passenger,total,13541,대,승용>계,5498,478,1
202605,시군구,경북,영덕군,special,private,85,대,특수>자가용,5498,478,0
202605,시군구,경북,영덕군,van,business,53,대,승합>영업용,5498,478,0
202605,시군구,경북,영양군,truck,private,4080,대,화물>자가용,5498,479,0
202605,시군구,경북,영양군,special,official,8,대,특수>관용,5498,479,0
202605,시군구,경북,영양군,truck,total,4204,대,화물>계,5498,479,1
202605,시군구,경북,영양군,total,private,11128,대,총계>자가용,5498,479,1
202605,시군구,경북,영양군,van,private,276,대,승합>자가용,5498,479,0
202605,시군구,경북,영양군,special,total,59,대,특수>계,5498,479,1
202605,시군구,경북,영양군,passenger,business,37,대,승용>영업용,5498,479,0
202605,시군구,경북,영양군,truck,official,71,대,화물>관용,5498,479,0
202605,시군구,경북,영양군,special,business,6,대,특수>영업용,5498,479,0
202605,시군구,경북,영양군,total,official,178,대,총계>관용,5498,479,1
202605,시군구,경북,영양군,total,business,123,대,총계>영업용,5498,479,1
202605,시군구,경북,영양군,total,total,11429,대,총계>계,5498,479,1
202605,시군구,경북,영양군,van,official,35,대,승합>관용,5498,479,0
202605,시군구,경북,영양군,truck,business,53,대,화물>영업용,5498,479,0
202605,시군구,경북,영양군,van,total,338,대,승합>계,5498,479,1
202605,시군구,경북,영양군,passenger,official,64,대,승용>관용,5498,479,0
202605,시군구,경북,영양군,passenger,private,6727,대,승용>자가용,5498,479,0
202605,시군구,경북,영양군,passenger,total,6828,대,승용>계,5498,479,1
202605,시군구,경북,영양군,special,private,45,대,특수>자가용,5498,479,0
202605,시군구,경북,영양군,van,business,27,대,승합>영업용,5498,479,0
202605,시군구,경북,영주시,truck,private,14634,대,화물>자가용,5498,480,0
202605,시군구,경북,영주시,special,official,27,대,특수>관용,5498,480,0
202605,시군구,경북,영주시,truck,total,15510,대,화물>계,5498,480,1
202605,시군구,경북,영주시,total,private,58432,대,총계>자가용,5498,480,1
202605,시군구,경북,영주시,van,private,1472,대,승합>자가용,5498,480,0
202605,시군구,경북,영주시,special,total,440,대,특수>계,5498,480,1
202605,시군구,경북,영주시,passenger,business,458,대,승용>영업용,5498,480,0
202605,시군구,경북,영주시,truck,official,152,대,화물>관용,5498,480,0
202605,시군구,경북,영주시,special,business,153,대,특수>영업용,5498,480,0
202605,시군구,경북,영주시,total,official,382,대,총계>관용,5498,480,1
202605,시군구,경북,영주시,total,business,1468,대,총계>영업용,5498,480,1
202605,시군구,경북,영주시,total,total,60282,대,총계>계,5498,480,1
202605,시군구,경북,영주시,van,official,75,대,승합>관용,5498,480,0
202605,시군구,경북,영주시,truck,business,724,대,화물>영업용,5498,480,0
202605,시군구,경북,영주시,van,total,1680,대,승합>계,5498,480,1
202605,시군구,경북,영주시,passenger,official,128,대,승용>관용,5498,480,0
202605,시군구,경북,영주시,passenger,private,42066,대,승용>자가용,5498,480,0
202605,시군구,경북,영주시,passenger,total,42652,대,승용>계,5498,480,1
202605,시군구,경북,영주시,special,private,260,대,특수>자가용,5498,480,0
202605,시군구,경북,영주시,van,business,133,대,승합>영업용,5498,480,0
202605,시군구,경북,영천시,truck,private,16079,대,화물>자가용,5498,481,0
202605,시군구,경북,영천시,special,official,18,대,특수>관용,5498,481,0
202605,시군구,경북,영천시,truck,total,17746,대,화물>계,5498,481,1
202605,시군구,경북,영천시,total,private,62920,대,총계>자가용,5498,481,1
202605,시군구,경북,영천시,van,private,1642,대,승합>자가용,5498,481,0
202605,시군구,경북,영천시,special,total,649,대,특수>계,5498,481,1
202605,시군구,경북,영천시,passenger,business,345,대,승용>영업용,5498,481,0
202605,시군구,경북,영천시,truck,official,154,대,화물>관용,5498,481,0
202605,시군구,경북,영천시,special,business,370,대,특수>영업용,5498,481,0
202605,시군구,경북,영천시,total,official,395,대,총계>관용,5498,481,1
202605,시군구,경북,영천시,total,business,2461,대,총계>영업용,5498,481,1
202605,시군구,경북,영천시,total,total,65776,대,총계>계,5498,481,1
202605,시군구,경북,영천시,van,official,81,대,승합>관용,5498,481,0
202605,시군구,경북,영천시,truck,business,1513,대,화물>영업용,5498,481,0
202605,시군구,경북,영천시,van,total,1956,대,승합>계,5498,481,1
202605,시군구,경북,영천시,passenger,official,142,대,승용>관용,5498,481,0
202605,시군구,경북,영천시,passenger,private,44938,대,승용>자가용,5498,481,0
202605,시군구,경북,영천시,passenger,total,45425,대,승용>계,5498,481,1
202605,시군구,경북,영천시,special,private,261,대,특수>자가용,5498,481,0
202605,시군구,경북,영천시,van,business,233,대,승합>영업용,5498,481,0
202605,시군구,경북,예천군,truck,private,8689,대,화물>자가용,5498,482,0
202605,시군구,경북,예천군,special,official,20,대,특수>관용,5498,482,0
202605,시군구,경북,예천군,truck,total,9009,대,화물>계,5498,482,1
202605,시군구,경북,예천군,total,private,33059,대,총계>자가용,5498,482,1
202605,시군구,경북,예천군,van,private,690,대,승합>자가용,5498,482,0
202605,시군구,경북,예천군,special,total,198,대,특수>계,5498,482,1
202605,시군구,경북,예천군,passenger,business,172,대,승용>영업용,5498,482,0
202605,시군구,경북,예천군,truck,official,111,대,화물>관용,5498,482,0
202605,시군구,경북,예천군,special,business,52,대,특수>영업용,5498,482,0
202605,시군구,경북,예천군,total,official,306,대,총계>관용,5498,482,1
202605,시군구,경북,예천군,total,business,517,대,총계>영업용,5498,482,1
202605,시군구,경북,예천군,total,total,33882,대,총계>계,5498,482,1
202605,시군구,경북,예천군,van,official,63,대,승합>관용,5498,482,0
202605,시군구,경북,예천군,truck,business,209,대,화물>영업용,5498,482,0
202605,시군구,경북,예천군,van,total,837,대,승합>계,5498,482,1
202605,시군구,경북,예천군,passenger,official,112,대,승용>관용,5498,482,0
202605,시군구,경북,예천군,passenger,private,23554,대,승용>자가용,5498,482,0
202605,시군구,경북,예천군,passenger,total,23838,대,승용>계,5498,482,1
202605,시군구,경북,예천군,special,private,126,대,특수>자가용,5498,482,0
202605,시군구,경북,예천군,van,business,84,대,승합>영업용,5498,482,0
202605,시군구,경북,울릉군,truck,private,1423,대,화물>자가용,5498,483,0
202605,시군구,경북,울릉군,special,official,10,대,특수>관용,5498,483,0
202605,시군구,경북,울릉군,truck,total,1511,대,화물>계,5498,483,1
202605,시군구,경북,울릉군,total,private,6091,대,총계>자가용,5498,483,1
202605,시군구,경북,울릉군,van,private,249,대,승합>자가용,5498,483,0
202605,시군구,경북,울릉군,special,total,38,대,특수>계,5498,483,1
202605,시군구,경북,울릉군,passenger,business,260,대,승용>영업용,5498,483,0
202605,시군구,경북,울릉군,truck,official,61,대,화물>관용,5498,483,0
202605,시군구,경북,울릉군,special,business,4,대,특수>영업용,5498,483,0
202605,시군구,경북,울릉군,total,official,149,대,총계>관용,5498,483,1
202605,시군구,경북,울릉군,total,business,489,대,총계>영업용,5498,483,1
202605,시군구,경북,울릉군,total,total,6729,대,총계>계,5498,483,1
202605,시군구,경북,울릉군,van,official,20,대,승합>관용,5498,483,0
202605,시군구,경북,울릉군,truck,business,27,대,화물>영업용,5498,483,0
202605,시군구,경북,울릉군,van,total,467,대,승합>계,5498,483,1
202605,시군구,경북,울릉군,passenger,official,58,대,승용>관용,5498,483,0
202605,시군구,경북,울릉군,passenger,private,4395,대,승용>자가용,5498,483,0
202605,시군구,경북,울릉군,passenger,total,4713,대,승용>계,5498,483,1
202605,시군구,경북,울릉군,special,private,24,대,특수>자가용,5498,483,0
202605,시군구,경북,울릉군,van,business,198,대,승합>영업용,5498,483,0
202605,시군구,경북,울진군,truck,private,6673,대,화물>자가용,5498,484,0
202605,시군구,경북,울진군,special,official,24,대,특수>관용,5498,484,0
202605,시군구,경북,울진군,truck,total,6918,대,화물>계,5498,484,1
202605,시군구,경북,울진군,total,private,28998,대,총계>자가용,5498,484,1
202605,시군구,경북,울진군,van,private,587,대,승합>자가용,5498,484,0
202605,시군구,경북,울진군,special,total,200,대,특수>계,5498,484,1
202605,시군구,경북,울진군,passenger,business,107,대,승용>영업용,5498,484,0
202605,시군구,경북,울진군,truck,official,121,대,화물>관용,5498,484,0
202605,시군구,경북,울진군,special,business,42,대,특수>영업용,5498,484,0
202605,시군구,경북,울진군,total,official,334,대,총계>관용,5498,484,1
202605,시군구,경북,울진군,total,business,363,대,총계>영업용,5498,484,1
202605,시군구,경북,울진군,total,total,29695,대,총계>계,5498,484,1
202605,시군구,경북,울진군,van,official,56,대,승합>관용,5498,484,0
202605,시군구,경북,울진군,truck,business,124,대,화물>영업용,5498,484,0
202605,시군구,경북,울진군,van,total,733,대,승합>계,5498,484,1
202605,시군구,경북,울진군,passenger,official,133,대,승용>관용,5498,484,0
202605,시군구,경북,울진군,passenger,private,21604,대,승용>자가용,5498,484,0
202605,시군구,경북,울진군,passenger,total,21844,대,승용>계,5498,484,1
202605,시군구,경북,울진군,special,private,134,대,특수>자가용,5498,484,0
202605,시군구,경북,울진군,van,business,90,대,승합>영업용,5498,484,0
202605,시군구,경북,의성군,truck,private,12355,대,화물>자가용,5498,485,0
202605,시군구,경북,의성군,special,official,11,대,특수>관용,5498,485,0
202605,시군구,경북,의성군,truck,total,13382,대,화물>계,5498,485,1
202605,시군구,경북,의성군,total,private,33619,대,총계>자가용,5498,485,1
202605,시군구,경북,의성군,van,private,818,대,승합>자가용,5498,485,0
202605,시군구,경북,의성군,special,total,240,대,특수>계,5498,485,1
202605,시군구,경북,의성군,passenger,business,87,대,승용>영업용,5498,485,0
202605,시군구,경북,의성군,truck,official,147,대,화물>관용,5498,485,0
202605,시군구,경북,의성군,special,business,101,대,특수>영업용,5498,485,0
202605,시군구,경북,의성군,total,official,308,대,총계>관용,5498,485,1
202605,시군구,경북,의성군,total,business,1144,대,총계>영업용,5498,485,1
202605,시군구,경북,의성군,total,total,35071,대,총계>계,5498,485,1
202605,시군구,경북,의성군,van,official,67,대,승합>관용,5498,485,0
202605,시군구,경북,의성군,truck,business,880,대,화물>영업용,5498,485,0
202605,시군구,경북,의성군,van,total,961,대,승합>계,5498,485,1
202605,시군구,경북,의성군,passenger,official,83,대,승용>관용,5498,485,0
202605,시군구,경북,의성군,passenger,private,20318,대,승용>자가용,5498,485,0
202605,시군구,경북,의성군,passenger,total,20488,대,승용>계,5498,485,1
202605,시군구,경북,의성군,special,private,128,대,특수>자가용,5498,485,0
202605,시군구,경북,의성군,van,business,76,대,승합>영업용,5498,485,0
202605,시군구,경북,청도군,truck,private,7980,대,화물>자가용,5498,486,0
202605,시군구,경북,청도군,special,official,16,대,특수>관용,5498,486,0
202605,시군구,경북,청도군,truck,total,8703,대,화물>계,5498,486,1
202605,시군구,경북,청도군,total,private,26916,대,총계>자가용,5498,486,1
202605,시군구,경북,청도군,van,private,605,대,승합>자가용,5498,486,0
202605,시군구,경북,청도군,special,total,292,대,특수>계,5498,486,1
202605,시군구,경북,청도군,passenger,business,155,대,승용>영업용,5498,486,0
202605,시군구,경북,청도군,truck,official,93,대,화물>관용,5498,486,0
202605,시군구,경북,청도군,special,business,168,대,특수>영업용,5498,486,0
202605,시군구,경북,청도군,total,official,238,대,총계>관용,5498,486,1
202605,시군구,경북,청도군,total,business,1004,대,총계>영업용,5498,486,1
202605,시군구,경북,청도군,total,total,28158,대,총계>계,5498,486,1
202605,시군구,경북,청도군,van,official,45,대,승합>관용,5498,486,0
202605,시군구,경북,청도군,truck,business,630,대,화물>영업용,5498,486,0
202605,시군구,경북,청도군,van,total,701,대,승합>계,5498,486,1
202605,시군구,경북,청도군,passenger,official,84,대,승용>관용,5498,486,0
202605,시군구,경북,청도군,passenger,private,18223,대,승용>자가용,5498,486,0
202605,시군구,경북,청도군,passenger,total,18462,대,승용>계,5498,486,1
202605,시군구,경북,청도군,special,private,108,대,특수>자가용,5498,486,0
202605,시군구,경북,청도군,van,business,51,대,승합>영업용,5498,486,0
202605,시군구,경북,청송군,truck,private,6191,대,화물>자가용,5498,487,0
202605,시군구,경북,청송군,special,official,12,대,특수>관용,5498,487,0
202605,시군구,경북,청송군,truck,total,6399,대,화물>계,5498,487,1
202605,시군구,경북,청송군,total,private,17066,대,총계>자가용,5498,487,1
202605,시군구,경북,청송군,van,private,469,대,승합>자가용,5498,487,0
202605,시군구,경북,청송군,special,total,93,대,특수>계,5498,487,1
202605,시군구,경북,청송군,passenger,business,37,대,승용>영업용,5498,487,0
202605,시군구,경북,청송군,truck,official,89,대,화물>관용,5498,487,0
202605,시군구,경북,청송군,special,business,15,대,특수>영업용,5498,487,0
202605,시군구,경북,청송군,total,official,223,대,총계>관용,5498,487,1
202605,시군구,경북,청송군,total,business,216,대,총계>영업용,5498,487,1
202605,시군구,경북,청송군,total,total,17505,대,총계>계,5498,487,1
202605,시군구,경북,청송군,van,official,62,대,승합>관용,5498,487,0
202605,시군구,경북,청송군,truck,business,119,대,화물>영업용,5498,487,0
202605,시군구,경북,청송군,van,total,576,대,승합>계,5498,487,1
202605,시군구,경북,청송군,passenger,official,60,대,승용>관용,5498,487,0
202605,시군구,경북,청송군,passenger,private,10340,대,승용>자가용,5498,487,0
202605,시군구,경북,청송군,passenger,total,10437,대,승용>계,5498,487,1
202605,시군구,경북,청송군,special,private,66,대,특수>자가용,5498,487,0
202605,시군구,경북,청송군,van,business,45,대,승합>영업용,5498,487,0
202605,시군구,경북,칠곡군,truck,private,12922,대,화물>자가용,5498,488,0
202605,시군구,경북,칠곡군,special,official,14,대,특수>관용,5498,488,0
202605,시군구,경북,칠곡군,truck,total,14643,대,화물>계,5498,488,1
202605,시군구,경북,칠곡군,total,private,70621,대,총계>자가용,5498,488,1
202605,시군구,경북,칠곡군,van,private,1661,대,승합>자가용,5498,488,0
202605,시군구,경북,칠곡군,special,total,576,대,특수>계,5498,488,1
202605,시군구,경북,칠곡군,passenger,business,295,대,승용>영업용,5498,488,0
202605,시군구,경북,칠곡군,truck,official,114,대,화물>관용,5498,488,0
202605,시군구,경북,칠곡군,special,business,293,대,특수>영업용,5498,488,0
202605,시군구,경북,칠곡군,total,official,300,대,총계>관용,5498,488,1
202605,시군구,경북,칠곡군,total,business,2543,대,총계>영업용,5498,488,1
202605,시군구,경북,칠곡군,total,total,73464,대,총계>계,5498,488,1
202605,시군구,경북,칠곡군,van,official,60,대,승합>관용,5498,488,0
202605,시군구,경북,칠곡군,truck,business,1607,대,화물>영업용,5498,488,0
202605,시군구,경북,칠곡군,van,total,2069,대,승합>계,5498,488,1
202605,시군구,경북,칠곡군,passenger,official,112,대,승용>관용,5498,488,0
202605,시군구,경북,칠곡군,passenger,private,55769,대,승용>자가용,5498,488,0
202605,시군구,경북,칠곡군,passenger,total,56176,대,승용>계,5498,488,1
202605,시군구,경북,칠곡군,special,private,269,대,특수>자가용,5498,488,0
202605,시군구,경북,칠곡군,van,business,348,대,승합>영업용,5498,488,0
202605,시군구,경북,포항시 남구,truck,private,17600,대,화물>자가용,5498,489,0
202605,시군구,경북,포항시 남구,special,official,13,대,특수>관용,5498,489,0
202605,시군구,경북,포항시 남구,truck,total,21830,대,화물>계,5498,489,1
202605,시군구,경북,포항시 남구,total,private,123591,대,총계>자가용,5498,489,1
202605,시군구,경북,포항시 남구,van,private,2639,대,승합>자가용,5498,489,0
202605,시군구,경북,포항시 남구,special,total,2164,대,특수>계,5498,489,1
202605,시군구,경북,포항시 남구,passenger,business,1387,대,승용>영업용,5498,489,0
202605,시군구,경북,포항시 남구,truck,official,213,대,화물>관용,5498,489,0
202605,시군구,경북,포항시 남구,special,business,1668,대,특수>영업용,5498,489,0
202605,시군구,경북,포항시 남구,total,official,459,대,총계>관용,5498,489,1
202605,시군구,경북,포항시 남구,total,business,7811,대,총계>영업용,5498,489,1
202605,시군구,경북,포항시 남구,total,total,131861,대,총계>계,5498,489,1
202605,시군구,경북,포항시 남구,van,official,74,대,승합>관용,5498,489,0
202605,시군구,경북,포항시 남구,truck,business,4017,대,화물>영업용,5498,489,0
202605,시군구,경북,포항시 남구,van,total,3452,대,승합>계,5498,489,1
202605,시군구,경북,포항시 남구,passenger,official,159,대,승용>관용,5498,489,0
202605,시군구,경북,포항시 남구,passenger,private,102869,대,승용>자가용,5498,489,0
202605,시군구,경북,포항시 남구,passenger,total,104415,대,승용>계,5498,489,1
202605,시군구,경북,포항시 남구,special,private,483,대,특수>자가용,5498,489,0
202605,시군구,경북,포항시 남구,van,business,739,대,승합>영업용,5498,489,0
202605,시군구,경북,포항시 북구,truck,private,18175,대,화물>자가용,5498,490,0
202605,시군구,경북,포항시 북구,special,official,30,대,특수>관용,5498,490,0
202605,시군구,경북,포항시 북구,truck,total,19415,대,화물>계,5498,490,1
202605,시군구,경북,포항시 북구,total,private,155630,대,총계>자가용,5498,490,1
202605,시군구,경북,포항시 북구,van,private,2713,대,승합>자가용,5498,490,0
202605,시군구,경북,포항시 북구,special,total,807,대,특수>계,5498,490,1
202605,시군구,경북,포항시 북구,passenger,business,2158,대,승용>영업용,5498,490,0
202605,시군구,경북,포항시 북구,truck,official,112,대,화물>관용,5498,490,0
202605,시군구,경북,포항시 북구,special,business,295,대,특수>영업용,5498,490,0
202605,시군구,경북,포항시 북구,total,official,405,대,총계>관용,5498,490,1
202605,시군구,경북,포항시 북구,total,business,3921,대,총계>영업용,5498,490,1
202605,시군구,경북,포항시 북구,total,total,159956,대,총계>계,5498,490,1
202605,시군구,경북,포항시 북구,van,official,93,대,승합>관용,5498,490,0
202605,시군구,경북,포항시 북구,truck,business,1128,대,화물>영업용,5498,490,0
202605,시군구,경북,포항시 북구,van,total,3146,대,승합>계,5498,490,1
202605,시군구,경북,포항시 북구,passenger,official,170,대,승용>관용,5498,490,0
202605,시군구,경북,포항시 북구,passenger,private,134260,대,승용>자가용,5498,490,0
202605,시군구,경북,포항시 북구,passenger,total,136588,대,승용>계,5498,490,1
202605,시군구,경북,포항시 북구,special,private,482,대,특수>자가용,5498,490,0
202605,시군구,경북,포항시 북구,van,business,340,대,승합>영업용,5498,490,0
202605,시도,경북,,truck,private,296946,대,화물>자가용,5498,491,0
202605,시도,경북,,special,official,429,대,특수>관용,5498,491,0
202605,시도,경북,,truck,total,325271,대,화물>계,5498,491,1
202605,시도,경북,,total,private,1513065,대,총계>자가용,5498,491,1
202605,시도,경북,,van,private,33431,대,승합>자가용,5498,491,0
202605,시도,경북,,special,total,11406,대,특수>계,5498,491,1
202605,시도,경북,,passenger,business,12853,대,승용>영업용,5498,491,0
202605,시도,경북,,truck,official,3166,대,화물>관용,5498,491,0
202605,시도,경북,,special,business,5369,대,특수>영업용,5498,491,0
202605,시도,경북,,total,official,8154,대,총계>관용,5498,491,1
202605,시도,경북,,total,business,48631,대,총계>영업용,5498,491,1
202605,시도,경북,,total,total,1569850,대,총계>계,5498,491,1
202605,시도,경북,,van,official,1656,대,승합>관용,5498,491,0
202605,시도,경북,,truck,business,25159,대,화물>영업용,5498,491,0
202605,시도,경북,,van,total,40337,대,승합>계,5498,491,1
202605,시도,경북,,passenger,official,2903,대,승용>관용,5498,491,0
202605,시도,경북,,passenger,private,1177080,대,승용>자가용,5498,491,0
202605,시도,경북,,passenger,total,1192836,대,승용>계,5498,491,1
202605,시도,경북,,special,private,5608,대,특수>자가용,5498,491,0
202605,시도,경북,,van,business,5250,대,승합>영업용,5498,491,0
202605,시군구,경남,거제시,truck,private,12029,대,화물>자가용,5498,492,0
202605,시군구,경남,거제시,special,official,17,대,특수>관용,5498,492,0
202605,시군구,경남,거제시,truck,total,12716,대,화물>계,5498,492,1
202605,시군구,경남,거제시,total,private,112549,대,총계>자가용,5498,492,1
202605,시군구,경남,거제시,van,private,2535,대,승합>자가용,5498,492,0
202605,시군구,경남,거제시,special,total,540,대,특수>계,5498,492,1
202605,시군구,경남,거제시,passenger,business,978,대,승용>영업용,5498,492,0
202605,시군구,경남,거제시,truck,official,153,대,화물>관용,5498,492,0
202605,시군구,경남,거제시,special,business,169,대,특수>영업용,5498,492,0
202605,시군구,경남,거제시,total,official,378,대,총계>관용,5498,492,1
202605,시군구,경남,거제시,total,business,2147,대,총계>영업용,5498,492,1
202605,시군구,경남,거제시,total,total,115074,대,총계>계,5498,492,1
202605,시군구,경남,거제시,van,official,78,대,승합>관용,5498,492,0
202605,시군구,경남,거제시,truck,business,534,대,화물>영업용,5498,492,0
202605,시군구,경남,거제시,van,total,3079,대,승합>계,5498,492,1
202605,시군구,경남,거제시,passenger,official,130,대,승용>관용,5498,492,0
202605,시군구,경남,거제시,passenger,private,97631,대,승용>자가용,5498,492,0
202605,시군구,경남,거제시,passenger,total,98739,대,승용>계,5498,492,1
202605,시군구,경남,거제시,special,private,354,대,특수>자가용,5498,492,0
202605,시군구,경남,거제시,van,business,466,대,승합>영업용,5498,492,0
202605,시군구,경남,거창군,truck,private,9317,대,화물>자가용,5498,493,0
202605,시군구,경남,거창군,special,official,16,대,특수>관용,5498,493,0
202605,시군구,경남,거창군,truck,total,9678,대,화물>계,5498,493,1
202605,시군구,경남,거창군,total,private,35488,대,총계>자가용,5498,493,1
202605,시군구,경남,거창군,van,private,806,대,승합>자가용,5498,493,0
202605,시군구,경남,거창군,special,total,284,대,특수>계,5498,493,1
202605,시군구,경남,거창군,passenger,business,173,대,승용>영업용,5498,493,0
202605,시군구,경남,거창군,truck,official,104,대,화물>관용,5498,493,0
202605,시군구,경남,거창군,special,business,178,대,특수>영업용,5498,493,0
202605,시군구,경남,거창군,total,official,295,대,총계>관용,5498,493,1
202605,시군구,경남,거창군,total,business,795,대,총계>영업용,5498,493,1
202605,시군구,경남,거창군,total,total,36578,대,총계>계,5498,493,1
202605,시군구,경남,거창군,van,official,70,대,승합>관용,5498,493,0
202605,시군구,경남,거창군,truck,business,257,대,화물>영업용,5498,493,0
202605,시군구,경남,거창군,van,total,1063,대,승합>계,5498,493,1
202605,시군구,경남,거창군,passenger,official,105,대,승용>관용,5498,493,0
202605,시군구,경남,거창군,passenger,private,25275,대,승용>자가용,5498,493,0
202605,시군구,경남,거창군,passenger,total,25553,대,승용>계,5498,493,1
202605,시군구,경남,거창군,special,private,90,대,특수>자가용,5498,493,0
202605,시군구,경남,거창군,van,business,187,대,승합>영업용,5498,493,0
202605,시군구,경남,고성군,truck,private,7377,대,화물>자가용,5498,494,0
202605,시군구,경남,고성군,special,official,11,대,특수>관용,5498,494,0
202605,시군구,경남,고성군,truck,total,7687,대,화물>계,5498,494,1
202605,시군구,경남,고성군,total,private,28008,대,총계>자가용,5498,494,1
202605,시군구,경남,고성군,van,private,649,대,승합>자가용,5498,494,0
202605,시군구,경남,고성군,special,total,225,대,특수>계,5498,494,1
202605,시군구,경남,고성군,passenger,business,174,대,승용>영업용,5498,494,0
202605,시군구,경남,고성군,truck,official,93,대,화물>관용,5498,494,0
202605,시군구,경남,고성군,special,business,65,대,특수>영업용,5498,494,0
202605,시군구,경남,고성군,total,official,235,대,총계>관용,5498,494,1
202605,시군구,경남,고성군,total,business,546,대,총계>영업용,5498,494,1
202605,시군구,경남,고성군,total,total,28789,대,총계>계,5498,494,1
202605,시군구,경남,고성군,van,official,65,대,승합>관용,5498,494,0
202605,시군구,경남,고성군,truck,business,217,대,화물>영업용,5498,494,0
202605,시군구,경남,고성군,van,total,804,대,승합>계,5498,494,1
202605,시군구,경남,고성군,passenger,official,66,대,승용>관용,5498,494,0
202605,시군구,경남,고성군,passenger,private,19833,대,승용>자가용,5498,494,0
202605,시군구,경남,고성군,passenger,total,20073,대,승용>계,5498,494,1
202605,시군구,경남,고성군,special,private,149,대,특수>자가용,5498,494,0
202605,시군구,경남,고성군,van,business,90,대,승합>영업용,5498,494,0
202605,시군구,경남,김해시,truck,private,40987,대,화물>자가용,5498,495,0
202605,시군구,경남,김해시,special,official,43,대,특수>관용,5498,495,0
202605,시군구,경남,김해시,truck,total,46092,대,화물>계,5498,495,1
202605,시군구,경남,김해시,total,private,300878,대,총계>자가용,5498,495,1
202605,시군구,경남,김해시,van,private,5596,대,승합>자가용,5498,495,0
202605,시군구,경남,김해시,special,total,1507,대,특수>계,5498,495,1
202605,시군구,경남,김해시,passenger,business,2212,대,승용>영업용,5498,495,0
202605,시군구,경남,김해시,truck,official,246,대,화물>관용,5498,495,0
202605,시군구,경남,김해시,special,business,627,대,특수>영업용,5498,495,0
202605,시군구,경남,김해시,total,official,721,대,총계>관용,5498,495,1
202605,시군구,경남,김해시,total,business,8319,대,총계>영업용,5498,495,1
202605,시군구,경남,김해시,total,total,309918,대,총계>계,5498,495,1
202605,시군구,경남,김해시,van,official,157,대,승합>관용,5498,495,0
202605,시군구,경남,김해시,truck,business,4859,대,화물>영업용,5498,495,0
202605,시군구,경남,김해시,van,total,6374,대,승합>계,5498,495,1
202605,시군구,경남,김해시,passenger,official,275,대,승용>관용,5498,495,0
202605,시군구,경남,김해시,passenger,private,253458,대,승용>자가용,5498,495,0
202605,시군구,경남,김해시,passenger,total,255945,대,승용>계,5498,495,1
202605,시군구,경남,김해시,special,private,837,대,특수>자가용,5498,495,0
202605,시군구,경남,김해시,van,business,621,대,승합>영업용,5498,495,0
202605,시군구,경남,남해군,truck,private,6283,대,화물>자가용,5498,496,0
202605,시군구,경남,남해군,special,official,8,대,특수>관용,5498,496,0
202605,시군구,경남,남해군,truck,total,6571,대,화물>계,5498,496,1
202605,시군구,경남,남해군,total,private,22287,대,총계>자가용,5498,496,1
202605,시군구,경남,남해군,van,private,518,대,승합>자가용,5498,496,0
202605,시군구,경남,남해군,special,total,109,대,특수>계,5498,496,1
202605,시군구,경남,남해군,passenger,business,142,대,승용>영업용,5498,496,0
202605,시군구,경남,남해군,truck,official,138,대,화물>관용,5498,496,0
202605,시군구,경남,남해군,special,business,28,대,특수>영업용,5498,496,0
202605,시군구,경남,남해군,total,official,299,대,총계>관용,5498,496,1
202605,시군구,경남,남해군,total,business,425,대,총계>영업용,5498,496,1
202605,시군구,경남,남해군,total,total,23011,대,총계>계,5498,496,1
202605,시군구,경남,남해군,van,official,54,대,승합>관용,5498,496,0
202605,시군구,경남,남해군,truck,business,150,대,화물>영업용,5498,496,0
202605,시군구,경남,남해군,van,total,677,대,승합>계,5498,496,1
202605,시군구,경남,남해군,passenger,official,99,대,승용>관용,5498,496,0
202605,시군구,경남,남해군,passenger,private,15413,대,승용>자가용,5498,496,0
202605,시군구,경남,남해군,passenger,total,15654,대,승용>계,5498,496,1
202605,시군구,경남,남해군,special,private,73,대,특수>자가용,5498,496,0
202605,시군구,경남,남해군,van,business,105,대,승합>영업용,5498,496,0
202605,시군구,경남,밀양시,truck,private,13623,대,화물>자가용,5498,497,0
202605,시군구,경남,밀양시,special,official,17,대,특수>관용,5498,497,0
202605,시군구,경남,밀양시,truck,total,16358,대,화물>계,5498,497,1
202605,시군구,경남,밀양시,total,private,59573,대,총계>자가용,5498,497,1
202605,시군구,경남,밀양시,van,private,1269,대,승합>자가용,5498,497,0
202605,시군구,경남,밀양시,special,total,836,대,특수>계,5498,497,1
202605,시군구,경남,밀양시,passenger,business,475,대,승용>영업용,5498,497,0
202605,시군구,경남,밀양시,truck,official,109,대,화물>관용,5498,497,0
202605,시군구,경남,밀양시,special,business,592,대,특수>영업용,5498,497,0
202605,시군구,경남,밀양시,total,official,335,대,총계>관용,5498,497,1
202605,시군구,경남,밀양시,total,business,3897,대,총계>영업용,5498,497,1
202605,시군구,경남,밀양시,total,total,63805,대,총계>계,5498,497,1
202605,시군구,경남,밀양시,van,official,92,대,승합>관용,5498,497,0
202605,시군구,경남,밀양시,truck,business,2626,대,화물>영업용,5498,497,0
202605,시군구,경남,밀양시,van,total,1565,대,승합>계,5498,497,1
202605,시군구,경남,밀양시,passenger,official,117,대,승용>관용,5498,497,0
202605,시군구,경남,밀양시,passenger,private,44454,대,승용>자가용,5498,497,0
202605,시군구,경남,밀양시,passenger,total,45046,대,승용>계,5498,497,1
202605,시군구,경남,밀양시,special,private,227,대,특수>자가용,5498,497,0
202605,시군구,경남,밀양시,van,business,204,대,승합>영업용,5498,497,0
202605,시군구,경남,사천시,truck,private,10457,대,화물>자가용,5498,498,0
202605,시군구,경남,사천시,special,official,18,대,특수>관용,5498,498,0
202605,시군구,경남,사천시,truck,total,11186,대,화물>계,5498,498,1
202605,시군구,경남,사천시,total,private,61995,대,총계>자가용,5498,498,1
202605,시군구,경남,사천시,van,private,1361,대,승합>자가용,5498,498,0
202605,시군구,경남,사천시,special,total,342,대,특수>계,5498,498,1
202605,시군구,경남,사천시,passenger,business,634,대,승용>영업용,5498,498,0
202605,시군구,경남,사천시,truck,official,141,대,화물>관용,5498,498,0
202605,시군구,경남,사천시,special,business,117,대,특수>영업용,5498,498,0
202605,시군구,경남,사천시,total,official,345,대,총계>관용,5498,498,1
202605,시군구,경남,사천시,total,business,1517,대,총계>영업용,5498,498,1
202605,시군구,경남,사천시,total,total,63857,대,총계>계,5498,498,1
202605,시군구,경남,사천시,van,official,80,대,승합>관용,5498,498,0
202605,시군구,경남,사천시,truck,business,588,대,화물>영업용,5498,498,0
202605,시군구,경남,사천시,van,total,1619,대,승합>계,5498,498,1
202605,시군구,경남,사천시,passenger,official,106,대,승용>관용,5498,498,0
202605,시군구,경남,사천시,passenger,private,49970,대,승용>자가용,5498,498,0
202605,시군구,경남,사천시,passenger,total,50710,대,승용>계,5498,498,1
202605,시군구,경남,사천시,special,private,207,대,특수>자가용,5498,498,0
202605,시군구,경남,사천시,van,business,178,대,승합>영업용,5498,498,0
202605,시군구,경남,산청군,truck,private,7299,대,화물>자가용,5498,499,0
202605,시군구,경남,산청군,special,official,11,대,특수>관용,5498,499,0
202605,시군구,경남,산청군,truck,total,7868,대,화물>계,5498,499,1
202605,시군구,경남,산청군,total,private,22056,대,총계>자가용,5498,499,1
202605,시군구,경남,산청군,van,private,468,대,승합>자가용,5498,499,0
202605,시군구,경남,산청군,special,total,311,대,특수>계,5498,499,1
202605,시군구,경남,산청군,passenger,business,53,대,승용>영업용,5498,499,0
202605,시군구,경남,산청군,truck,official,99,대,화물>관용,5498,499,0
202605,시군구,경남,산청군,special,business,150,대,특수>영업용,5498,499,0
202605,시군구,경남,산청군,total,official,263,대,총계>관용,5498,499,1
202605,시군구,경남,산청군,total,business,728,대,총계>영업용,5498,499,1
202605,시군구,경남,산청군,total,total,23047,대,총계>계,5498,499,1
202605,시군구,경남,산청군,van,official,60,대,승합>관용,5498,499,0
202605,시군구,경남,산청군,truck,business,470,대,화물>영업용,5498,499,0
202605,시군구,경남,산청군,van,total,583,대,승합>계,5498,499,1
202605,시군구,경남,산청군,passenger,official,93,대,승용>관용,5498,499,0
202605,시군구,경남,산청군,passenger,private,14139,대,승용>자가용,5498,499,0
202605,시군구,경남,산청군,passenger,total,14285,대,승용>계,5498,499,1
202605,시군구,경남,산청군,special,private,150,대,특수>자가용,5498,499,0
202605,시군구,경남,산청군,van,business,55,대,승합>영업용,5498,499,0
202605,시군구,경남,양산시,truck,private,22331,대,화물>자가용,5498,500,0
202605,시군구,경남,양산시,special,official,29,대,특수>관용,5498,500,0
202605,시군구,경남,양산시,truck,total,29660,대,화물>계,5498,500,1
202605,시군구,경남,양산시,total,private,186845,대,총계>자가용,5498,500,1
202605,시군구,경남,양산시,van,private,3798,대,승합>자가용,5498,500,0
202605,시군구,경남,양산시,special,total,2181,대,특수>계,5498,500,1
202605,시군구,경남,양산시,passenger,business,1028,대,승용>영업용,5498,500,0
202605,시군구,경남,양산시,truck,official,157,대,화물>관용,5498,500,0
202605,시군구,경남,양산시,special,business,1470,대,특수>영업용,5498,500,0
202605,시군구,경남,양산시,total,official,465,대,총계>관용,5498,500,1
202605,시군구,경남,양산시,total,business,10415,대,총계>영업용,5498,500,1
202605,시군구,경남,양산시,total,total,197725,대,총계>계,5498,500,1
202605,시군구,경남,양산시,van,official,89,대,승합>관용,5498,500,0
202605,시군구,경남,양산시,truck,business,7172,대,화물>영업용,5498,500,0
202605,시군구,경남,양산시,van,total,4632,대,승합>계,5498,500,1
202605,시군구,경남,양산시,passenger,official,190,대,승용>관용,5498,500,0
202605,시군구,경남,양산시,passenger,private,160034,대,승용>자가용,5498,500,0
202605,시군구,경남,양산시,passenger,total,161252,대,승용>계,5498,500,1
202605,시군구,경남,양산시,special,private,682,대,특수>자가용,5498,500,0
202605,시군구,경남,양산시,van,business,745,대,승합>영업용,5498,500,0
202605,시군구,경남,의령군,truck,private,4553,대,화물>자가용,5498,501,0
202605,시군구,경남,의령군,special,official,14,대,특수>관용,5498,501,0
202605,시군구,경남,의령군,truck,total,5205,대,화물>계,5498,501,1
202605,시군구,경남,의령군,total,private,15616,대,총계>자가용,5498,501,1
202605,시군구,경남,의령군,van,private,349,대,승합>자가용,5498,501,0
202605,시군구,경남,의령군,special,total,208,대,특수>계,5498,501,1
202605,시군구,경남,의령군,passenger,business,43,대,승용>영업용,5498,501,0
202605,시군구,경남,의령군,truck,official,94,대,화물>관용,5498,501,0
202605,시군구,경남,의령군,special,business,127,대,특수>영업용,5498,501,0
202605,시군구,경남,의령군,total,official,230,대,총계>관용,5498,501,1
202605,시군구,경남,의령군,total,business,770,대,총계>영업용,5498,501,1
202605,시군구,경남,의령군,total,total,16616,대,총계>계,5498,501,1
202605,시군구,경남,의령군,van,official,53,대,승합>관용,5498,501,0
202605,시군구,경남,의령군,truck,business,558,대,화물>영업용,5498,501,0
202605,시군구,경남,의령군,van,total,444,대,승합>계,5498,501,1
202605,시군구,경남,의령군,passenger,official,69,대,승용>관용,5498,501,0
202605,시군구,경남,의령군,passenger,private,10647,대,승용>자가용,5498,501,0
202605,시군구,경남,의령군,passenger,total,10759,대,승용>계,5498,501,1
202605,시군구,경남,의령군,special,private,67,대,특수>자가용,5498,501,0
202605,시군구,경남,의령군,van,business,42,대,승합>영업용,5498,501,0
202605,시군구,경남,진주시,truck,private,26519,대,화물>자가용,5498,502,0
202605,시군구,경남,진주시,special,official,34,대,특수>관용,5498,502,0
202605,시군구,경남,진주시,truck,total,29218,대,화물>계,5498,502,1
202605,시군구,경남,진주시,total,private,175300,대,총계>자가용,5498,502,1
202605,시군구,경남,진주시,van,private,2932,대,승합>자가용,5498,502,0
202605,시군구,경남,진주시,special,total,1019,대,특수>계,5498,502,1
202605,시군구,경남,진주시,passenger,business,2617,대,승용>영업용,5498,502,0
202605,시군구,경남,진주시,truck,official,292,대,화물>관용,5498,502,0
202605,시군구,경남,진주시,special,business,440,대,특수>영업용,5498,502,0
202605,시군구,경남,진주시,total,official,721,대,총계>관용,5498,502,1
202605,시군구,경남,진주시,total,business,6554,대,총계>영업용,5498,502,1
202605,시군구,경남,진주시,total,total,182575,대,총계>계,5498,502,1
202605,시군구,경남,진주시,van,official,168,대,승합>관용,5498,502,0
202605,시군구,경남,진주시,truck,business,2407,대,화물>영업용,5498,502,0
202605,시군구,경남,진주시,van,total,4190,대,승합>계,5498,502,1
202605,시군구,경남,진주시,passenger,official,227,대,승용>관용,5498,502,0
202605,시군구,경남,진주시,passenger,private,145304,대,승용>자가용,5498,502,0
202605,시군구,경남,진주시,passenger,total,148148,대,승용>계,5498,502,1
202605,시군구,경남,진주시,special,private,545,대,특수>자가용,5498,502,0
202605,시군구,경남,진주시,van,business,1090,대,승합>영업용,5498,502,0
202605,시군구,경남,창녕군,truck,private,10252,대,화물>자가용,5498,503,0
202605,시군구,경남,창녕군,special,official,10,대,특수>관용,5498,503,0
202605,시군구,경남,창녕군,truck,total,10680,대,화물>계,5498,503,1
202605,시군구,경남,창녕군,total,private,36755,대,총계>자가용,5498,503,1
202605,시군구,경남,창녕군,van,private,917,대,승합>자가용,5498,503,0
202605,시군구,경남,창녕군,special,total,236,대,특수>계,5498,503,1
202605,시군구,경남,창녕군,passenger,business,193,대,승용>영업용,5498,503,0
202605,시군구,경남,창녕군,truck,official,95,대,화물>관용,5498,503,0
202605,시군구,경남,창녕군,special,business,72,대,특수>영업용,5498,503,0
202605,시군구,경남,창녕군,total,official,245,대,총계>관용,5498,503,1
202605,시군구,경남,창녕군,total,business,713,대,총계>영업용,5498,503,1
202605,시군구,경남,창녕군,total,total,37713,대,총계>계,5498,503,1
202605,시군구,경남,창녕군,van,official,72,대,승합>관용,5498,503,0
202605,시군구,경남,창녕군,truck,business,333,대,화물>영업용,5498,503,0
202605,시군구,경남,창녕군,van,total,1104,대,승합>계,5498,503,1
202605,시군구,경남,창녕군,passenger,official,68,대,승용>관용,5498,503,0
202605,시군구,경남,창녕군,passenger,private,25432,대,승용>자가용,5498,503,0
202605,시군구,경남,창녕군,passenger,total,25693,대,승용>계,5498,503,1
202605,시군구,경남,창녕군,special,private,154,대,특수>자가용,5498,503,0
202605,시군구,경남,창녕군,van,business,115,대,승합>영업용,5498,503,0
202605,시군구,경남,창원시 마산합포구,truck,private,10237,대,화물>자가용,5498,504,0
202605,시군구,경남,창원시 마산합포구,special,official,15,대,특수>관용,5498,504,0
202605,시군구,경남,창원시 마산합포구,truck,total,11386,대,화물>계,5498,504,1
202605,시군구,경남,창원시 마산합포구,total,private,102347,대,총계>자가용,5498,504,1
202605,시군구,경남,창원시 마산합포구,van,private,1700,대,승합>자가용,5498,504,0
202605,시군구,경남,창원시 마산합포구,special,total,343,대,특수>계,5498,504,1
202605,시군구,경남,창원시 마산합포구,passenger,business,1290,대,승용>영업용,5498,504,0
202605,시군구,경남,창원시 마산합포구,truck,official,138,대,화물>관용,5498,504,0
202605,시군구,경남,창원시 마산합포구,special,business,153,대,특수>영업용,5498,504,0
202605,시군구,경남,창원시 마산합포구,total,official,367,대,총계>관용,5498,504,1
202605,시군구,경남,창원시 마산합포구,total,business,2928,대,총계>영업용,5498,504,1
202605,시군구,경남,창원시 마산합포구,total,total,105642,대,총계>계,5498,504,1
202605,시군구,경남,창원시 마산합포구,van,official,61,대,승합>관용,5498,504,0
202605,시군구,경남,창원시 마산합포구,truck,business,1011,대,화물>영업용,5498,504,0
202605,시군구,경남,창원시 마산합포구,van,total,2235,대,승합>계,5498,504,1
202605,시군구,경남,창원시 마산합포구,passenger,official,153,대,승용>관용,5498,504,0
202605,시군구,경남,창원시 마산합포구,passenger,private,90235,대,승용>자가용,5498,504,0
202605,시군구,경남,창원시 마산합포구,passenger,total,91678,대,승용>계,5498,504,1
202605,시군구,경남,창원시 마산합포구,special,private,175,대,특수>자가용,5498,504,0
202605,시군구,경남,창원시 마산합포구,van,business,474,대,승합>영업용,5498,504,0
202605,시군구,경남,창원시 마산회원구,truck,private,10593,대,화물>자가용,5498,505,0
202605,시군구,경남,창원시 마산회원구,special,official,4,대,특수>관용,5498,505,0
202605,시군구,경남,창원시 마산회원구,truck,total,12195,대,화물>계,5498,505,1
202605,시군구,경남,창원시 마산회원구,total,private,108885,대,총계>자가용,5498,505,1
202605,시군구,경남,창원시 마산회원구,van,private,1646,대,승합>자가용,5498,505,0
202605,시군구,경남,창원시 마산회원구,special,total,472,대,특수>계,5498,505,1
202605,시군구,경남,창원시 마산회원구,passenger,business,5686,대,승용>영업용,5498,505,0
202605,시군구,경남,창원시 마산회원구,truck,official,53,대,화물>관용,5498,505,0
202605,시군구,경남,창원시 마산회원구,special,business,229,대,특수>영업용,5498,505,0
202605,시군구,경남,창원시 마산회원구,total,official,161,대,총계>관용,5498,505,1
202605,시군구,경남,창원시 마산회원구,total,business,7870,대,총계>영업용,5498,505,1
202605,시군구,경남,창원시 마산회원구,total,total,116916,대,총계>계,5498,505,1
202605,시군구,경남,창원시 마산회원구,van,official,28,대,승합>관용,5498,505,0
202605,시군구,경남,창원시 마산회원구,truck,business,1549,대,화물>영업용,5498,505,0
202605,시군구,경남,창원시 마산회원구,van,total,2080,대,승합>계,5498,505,1
202605,시군구,경남,창원시 마산회원구,passenger,official,76,대,승용>관용,5498,505,0
202605,시군구,경남,창원시 마산회원구,passenger,private,96407,대,승용>자가용,5498,505,0
202605,시군구,경남,창원시 마산회원구,passenger,total,102169,대,승용>계,5498,505,1
202605,시군구,경남,창원시 마산회원구,special,private,239,대,특수>자가용,5498,505,0
202605,시군구,경남,창원시 마산회원구,van,business,406,대,승합>영업용,5498,505,0
202605,시군구,경남,창원시 성산구,truck,private,10431,대,화물>자가용,5498,506,0
202605,시군구,경남,창원시 성산구,special,official,16,대,특수>관용,5498,506,0
202605,시군구,경남,창원시 성산구,truck,total,11547,대,화물>계,5498,506,1
202605,시군구,경남,창원시 성산구,total,private,151301,대,총계>자가용,5498,506,1
202605,시군구,경남,창원시 성산구,van,private,1891,대,승합>자가용,5498,506,0
202605,시군구,경남,창원시 성산구,special,total,469,대,특수>계,5498,506,1
202605,시군구,경남,창원시 성산구,passenger,business,18243,대,승용>영업용,5498,506,0
202605,시군구,경남,창원시 성산구,truck,official,140,대,화물>관용,5498,506,0
202605,시군구,경남,창원시 성산구,special,business,201,대,특수>영업용,5498,506,0
202605,시군구,경남,창원시 성산구,total,official,632,대,총계>관용,5498,506,1
202605,시군구,경남,창원시 성산구,total,business,20246,대,총계>영업용,5498,506,1
202605,시군구,경남,창원시 성산구,total,total,172179,대,총계>계,5498,506,1
202605,시군구,경남,창원시 성산구,van,official,214,대,승합>관용,5498,506,0
202605,시군구,경남,창원시 성산구,truck,business,976,대,화물>영업용,5498,506,0
202605,시군구,경남,창원시 성산구,van,total,2931,대,승합>계,5498,506,1
202605,시군구,경남,창원시 성산구,passenger,official,262,대,승용>관용,5498,506,0
202605,시군구,경남,창원시 성산구,passenger,private,138727,대,승용>자가용,5498,506,0
202605,시군구,경남,창원시 성산구,passenger,total,157232,대,승용>계,5498,506,1
202605,시군구,경남,창원시 성산구,special,private,252,대,특수>자가용,5498,506,0
202605,시군구,경남,창원시 성산구,van,business,826,대,승합>영업용,5498,506,0
202605,시군구,경남,창원시 의창구,truck,private,17142,대,화물>자가용,5498,507,0
202605,시군구,경남,창원시 의창구,special,official,20,대,특수>관용,5498,507,0
202605,시군구,경남,창원시 의창구,truck,total,18792,대,화물>계,5498,507,1
202605,시군구,경남,창원시 의창구,total,private,149356,대,총계>자가용,5498,507,1
202605,시군구,경남,창원시 의창구,van,private,2063,대,승합>자가용,5498,507,0
202605,시군구,경남,창원시 의창구,special,total,706,대,특수>계,5498,507,1
202605,시군구,경남,창원시 의창구,passenger,business,58127,대,승용>영업용,5498,507,0
202605,시군구,경남,창원시 의창구,truck,official,126,대,화물>관용,5498,507,0
202605,시군구,경남,창원시 의창구,special,business,348,대,특수>영업용,5498,507,0
202605,시군구,경남,창원시 의창구,total,official,575,대,총계>관용,5498,507,1
202605,시군구,경남,창원시 의창구,total,business,60358,대,총계>영업용,5498,507,1
202605,시군구,경남,창원시 의창구,total,total,210289,대,총계>계,5498,507,1
202605,시군구,경남,창원시 의창구,van,official,159,대,승합>관용,5498,507,0
202605,시군구,경남,창원시 의창구,truck,business,1524,대,화물>영업용,5498,507,0
202605,시군구,경남,창원시 의창구,van,total,2581,대,승합>계,5498,507,1
202605,시군구,경남,창원시 의창구,passenger,official,270,대,승용>관용,5498,507,0
202605,시군구,경남,창원시 의창구,passenger,private,129813,대,승용>자가용,5498,507,0
202605,시군구,경남,창원시 의창구,passenger,total,188210,대,승용>계,5498,507,1
202605,시군구,경남,창원시 의창구,special,private,338,대,특수>자가용,5498,507,0
202605,시군구,경남,창원시 의창구,van,business,359,대,승합>영업용,5498,507,0
202605,시군구,경남,창원시 진해구,truck,private,7663,대,화물>자가용,5498,508,0
202605,시군구,경남,창원시 진해구,special,official,13,대,특수>관용,5498,508,0
202605,시군구,경남,창원시 진해구,truck,total,8942,대,화물>계,5498,508,1
202605,시군구,경남,창원시 진해구,total,private,96999,대,총계>자가용,5498,508,1
202605,시군구,경남,창원시 진해구,van,private,1685,대,승합>자가용,5498,508,0
202605,시군구,경남,창원시 진해구,special,total,654,대,특수>계,5498,508,1
202605,시군구,경남,창원시 진해구,passenger,business,723,대,승용>영업용,5498,508,0
202605,시군구,경남,창원시 진해구,truck,official,89,대,화물>관용,5498,508,0
202605,시군구,경남,창원시 진해구,special,business,337,대,특수>영업용,5498,508,0
202605,시군구,경남,창원시 진해구,total,official,237,대,총계>관용,5498,508,1
202605,시군구,경남,창원시 진해구,total,business,2405,대,총계>영업용,5498,508,1
202605,시군구,경남,창원시 진해구,total,total,99641,대,총계>계,5498,508,1
202605,시군구,경남,창원시 진해구,van,official,37,대,승합>관용,5498,508,0
202605,시군구,경남,창원시 진해구,truck,business,1190,대,화물>영업용,5498,508,0
202605,시군구,경남,창원시 진해구,van,total,1877,대,승합>계,5498,508,1
202605,시군구,경남,창원시 진해구,passenger,official,98,대,승용>관용,5498,508,0
202605,시군구,경남,창원시 진해구,passenger,private,87347,대,승용>자가용,5498,508,0
202605,시군구,경남,창원시 진해구,passenger,total,88168,대,승용>계,5498,508,1
202605,시군구,경남,창원시 진해구,special,private,304,대,특수>자가용,5498,508,0
202605,시군구,경남,창원시 진해구,van,business,155,대,승합>영업용,5498,508,0
202605,시군구,경남,통영시,truck,private,8647,대,화물>자가용,5498,509,0
202605,시군구,경남,통영시,special,official,15,대,특수>관용,5498,509,0
202605,시군구,경남,통영시,truck,total,9138,대,화물>계,5498,509,1
202605,시군구,경남,통영시,total,private,53853,대,총계>자가용,5498,509,1
202605,시군구,경남,통영시,van,private,1454,대,승합>자가용,5498,509,0
202605,시군구,경남,통영시,special,total,269,대,특수>계,5498,509,1
202605,시군구,경남,통영시,passenger,business,660,대,승용>영업용,5498,509,0
202605,시군구,경남,통영시,truck,official,125,대,화물>관용,5498,509,0
202605,시군구,경남,통영시,special,business,71,대,특수>영업용,5498,509,0
202605,시군구,경남,통영시,total,official,330,대,총계>관용,5498,509,1
202605,시군구,경남,통영시,total,business,1350,대,총계>영업용,5498,509,1
202605,시군구,경남,통영시,total,total,55533,대,총계>계,5498,509,1
202605,시군구,경남,통영시,van,official,87,대,승합>관용,5498,509,0
202605,시군구,경남,통영시,truck,business,366,대,화물>영업용,5498,509,0
202605,시군구,경남,통영시,van,total,1794,대,승합>계,5498,509,1
202605,시군구,경남,통영시,passenger,official,103,대,승용>관용,5498,509,0
202605,시군구,경남,통영시,passenger,private,43569,대,승용>자가용,5498,509,0
202605,시군구,경남,통영시,passenger,total,44332,대,승용>계,5498,509,1
202605,시군구,경남,통영시,special,private,183,대,특수>자가용,5498,509,0
202605,시군구,경남,통영시,van,business,253,대,승합>영업용,5498,509,0
202605,시군구,경남,하동군,truck,private,7829,대,화물>자가용,5498,510,0
202605,시군구,경남,하동군,special,official,17,대,특수>관용,5498,510,0
202605,시군구,경남,하동군,truck,total,8120,대,화물>계,5498,510,1
202605,시군구,경남,하동군,total,private,24909,대,총계>자가용,5498,510,1
202605,시군구,경남,하동군,van,private,495,대,승합>자가용,5498,510,0
202605,시군구,경남,하동군,special,total,206,대,특수>계,5498,510,1
202605,시군구,경남,하동군,passenger,business,84,대,승용>영업용,5498,510,0
202605,시군구,경남,하동군,truck,official,116,대,화물>관용,5498,510,0
202605,시군구,경남,하동군,special,business,88,대,특수>영업용,5498,510,0
202605,시군구,경남,하동군,total,official,266,대,총계>관용,5498,510,1
202605,시군구,경남,하동군,total,business,393,대,총계>영업용,5498,510,1
202605,시군구,경남,하동군,total,total,25568,대,총계>계,5498,510,1
202605,시군구,경남,하동군,van,official,73,대,승합>관용,5498,510,0
202605,시군구,경남,하동군,truck,business,175,대,화물>영업용,5498,510,0
202605,시군구,경남,하동군,van,total,614,대,승합>계,5498,510,1
202605,시군구,경남,하동군,passenger,official,60,대,승용>관용,5498,510,0
202605,시군구,경남,하동군,passenger,private,16484,대,승용>자가용,5498,510,0
202605,시군구,경남,하동군,passenger,total,16628,대,승용>계,5498,510,1
202605,시군구,경남,하동군,special,private,101,대,특수>자가용,5498,510,0
202605,시군구,경남,하동군,van,business,46,대,승합>영업용,5498,510,0
202605,시군구,경남,함안군,truck,private,10160,대,화물>자가용,5498,511,0
202605,시군구,경남,함안군,special,official,7,대,특수>관용,5498,511,0
202605,시군구,경남,함안군,truck,total,10808,대,화물>계,5498,511,1
202605,시군구,경남,함안군,total,private,45226,대,총계>자가용,5498,511,1
202605,시군구,경남,함안군,van,private,927,대,승합>자가용,5498,511,0
202605,시군구,경남,함안군,special,total,422,대,특수>계,5498,511,1
202605,시군구,경남,함안군,passenger,business,28399,대,승용>영업용,5498,511,0
202605,시군구,경남,함안군,truck,official,85,대,화물>관용,5498,511,0
202605,시군구,경남,함안군,special,business,233,대,특수>영업용,5498,511,0
202605,시군구,경남,함안군,total,official,233,대,총계>관용,5498,511,1
202605,시군구,경남,함안군,total,business,29403,대,총계>영업용,5498,511,1
202605,시군구,경남,함안군,total,total,74862,대,총계>계,5498,511,1
202605,시군구,경남,함안군,van,official,55,대,승합>관용,5498,511,0
202605,시군구,경남,함안군,truck,business,563,대,화물>영업용,5498,511,0
202605,시군구,경남,함안군,van,total,1190,대,승합>계,5498,511,1
202605,시군구,경남,함안군,passenger,official,86,대,승용>관용,5498,511,0
202605,시군구,경남,함안군,passenger,private,33957,대,승용>자가용,5498,511,0
202605,시군구,경남,함안군,passenger,total,62442,대,승용>계,5498,511,1
202605,시군구,경남,함안군,special,private,182,대,특수>자가용,5498,511,0
202605,시군구,경남,함안군,van,business,208,대,승합>영업용,5498,511,0
202605,시군구,경남,함양군,truck,private,6904,대,화물>자가용,5498,512,0
202605,시군구,경남,함양군,special,official,18,대,특수>관용,5498,512,0
202605,시군구,경남,함양군,truck,total,7160,대,화물>계,5498,512,1
202605,시군구,경남,함양군,total,private,24260,대,총계>자가용,5498,512,1
202605,시군구,경남,함양군,van,private,457,대,승합>자가용,5498,512,0
202605,시군구,경남,함양군,special,total,143,대,특수>계,5498,512,1
202605,시군구,경남,함양군,passenger,business,21386,대,승용>영업용,5498,512,0
202605,시군구,경남,함양군,truck,official,115,대,화물>관용,5498,512,0
202605,시군구,경남,함양군,special,business,32,대,특수>영업용,5498,512,0
202605,시군구,경남,함양군,total,official,257,대,총계>관용,5498,512,1
202605,시군구,경남,함양군,total,business,21727,대,총계>영업용,5498,512,1
202605,시군구,경남,함양군,total,total,46244,대,총계>계,5498,512,1
202605,시군구,경남,함양군,van,official,57,대,승합>관용,5498,512,0
202605,시군구,경남,함양군,truck,business,141,대,화물>영업용,5498,512,0
202605,시군구,경남,함양군,van,total,682,대,승합>계,5498,512,1
202605,시군구,경남,함양군,passenger,official,67,대,승용>관용,5498,512,0
202605,시군구,경남,함양군,passenger,private,16806,대,승용>자가용,5498,512,0
202605,시군구,경남,함양군,passenger,total,38259,대,승용>계,5498,512,1
202605,시군구,경남,함양군,special,private,93,대,특수>자가용,5498,512,0
202605,시군구,경남,함양군,van,business,168,대,승합>영업용,5498,512,0
202605,시군구,경남,합천군,truck,private,8266,대,화물>자가용,5498,513,0
202605,시군구,경남,합천군,special,official,15,대,특수>관용,5498,513,0
202605,시군구,경남,합천군,truck,total,8806,대,화물>계,5498,513,1
202605,시군구,경남,합천군,total,private,25035,대,총계>자가용,5498,513,1
202605,시군구,경남,합천군,van,private,539,대,승합>자가용,5498,513,0
202605,시군구,경남,합천군,special,total,178,대,특수>계,5498,513,1
202605,시군구,경남,합천군,passenger,business,154,대,승용>영업용,5498,513,0
202605,시군구,경남,합천군,truck,official,142,대,화물>관용,5498,513,0
202605,시군구,경남,합천군,special,business,68,대,특수>영업용,5498,513,0
202605,시군구,경남,합천군,total,official,303,대,총계>관용,5498,513,1
202605,시군구,경남,합천군,total,business,692,대,총계>영업용,5498,513,1
202605,시군구,경남,합천군,total,total,26030,대,총계>계,5498,513,1
202605,시군구,경남,합천군,van,official,59,대,승합>관용,5498,513,0
202605,시군구,경남,합천군,truck,business,398,대,화물>영업용,5498,513,0
202605,시군구,경남,합천군,van,total,670,대,승합>계,5498,513,1
202605,시군구,경남,합천군,passenger,official,87,대,승용>관용,5498,513,0
202605,시군구,경남,합천군,passenger,private,16135,대,승용>자가용,5498,513,0
202605,시군구,경남,합천군,passenger,total,16376,대,승용>계,5498,513,1
202605,시군구,경남,합천군,special,private,95,대,특수>자가용,5498,513,0
202605,시군구,경남,합천군,van,business,72,대,승합>영업용,5498,513,0
202605,시도,경남,,truck,private,268899,대,화물>자가용,5498,514,0
202605,시도,경남,,special,official,368,대,특수>관용,5498,514,0
202605,시도,경남,,truck,total,299813,대,화물>계,5498,514,1
202605,시도,경남,,total,private,1839521,대,총계>자가용,5498,514,1
202605,시도,경남,,van,private,34055,대,승합>자가용,5498,514,0
202605,시도,경남,,special,total,11660,대,특수>계,5498,514,1
202605,시도,경남,,passenger,business,143474,대,승용>영업용,5498,514,0
202605,시도,경남,,truck,official,2850,대,화물>관용,5498,514,0
202605,시도,경남,,special,business,5795,대,특수>영업용,5498,514,0
202605,시도,경남,,total,official,7893,대,총계>관용,5498,514,1
202605,시도,경남,,total,business,184198,대,총계>영업용,5498,514,1
202605,시도,경남,,total,total,2031612,대,총계>계,5498,514,1
202605,시도,경남,,van,official,1868,대,승합>관용,5498,514,0
202605,시도,경남,,truck,business,28064,대,화물>영업용,5498,514,0
202605,시도,경남,,van,total,42788,대,승합>계,5498,514,1
202605,시도,경남,,passenger,official,2807,대,승용>관용,5498,514,0
202605,시도,경남,,passenger,private,1531070,대,승용>자가용,5498,514,0
202605,시도,경남,,passenger,total,1677351,대,승용>계,5498,514,1
202605,시도,경남,,special,private,5497,대,특수>자가용,5498,514,0
202605,시도,경남,,van,business,6865,대,승합>영업용,5498,514,0
202605,시군구,제주,서귀포시,truck,private,26832,대,화물>자가용,5498,515,0
202605,시군구,제주,서귀포시,special,official,49,대,특수>관용,5498,515,0
202605,시군구,제주,서귀포시,truck,total,27872,대,화물>계,5498,515,1
202605,시군구,제주,서귀포시,total,private,107443,대,총계>자가용,5498,515,1
202605,시군구,제주,서귀포시,van,private,2641,대,승합>자가용,5498,515,0
202605,시군구,제주,서귀포시,special,total,449,대,특수>계,5498,515,1
202605,시군구,제주,서귀포시,passenger,business,923,대,승용>영업용,5498,515,0
202605,시군구,제주,서귀포시,truck,official,347,대,화물>관용,5498,515,0
202605,시군구,제주,서귀포시,special,business,143,대,특수>영업용,5498,515,0
202605,시군구,제주,서귀포시,total,official,771,대,총계>관용,5498,515,1
202605,시군구,제주,서귀포시,total,business,1899,대,총계>영업용,5498,515,1
202605,시군구,제주,서귀포시,total,total,110113,대,총계>계,5498,515,1
202605,시군구,제주,서귀포시,van,official,128,대,승합>관용,5498,515,0
202605,시군구,제주,서귀포시,truck,business,693,대,화물>영업용,5498,515,0
202605,시군구,제주,서귀포시,van,total,2909,대,승합>계,5498,515,1
202605,시군구,제주,서귀포시,passenger,official,247,대,승용>관용,5498,515,0
202605,시군구,제주,서귀포시,passenger,private,77713,대,승용>자가용,5498,515,0
202605,시군구,제주,서귀포시,passenger,total,78883,대,승용>계,5498,515,1
202605,시군구,제주,서귀포시,special,private,257,대,특수>자가용,5498,515,0
202605,시군구,제주,서귀포시,van,business,140,대,승합>영업용,5498,515,0
202605,시군구,제주,제주시,truck,private,60654,대,화물>자가용,5498,516,0
202605,시군구,제주,제주시,special,official,40,대,특수>관용,5498,516,0
202605,시군구,제주,제주시,truck,total,65075,대,화물>계,5498,516,1
202605,시군구,제주,제주시,total,private,325974,대,총계>자가용,5498,516,1
202605,시군구,제주,제주시,van,private,6541,대,승합>자가용,5498,516,0
202605,시군구,제주,제주시,special,total,1788,대,특수>계,5498,516,1
202605,시군구,제주,제주시,passenger,business,282828,대,승용>영업용,5498,516,0
202605,시군구,제주,제주시,truck,official,697,대,화물>관용,5498,516,0
202605,시군구,제주,제주시,special,business,557,대,특수>영업용,5498,516,0
202605,시군구,제주,제주시,total,official,1694,대,총계>관용,5498,516,1
202605,시군구,제주,제주시,total,business,293465,대,총계>영업용,5498,516,1
202605,시군구,제주,제주시,total,total,621133,대,총계>계,5498,516,1
202605,시군구,제주,제주시,van,official,347,대,승합>관용,5498,516,0
202605,시군구,제주,제주시,truck,business,3724,대,화물>영업용,5498,516,0
202605,시군구,제주,제주시,van,total,13244,대,승합>계,5498,516,1
202605,시군구,제주,제주시,passenger,official,610,대,승용>관용,5498,516,0
202605,시군구,제주,제주시,passenger,private,257588,대,승용>자가용,5498,516,0
202605,시군구,제주,제주시,passenger,total,541026,대,승용>계,5498,516,1
202605,시군구,제주,제주시,special,private,1191,대,특수>자가용,5498,516,0
202605,시군구,제주,제주시,van,business,6356,대,승합>영업용,5498,516,0
202605,시도,제주,,truck,private,87486,대,화물>자가용,5498,517,0
202605,시도,제주,,special,official,89,대,특수>관용,5498,517,0
202605,시도,제주,,truck,total,92947,대,화물>계,5498,517,1
202605,시도,제주,,total,private,433417,대,총계>자가용,5498,517,1
202605,시도,제주,,van,private,9182,대,승합>자가용,5498,517,0
202605,시도,제주,,special,total,2237,대,특수>계,5498,517,1
202605,시도,제주,,passenger,business,283751,대,승용>영업용,5498,517,0
202605,시도,제주,,truck,official,1044,대,화물>관용,5498,517,0
202605,시도,제주,,special,business,700,대,특수>영업용,5498,517,0
202605,시도,제주,,total,official,2465,대,총계>관용,5498,517,1
202605,시도,제주,,total,business,295364,대,총계>영업용,5498,517,1
202605,시도,제주,,total,total,731246,대,총계>계,5498,517,1
202605,시도,제주,,van,official,475,대,승합>관용,5498,517,0
202605,시도,제주,,truck,business,4417,대,화물>영업용,5498,517,0
202605,시도,제주,,van,total,16153,대,승합>계,5498,517,1
202605,시도,제주,,passenger,official,857,대,승용>관용,5498,517,0
202605,시도,제주,,passenger,private,335301,대,승용>자가용,5498,517,0
202605,시도,제주,,passenger,total,619909,대,승용>계,5498,517,1
202605,시도,제주,,special,private,1448,대,특수>자가용,5498,517,0
202605,시도,제주,,van,business,6496,대,승합>영업용,5498,517,0
202605,시군구,강원,강릉시,truck,private,17754,대,화물>자가용,5498,518,0
202605,시군구,강원,강릉시,special,official,46,대,특수>관용,5498,518,0
202605,시군구,강원,강릉시,truck,total,19432,대,화물>계,5498,518,1
202605,시군구,강원,강릉시,total,private,115649,대,총계>자가용,5498,518,1
202605,시군구,강원,강릉시,van,private,2301,대,승합>자가용,5498,518,0
202605,시군구,강원,강릉시,special,total,871,대,특수>계,5498,518,1
202605,시군구,강원,강릉시,passenger,business,2135,대,승용>영업용,5498,518,0
202605,시군구,강원,강릉시,truck,official,268,대,화물>관용,5498,518,0
202605,시군구,강원,강릉시,special,business,383,대,특수>영업용,5498,518,0
202605,시군구,강원,강릉시,total,official,632,대,총계>관용,5498,518,1
202605,시군구,강원,강릉시,total,business,4424,대,총계>영업용,5498,518,1
202605,시군구,강원,강릉시,total,total,120705,대,총계>계,5498,518,1
202605,시군구,강원,강릉시,van,official,141,대,승합>관용,5498,518,0
202605,시군구,강원,강릉시,truck,business,1410,대,화물>영업용,5498,518,0
202605,시군구,강원,강릉시,van,total,2938,대,승합>계,5498,518,1
202605,시군구,강원,강릉시,passenger,official,177,대,승용>관용,5498,518,0
202605,시군구,강원,강릉시,passenger,private,95152,대,승용>자가용,5498,518,0
202605,시군구,강원,강릉시,passenger,total,97464,대,승용>계,5498,518,1
202605,시군구,강원,강릉시,special,private,442,대,특수>자가용,5498,518,0
202605,시군구,강원,강릉시,van,business,496,대,승합>영업용,5498,518,0
202605,시군구,강원,고성군,truck,private,3980,대,화물>자가용,5498,519,0
202605,시군구,강원,고성군,special,official,7,대,특수>관용,5498,519,0
202605,시군구,강원,고성군,truck,total,4190,대,화물>계,5498,519,1
202605,시군구,강원,고성군,total,private,16855,대,총계>자가용,5498,519,1
202605,시군구,강원,고성군,van,private,407,대,승합>자가용,5498,519,0
202605,시군구,강원,고성군,special,total,104,대,특수>계,5498,519,1
202605,시군구,강원,고성군,passenger,business,118,대,승용>영업용,5498,519,0
202605,시군구,강원,고성군,truck,official,103,대,화물>관용,5498,519,0
202605,시군구,강원,고성군,special,business,31,대,특수>영업용,5498,519,0
202605,시군구,강원,고성군,total,official,210,대,총계>관용,5498,519,1
202605,시군구,강원,고성군,total,business,290,대,총계>영업용,5498,519,1
202605,시군구,강원,고성군,total,total,17355,대,총계>계,5498,519,1
202605,시군구,강원,고성군,van,official,43,대,승합>관용,5498,519,0
202605,시군구,강원,고성군,truck,business,107,대,화물>영업용,5498,519,0
202605,시군구,강원,고성군,van,total,484,대,승합>계,5498,519,1
202605,시군구,강원,고성군,passenger,official,57,대,승용>관용,5498,519,0
202605,시군구,강원,고성군,passenger,private,12402,대,승용>자가용,5498,519,0
202605,시군구,강원,고성군,passenger,total,12577,대,승용>계,5498,519,1
202605,시군구,강원,고성군,special,private,66,대,특수>자가용,5498,519,0
202605,시군구,강원,고성군,van,business,34,대,승합>영업용,5498,519,0
202605,시군구,강원,동해시,truck,private,6874,대,화물>자가용,5498,520,0
202605,시군구,강원,동해시,special,official,11,대,특수>관용,5498,520,0
202605,시군구,강원,동해시,truck,total,7503,대,화물>계,5498,520,1
202605,시군구,강원,동해시,total,private,48032,대,총계>자가용,5498,520,1
202605,시군구,강원,동해시,van,private,1091,대,승합>자가용,5498,520,0
202605,시군구,강원,동해시,special,total,388,대,특수>계,5498,520,1
202605,시군구,강원,동해시,passenger,business,711,대,승용>영업용,5498,520,0
202605,시군구,강원,동해시,truck,official,123,대,화물>관용,5498,520,0
202605,시군구,강원,동해시,special,business,187,대,특수>영업용,5498,520,0
202605,시군구,강원,동해시,total,official,345,대,총계>관용,5498,520,1
202605,시군구,강원,동해시,total,business,1568,대,총계>영업용,5498,520,1
202605,시군구,강원,동해시,total,total,49945,대,총계>계,5498,520,1
202605,시군구,강원,동해시,van,official,83,대,승합>관용,5498,520,0
202605,시군구,강원,동해시,truck,business,506,대,화물>영업용,5498,520,0
202605,시군구,강원,동해시,van,total,1338,대,승합>계,5498,520,1
202605,시군구,강원,동해시,passenger,official,128,대,승용>관용,5498,520,0
202605,시군구,강원,동해시,passenger,private,39877,대,승용>자가용,5498,520,0
202605,시군구,강원,동해시,passenger,total,40716,대,승용>계,5498,520,1
202605,시군구,강원,동해시,special,private,190,대,특수>자가용,5498,520,0
202605,시군구,강원,동해시,van,business,164,대,승합>영업용,5498,520,0
202605,시군구,강원,삼척시,truck,private,6696,대,화물>자가용,5498,521,0
202605,시군구,강원,삼척시,special,official,14,대,특수>관용,5498,521,0
202605,시군구,강원,삼척시,truck,total,7071,대,화물>계,5498,521,1
202605,시군구,강원,삼척시,total,private,34319,대,총계>자가용,5498,521,1
202605,시군구,강원,삼척시,van,private,715,대,승합>자가용,5498,521,0
202605,시군구,강원,삼척시,special,total,225,대,특수>계,5498,521,1
202605,시군구,강원,삼척시,passenger,business,470,대,승용>영업용,5498,521,0
202605,시군구,강원,삼척시,truck,official,185,대,화물>관용,5498,521,0
202605,시군구,강원,삼척시,special,business,49,대,특수>영업용,5498,521,0
202605,시군구,강원,삼척시,total,official,421,대,총계>관용,5498,521,1
202605,시군구,강원,삼척시,total,business,826,대,총계>영업용,5498,521,1
202605,시군구,강원,삼척시,total,total,35566,대,총계>계,5498,521,1
202605,시군구,강원,삼척시,van,official,98,대,승합>관용,5498,521,0
202605,시군구,강원,삼척시,truck,business,190,대,화물>영업용,5498,521,0
202605,시군구,강원,삼척시,van,total,930,대,승합>계,5498,521,1
202605,시군구,강원,삼척시,passenger,official,124,대,승용>관용,5498,521,0
202605,시군구,강원,삼척시,passenger,private,26746,대,승용>자가용,5498,521,0
202605,시군구,강원,삼척시,passenger,total,27340,대,승용>계,5498,521,1
202605,시군구,강원,삼척시,special,private,162,대,특수>자가용,5498,521,0
202605,시군구,강원,삼척시,van,business,117,대,승합>영업용,5498,521,0
202605,시군구,강원,속초시,truck,private,5225,대,화물>자가용,5498,522,0
202605,시군구,강원,속초시,special,official,10,대,특수>관용,5498,522,0
202605,시군구,강원,속초시,truck,total,5671,대,화물>계,5498,522,1
202605,시군구,강원,속초시,total,private,40429,대,총계>자가용,5498,522,1
202605,시군구,강원,속초시,van,private,989,대,승합>자가용,5498,522,0
202605,시군구,강원,속초시,special,total,247,대,특수>계,5498,522,1
202605,시군구,강원,속초시,passenger,business,794,대,승용>영업용,5498,522,0
202605,시군구,강원,속초시,truck,official,125,대,화물>관용,5498,522,0
202605,시군구,강원,속초시,special,business,86,대,특수>영업용,5498,522,0
202605,시군구,강원,속초시,total,official,348,대,총계>관용,5498,522,1
202605,시군구,강원,속초시,total,business,1339,대,총계>영업용,5498,522,1
202605,시군구,강원,속초시,total,total,42116,대,총계>계,5498,522,1
202605,시군구,강원,속초시,van,official,91,대,승합>관용,5498,522,0
202605,시군구,강원,속초시,truck,business,321,대,화물>영업용,5498,522,0
202605,시군구,강원,속초시,van,total,1218,대,승합>계,5498,522,1
202605,시군구,강원,속초시,passenger,official,122,대,승용>관용,5498,522,0
202605,시군구,강원,속초시,passenger,private,34064,대,승용>자가용,5498,522,0
202605,시군구,강원,속초시,passenger,total,34980,대,승용>계,5498,522,1
202605,시군구,강원,속초시,special,private,151,대,특수>자가용,5498,522,0
202605,시군구,강원,속초시,van,business,138,대,승합>영업용,5498,522,0
202605,시군구,강원,양구군,truck,private,3337,대,화물>자가용,5498,523,0
202605,시군구,강원,양구군,special,official,11,대,특수>관용,5498,523,0
202605,시군구,강원,양구군,truck,total,3508,대,화물>계,5498,523,1
202605,시군구,강원,양구군,total,private,12766,대,총계>자가용,5498,523,1
202605,시군구,강원,양구군,van,private,272,대,승합>자가용,5498,523,0
202605,시군구,강원,양구군,special,total,84,대,특수>계,5498,523,1
202605,시군구,강원,양구군,passenger,business,54,대,승용>영업용,5498,523,0
202605,시군구,강원,양구군,truck,official,114,대,화물>관용,5498,523,0
202605,시군구,강원,양구군,special,business,20,대,특수>영업용,5498,523,0
202605,시군구,강원,양구군,total,official,235,대,총계>관용,5498,523,1
202605,시군구,강원,양구군,total,business,167,대,총계>영업용,5498,523,1
202605,시군구,강원,양구군,total,total,13168,대,총계>계,5498,523,1
202605,시군구,강원,양구군,van,official,54,대,승합>관용,5498,523,0
202605,시군구,강원,양구군,truck,business,57,대,화물>영업용,5498,523,0
202605,시군구,강원,양구군,van,total,362,대,승합>계,5498,523,1
202605,시군구,강원,양구군,passenger,official,56,대,승용>관용,5498,523,0
202605,시군구,강원,양구군,passenger,private,9104,대,승용>자가용,5498,523,0
202605,시군구,강원,양구군,passenger,total,9214,대,승용>계,5498,523,1
202605,시군구,강원,양구군,special,private,53,대,특수>자가용,5498,523,0
202605,시군구,강원,양구군,van,business,36,대,승합>영업용,5498,523,0
202605,시군구,강원,양양군,truck,private,4069,대,화물>자가용,5498,524,0
202605,시군구,강원,양양군,special,official,17,대,특수>관용,5498,524,0
202605,시군구,강원,양양군,truck,total,4270,대,화물>계,5498,524,1
202605,시군구,강원,양양군,total,private,17318,대,총계>자가용,5498,524,1
202605,시군구,강원,양양군,van,private,369,대,승합>자가용,5498,524,0
202605,시군구,강원,양양군,special,total,126,대,특수>계,5498,524,1
202605,시군구,강원,양양군,passenger,business,188,대,승용>영업용,5498,524,0
202605,시군구,강원,양양군,truck,official,132,대,화물>관용,5498,524,0
202605,시군구,강원,양양군,special,business,21,대,특수>영업용,5498,524,0
202605,시군구,강원,양양군,total,official,233,대,총계>관용,5498,524,1
202605,시군구,강원,양양군,total,business,304,대,총계>영업용,5498,524,1
202605,시군구,강원,양양군,total,total,17855,대,총계>계,5498,524,1
202605,시군구,강원,양양군,van,official,37,대,승합>관용,5498,524,0
202605,시군구,강원,양양군,truck,business,69,대,화물>영업용,5498,524,0
202605,시군구,강원,양양군,van,total,432,대,승합>계,5498,524,1
202605,시군구,강원,양양군,passenger,official,47,대,승용>관용,5498,524,0
202605,시군구,강원,양양군,passenger,private,12792,대,승용>자가용,5498,524,0
202605,시군구,강원,양양군,passenger,total,13027,대,승용>계,5498,524,1
202605,시군구,강원,양양군,special,private,88,대,특수>자가용,5498,524,0
202605,시군구,강원,양양군,van,business,26,대,승합>영업용,5498,524,0
202605,시군구,강원,영월군,truck,private,6185,대,화물>자가용,5498,525,0
202605,시군구,강원,영월군,special,official,14,대,특수>관용,5498,525,0
202605,시군구,강원,영월군,truck,total,6449,대,화물>계,5498,525,1
202605,시군구,강원,영월군,total,private,21973,대,총계>자가용,5498,525,1
202605,시군구,강원,영월군,van,private,568,대,승합>자가용,5498,525,0
202605,시군구,강원,영월군,special,total,201,대,특수>계,5498,525,1
202605,시군구,강원,영월군,passenger,business,150,대,승용>영업용,5498,525,0
202605,시군구,강원,영월군,truck,official,126,대,화물>관용,5498,525,0
202605,시군구,강원,영월군,special,business,59,대,특수>영업용,5498,525,0
202605,시군구,강원,영월군,total,official,353,대,총계>관용,5498,525,1
202605,시군구,강원,영월군,total,business,403,대,총계>영업용,5498,525,1
202605,시군구,강원,영월군,total,total,22729,대,총계>계,5498,525,1
202605,시군구,강원,영월군,van,official,83,대,승합>관용,5498,525,0
202605,시군구,강원,영월군,truck,business,138,대,화물>영업용,5498,525,0
202605,시군구,강원,영월군,van,total,707,대,승합>계,5498,525,1
202605,시군구,강원,영월군,passenger,official,130,대,승용>관용,5498,525,0
202605,시군구,강원,영월군,passenger,private,15092,대,승용>자가용,5498,525,0
202605,시군구,강원,영월군,passenger,total,15372,대,승용>계,5498,525,1
202605,시군구,강원,영월군,special,private,128,대,특수>자가용,5498,525,0
202605,시군구,강원,영월군,van,business,56,대,승합>영업용,5498,525,0
202605,시군구,강원,원주시,truck,private,26424,대,화물>자가용,5498,526,0
202605,시군구,강원,원주시,special,official,31,대,특수>관용,5498,526,0
202605,시군구,강원,원주시,truck,total,28975,대,화물>계,5498,526,1
202605,시군구,강원,원주시,total,private,197163,대,총계>자가용,5498,526,1
202605,시군구,강원,원주시,van,private,3862,대,승합>자가용,5498,526,0
202605,시군구,강원,원주시,special,total,1166,대,특수>계,5498,526,1
202605,시군구,강원,원주시,passenger,business,2535,대,승용>영업용,5498,526,0
202605,시군구,강원,원주시,truck,official,233,대,화물>관용,5498,526,0
202605,시군구,강원,원주시,special,business,359,대,특수>영업용,5498,526,0
202605,시군구,강원,원주시,total,official,651,대,총계>관용,5498,526,1
202605,시군구,강원,원주시,total,business,5705,대,총계>영업용,5498,526,1
202605,시군구,강원,원주시,total,total,203519,대,총계>계,5498,526,1
202605,시군구,강원,원주시,van,official,154,대,승합>관용,5498,526,0
202605,시군구,강원,원주시,truck,business,2318,대,화물>영업용,5498,526,0
202605,시군구,강원,원주시,van,total,4509,대,승합>계,5498,526,1
202605,시군구,강원,원주시,passenger,official,233,대,승용>관용,5498,526,0
202605,시군구,강원,원주시,passenger,private,166101,대,승용>자가용,5498,526,0
202605,시군구,강원,원주시,passenger,total,168869,대,승용>계,5498,526,1
202605,시군구,강원,원주시,special,private,776,대,특수>자가용,5498,526,0
202605,시군구,강원,원주시,van,business,493,대,승합>영업용,5498,526,0
202605,시군구,강원,인제군,truck,private,5009,대,화물>자가용,5498,527,0
202605,시군구,강원,인제군,special,official,15,대,특수>관용,5498,527,0
202605,시군구,강원,인제군,truck,total,5255,대,화물>계,5498,527,1
202605,시군구,강원,인제군,total,private,20395,대,총계>자가용,5498,527,1
202605,시군구,강원,인제군,van,private,421,대,승합>자가용,5498,527,0
202605,시군구,강원,인제군,special,total,140,대,특수>계,5498,527,1
202605,시군구,강원,인제군,passenger,business,72,대,승용>영업용,5498,527,0
202605,시군구,강원,인제군,truck,official,126,대,화물>관용,5498,527,0
202605,시군구,강원,인제군,special,business,30,대,특수>영업용,5498,527,0
202605,시군구,강원,인제군,total,official,249,대,총계>관용,5498,527,1
202605,시군구,강원,인제군,total,business,279,대,총계>영업용,5498,527,1
202605,시군구,강원,인제군,total,total,20923,대,총계>계,5498,527,1
202605,시군구,강원,인제군,van,official,52,대,승합>관용,5498,527,0
202605,시군구,강원,인제군,truck,business,120,대,화물>영업용,5498,527,0
202605,시군구,강원,인제군,van,total,530,대,승합>계,5498,527,1
202605,시군구,강원,인제군,passenger,official,56,대,승용>관용,5498,527,0
202605,시군구,강원,인제군,passenger,private,14870,대,승용>자가용,5498,527,0
202605,시군구,강원,인제군,passenger,total,14998,대,승용>계,5498,527,1
202605,시군구,강원,인제군,special,private,95,대,특수>자가용,5498,527,0
202605,시군구,강원,인제군,van,business,57,대,승합>영업용,5498,527,0
202605,시군구,강원,정선군,truck,private,6197,대,화물>자가용,5498,528,0
202605,시군구,강원,정선군,special,official,27,대,특수>관용,5498,528,0
202605,시군구,강원,정선군,truck,total,6508,대,화물>계,5498,528,1
202605,시군구,강원,정선군,total,private,22580,대,총계>자가용,5498,528,1
202605,시군구,강원,정선군,van,private,495,대,승합>자가용,5498,528,0
202605,시군구,강원,정선군,special,total,188,대,특수>계,5498,528,1
202605,시군구,강원,정선군,passenger,business,220,대,승용>영업용,5498,528,0
202605,시군구,강원,정선군,truck,official,147,대,화물>관용,5498,528,0
202605,시군구,강원,정선군,special,business,35,대,특수>영업용,5498,528,0
202605,시군구,강원,정선군,total,official,390,대,총계>관용,5498,528,1
202605,시군구,강원,정선군,total,business,496,대,총계>영업용,5498,528,1
202605,시군구,강원,정선군,total,total,23466,대,총계>계,5498,528,1
202605,시군구,강원,정선군,van,official,100,대,승합>관용,5498,528,0
202605,시군구,강원,정선군,truck,business,164,대,화물>영업용,5498,528,0
202605,시군구,강원,정선군,van,total,672,대,승합>계,5498,528,1
202605,시군구,강원,정선군,passenger,official,116,대,승용>관용,5498,528,0
202605,시군구,강원,정선군,passenger,private,15762,대,승용>자가용,5498,528,0
202605,시군구,강원,정선군,passenger,total,16098,대,승용>계,5498,528,1
202605,시군구,강원,정선군,special,private,126,대,특수>자가용,5498,528,0
202605,시군구,강원,정선군,van,business,77,대,승합>영업용,5498,528,0
202605,시군구,강원,철원군,truck,private,6987,대,화물>자가용,5498,529,0
202605,시군구,강원,철원군,special,official,19,대,특수>관용,5498,529,0
202605,시군구,강원,철원군,truck,total,7266,대,화물>계,5498,529,1
202605,시군구,강원,철원군,total,private,25101,대,총계>자가용,5498,529,1
202605,시군구,강원,철원군,van,private,586,대,승합>자가용,5498,529,0
202605,시군구,강원,철원군,special,total,137,대,특수>계,5498,529,1
202605,시군구,강원,철원군,passenger,business,187,대,승용>영업용,5498,529,0
202605,시군구,강원,철원군,truck,official,143,대,화물>관용,5498,529,0
202605,시군구,강원,철원군,special,business,22,대,특수>영업용,5498,529,0
202605,시군구,강원,철원군,total,official,288,대,총계>관용,5498,529,1
202605,시군구,강원,철원군,total,business,396,대,총계>영업용,5498,529,1
202605,시군구,강원,철원군,total,total,25785,대,총계>계,5498,529,1
202605,시군구,강원,철원군,van,official,68,대,승합>관용,5498,529,0
202605,시군구,강원,철원군,truck,business,136,대,화물>영업용,5498,529,0
202605,시군구,강원,철원군,van,total,705,대,승합>계,5498,529,1
202605,시군구,강원,철원군,passenger,official,58,대,승용>관용,5498,529,0
202605,시군구,강원,철원군,passenger,private,17432,대,승용>자가용,5498,529,0
202605,시군구,강원,철원군,passenger,total,17677,대,승용>계,5498,529,1
202605,시군구,강원,철원군,special,private,96,대,특수>자가용,5498,529,0
202605,시군구,강원,철원군,van,business,51,대,승합>영업용,5498,529,0
202605,시군구,강원,춘천시,truck,private,18393,대,화물>자가용,5498,530,0
202605,시군구,강원,춘천시,special,official,32,대,특수>관용,5498,530,0
202605,시군구,강원,춘천시,truck,total,21485,대,화물>계,5498,530,1
202605,시군구,강원,춘천시,total,private,145508,대,총계>자가용,5498,530,1
202605,시군구,강원,춘천시,van,private,2849,대,승합>자가용,5498,530,0
202605,시군구,강원,춘천시,special,total,994,대,특수>계,5498,530,1
202605,시군구,강원,춘천시,passenger,business,2270,대,승용>영업용,5498,530,0
202605,시군구,강원,춘천시,truck,official,265,대,화물>관용,5498,530,0
202605,시군구,강원,춘천시,special,business,411,대,특수>영업용,5498,530,0
202605,시군구,강원,춘천시,total,official,897,대,총계>관용,5498,530,1
202605,시군구,강원,춘천시,total,business,6116,대,총계>영업용,5498,530,1
202605,시군구,강원,춘천시,total,total,152521,대,총계>계,5498,530,1
202605,시군구,강원,춘천시,van,official,262,대,승합>관용,5498,530,0
202605,시군구,강원,춘천시,truck,business,2827,대,화물>영업용,5498,530,0
202605,시군구,강원,춘천시,van,total,3719,대,승합>계,5498,530,1
202605,시군구,강원,춘천시,passenger,official,338,대,승용>관용,5498,530,0
202605,시군구,강원,춘천시,passenger,private,123715,대,승용>자가용,5498,530,0
202605,시군구,강원,춘천시,passenger,total,126323,대,승용>계,5498,530,1
202605,시군구,강원,춘천시,special,private,551,대,특수>자가용,5498,530,0
202605,시군구,강원,춘천시,van,business,608,대,승합>영업용,5498,530,0
202605,시군구,강원,태백시,truck,private,3300,대,화물>자가용,5498,531,0
202605,시군구,강원,태백시,special,official,16,대,특수>관용,5498,531,0
202605,시군구,강원,태백시,truck,total,3561,대,화물>계,5498,531,1
202605,시군구,강원,태백시,total,private,20026,대,총계>자가용,5498,531,1
202605,시군구,강원,태백시,van,private,556,대,승합>자가용,5498,531,0
202605,시군구,강원,태백시,special,total,186,대,특수>계,5498,531,1
202605,시군구,강원,태백시,passenger,business,346,대,승용>영업용,5498,531,0
202605,시군구,강원,태백시,truck,official,124,대,화물>관용,5498,531,0
202605,시군구,강원,태백시,special,business,48,대,특수>영업용,5498,531,0
202605,시군구,강원,태백시,total,official,268,대,총계>관용,5498,531,1
202605,시군구,강원,태백시,total,business,653,대,총계>영업용,5498,531,1
202605,시군구,강원,태백시,total,total,20947,대,총계>계,5498,531,1
202605,시군구,강원,태백시,van,official,56,대,승합>관용,5498,531,0
202605,시군구,강원,태백시,truck,business,137,대,화물>영업용,5498,531,0
202605,시군구,강원,태백시,van,total,734,대,승합>계,5498,531,1
202605,시군구,강원,태백시,passenger,official,72,대,승용>관용,5498,531,0
202605,시군구,강원,태백시,passenger,private,16048,대,승용>자가용,5498,531,0
202605,시군구,강원,태백시,passenger,total,16466,대,승용>계,5498,531,1
202605,시군구,강원,태백시,special,private,122,대,특수>자가용,5498,531,0
202605,시군구,강원,태백시,van,business,122,대,승합>영업용,5498,531,0
202605,시군구,강원,평창군,truck,private,8667,대,화물>자가용,5498,532,0
202605,시군구,강원,평창군,special,official,25,대,특수>관용,5498,532,0
202605,시군구,강원,평창군,truck,total,8922,대,화물>계,5498,532,1
202605,시군구,강원,평창군,total,private,27442,대,총계>자가용,5498,532,1
202605,시군구,강원,평창군,van,private,680,대,승합>자가용,5498,532,0
202605,시군구,강원,평창군,special,total,176,대,특수>계,5498,532,1
202605,시군구,강원,평창군,passenger,business,206,대,승용>영업용,5498,532,0
202605,시군구,강원,평창군,truck,official,121,대,화물>관용,5498,532,0
202605,시군구,강원,평창군,special,business,47,대,특수>영업용,5498,532,0
202605,시군구,강원,평창군,total,official,328,대,총계>관용,5498,532,1
202605,시군구,강원,평창군,total,business,459,대,총계>영업용,5498,532,1
202605,시군구,강원,평창군,total,total,28229,대,총계>계,5498,532,1
202605,시군구,강원,평창군,van,official,75,대,승합>관용,5498,532,0
202605,시군구,강원,평창군,truck,business,134,대,화물>영업용,5498,532,0
202605,시군구,강원,평창군,van,total,827,대,승합>계,5498,532,1
202605,시군구,강원,평창군,passenger,official,107,대,승용>관용,5498,532,0
202605,시군구,강원,평창군,passenger,private,17991,대,승용>자가용,5498,532,0
202605,시군구,강원,평창군,passenger,total,18304,대,승용>계,5498,532,1
202605,시군구,강원,평창군,special,private,104,대,특수>자가용,5498,532,0
202605,시군구,강원,평창군,van,business,72,대,승합>영업용,5498,532,0
202605,시군구,강원,홍천군,truck,private,11693,대,화물>자가용,5498,533,0
202605,시군구,강원,홍천군,special,official,26,대,특수>관용,5498,533,0
202605,시군구,강원,홍천군,truck,total,12334,대,화물>계,5498,533,1
202605,시군구,강원,홍천군,total,private,41584,대,총계>자가용,5498,533,1
202605,시군구,강원,홍천군,van,private,1073,대,승합>자가용,5498,533,0
202605,시군구,강원,홍천군,special,total,274,대,특수>계,5498,533,1
202605,시군구,강원,홍천군,passenger,business,303,대,승용>영업용,5498,533,0
202605,시군구,강원,홍천군,truck,official,183,대,화물>관용,5498,533,0
202605,시군구,강원,홍천군,special,business,66,대,특수>영업용,5498,533,0
202605,시군구,강원,홍천군,total,official,460,대,총계>관용,5498,533,1
202605,시군구,강원,홍천군,total,business,1096,대,총계>영업용,5498,533,1
202605,시군구,강원,홍천군,total,total,43140,대,총계>계,5498,533,1
202605,시군구,강원,홍천군,van,official,115,대,승합>관용,5498,533,0
202605,시군구,강원,홍천군,truck,business,458,대,화물>영업용,5498,533,0
202605,시군구,강원,홍천군,van,total,1457,대,승합>계,5498,533,1
202605,시군구,강원,홍천군,passenger,official,136,대,승용>관용,5498,533,0
202605,시군구,강원,홍천군,passenger,private,28636,대,승용>자가용,5498,533,0
202605,시군구,강원,홍천군,passenger,total,29075,대,승용>계,5498,533,1
202605,시군구,강원,홍천군,special,private,182,대,특수>자가용,5498,533,0
202605,시군구,강원,홍천군,van,business,269,대,승합>영업용,5498,533,0
202605,시군구,강원,화천군,truck,private,3297,대,화물>자가용,5498,534,0
202605,시군구,강원,화천군,special,official,10,대,특수>관용,5498,534,0
202605,시군구,강원,화천군,truck,total,3444,대,화물>계,5498,534,1
202605,시군구,강원,화천군,total,private,13633,대,총계>자가용,5498,534,1
202605,시군구,강원,화천군,van,private,260,대,승합>자가용,5498,534,0
202605,시군구,강원,화천군,special,total,94,대,특수>계,5498,534,1
202605,시군구,강원,화천군,passenger,business,54,대,승용>영업용,5498,534,0
202605,시군구,강원,화천군,truck,official,100,대,화물>관용,5498,534,0
202605,시군구,강원,화천군,special,business,24,대,특수>영업용,5498,534,0
202605,시군구,강원,화천군,total,official,228,대,총계>관용,5498,534,1
202605,시군구,강원,화천군,total,business,160,대,총계>영업용,5498,534,1
202605,시군구,강원,화천군,total,total,14021,대,총계>계,5498,534,1
202605,시군구,강원,화천군,van,official,60,대,승합>관용,5498,534,0
202605,시군구,강원,화천군,truck,business,47,대,화물>영업용,5498,534,0
202605,시군구,강원,화천군,van,total,355,대,승합>계,5498,534,1
202605,시군구,강원,화천군,passenger,official,58,대,승용>관용,5498,534,0
202605,시군구,강원,화천군,passenger,private,10016,대,승용>자가용,5498,534,0
202605,시군구,강원,화천군,passenger,total,10128,대,승용>계,5498,534,1
202605,시군구,강원,화천군,special,private,60,대,특수>자가용,5498,534,0
202605,시군구,강원,화천군,van,business,35,대,승합>영업용,5498,534,0
202605,시군구,강원,횡성군,truck,private,8713,대,화물>자가용,5498,535,0
202605,시군구,강원,횡성군,special,official,12,대,특수>관용,5498,535,0
202605,시군구,강원,횡성군,truck,total,9110,대,화물>계,5498,535,1
202605,시군구,강원,횡성군,total,private,29591,대,총계>자가용,5498,535,1
202605,시군구,강원,횡성군,van,private,780,대,승합>자가용,5498,535,0
202605,시군구,강원,횡성군,special,total,208,대,특수>계,5498,535,1
202605,시군구,강원,횡성군,passenger,business,544,대,승용>영업용,5498,535,0
202605,시군구,강원,횡성군,truck,official,127,대,화물>관용,5498,535,0
202605,시군구,강원,횡성군,special,business,51,대,특수>영업용,5498,535,0
202605,시군구,강원,횡성군,total,official,292,대,총계>관용,5498,535,1
202605,시군구,강원,횡성군,total,business,960,대,총계>영업용,5498,535,1
202605,시군구,강원,횡성군,total,total,30843,대,총계>계,5498,535,1
202605,시군구,강원,횡성군,van,official,64,대,승합>관용,5498,535,0
202605,시군구,강원,횡성군,truck,business,270,대,화물>영업용,5498,535,0
202605,시군구,강원,횡성군,van,total,939,대,승합>계,5498,535,1
202605,시군구,강원,횡성군,passenger,official,89,대,승용>관용,5498,535,0
202605,시군구,강원,횡성군,passenger,private,19953,대,승용>자가용,5498,535,0
202605,시군구,강원,횡성군,passenger,total,20586,대,승용>계,5498,535,1
202605,시군구,강원,횡성군,special,private,145,대,특수>자가용,5498,535,0
202605,시군구,강원,횡성군,van,business,95,대,승합>영업용,5498,535,0
202605,시도,강원,,truck,private,152800,대,화물>자가용,5498,536,0
202605,시도,강원,,special,official,343,대,특수>관용,5498,536,0
202605,시도,강원,,truck,total,164954,대,화물>계,5498,536,1
202605,시도,강원,,total,private,850364,대,총계>자가용,5498,536,1
202605,시도,강원,,van,private,18274,대,승합>자가용,5498,536,0
202605,시도,강원,,special,total,5809,대,특수>계,5498,536,1
202605,시도,강원,,passenger,business,11357,대,승용>영업용,5498,536,0
202605,시도,강원,,truck,official,2745,대,화물>관용,5498,536,0
202605,시도,강원,,special,business,1929,대,특수>영업용,5498,536,0
202605,시도,강원,,total,official,6828,대,총계>관용,5498,536,1
202605,시도,강원,,total,business,25641,대,총계>영업용,5498,536,1
202605,시도,강원,,total,total,882833,대,총계>계,5498,536,1
202605,시도,강원,,van,official,1636,대,승합>관용,5498,536,0
202605,시도,강원,,truck,business,9409,대,화물>영업용,5498,536,0
202605,시도,강원,,van,total,22856,대,승합>계,5498,536,1
202605,시도,강원,,passenger,official,2104,대,승용>관용,5498,536,0
202605,시도,강원,,passenger,private,675753,대,승용>자가용,5498,536,0
202605,시도,강원,,passenger,total,689214,대,승용>계,5498,536,1
202605,시도,강원,,special,private,3537,대,특수>자가용,5498,536,0
202605,시도,강원,,van,business,2946,대,승합>영업용,5498,536,0
202605,시군구,전북,고창군,truck,private,10679,대,화물>자가용,5498,537,0
202605,시군구,전북,고창군,special,official,15,대,특수>관용,5498,537,0
202605,시군구,전북,고창군,truck,total,11142,대,화물>계,5498,537,1
202605,시군구,전북,고창군,total,private,32761,대,총계>자가용,5498,537,1
202605,시군구,전북,고창군,van,private,1202,대,승합>자가용,5498,537,0
202605,시군구,전북,고창군,special,total,197,대,특수>계,5498,537,1
202605,시군구,전북,고창군,passenger,business,160,대,승용>영업용,5498,537,0
202605,시군구,전북,고창군,truck,official,155,대,화물>관용,5498,537,0
202605,시군구,전북,고창군,special,business,58,대,특수>영업용,5498,537,0
202605,시군구,전북,고창군,total,official,351,대,총계>관용,5498,537,1
202605,시군구,전북,고창군,total,business,619,대,총계>영업용,5498,537,1
202605,시군구,전북,고창군,total,total,33731,대,총계>계,5498,537,1
202605,시군구,전북,고창군,van,official,65,대,승합>관용,5498,537,0
202605,시군구,전북,고창군,truck,business,308,대,화물>영업용,5498,537,0
202605,시군구,전북,고창군,van,total,1360,대,승합>계,5498,537,1
202605,시군구,전북,고창군,passenger,official,116,대,승용>관용,5498,537,0
202605,시군구,전북,고창군,passenger,private,20756,대,승용>자가용,5498,537,0
202605,시군구,전북,고창군,passenger,total,21032,대,승용>계,5498,537,1
202605,시군구,전북,고창군,special,private,124,대,특수>자가용,5498,537,0
202605,시군구,전북,고창군,van,business,93,대,승합>영업용,5498,537,0
202605,시군구,전북,군산시,truck,private,19253,대,화물>자가용,5498,538,0
202605,시군구,전북,군산시,special,official,22,대,특수>관용,5498,538,0
202605,시군구,전북,군산시,truck,total,22774,대,화물>계,5498,538,1
202605,시군구,전북,군산시,total,private,141421,대,총계>자가용,5498,538,1
202605,시군구,전북,군산시,van,private,2711,대,승합>자가용,5498,538,0
202605,시군구,전북,군산시,special,total,1287,대,특수>계,5498,538,1
202605,시군구,전북,군산시,passenger,business,1896,대,승용>영업용,5498,538,0
202605,시군구,전북,군산시,truck,official,213,대,화물>관용,5498,538,0
202605,시군구,전북,군산시,special,business,719,대,특수>영업용,5498,538,0
202605,시군구,전북,군산시,total,official,568,대,총계>관용,5498,538,1
202605,시군구,전북,군산시,total,business,6434,대,총계>영업용,5498,538,1
202605,시군구,전북,군산시,total,total,148423,대,총계>계,5498,538,1
202605,시군구,전북,군산시,van,official,126,대,승합>관용,5498,538,0
202605,시군구,전북,군산시,truck,business,3308,대,화물>영업용,5498,538,0
202605,시군구,전북,군산시,van,total,3348,대,승합>계,5498,538,1
202605,시군구,전북,군산시,passenger,official,207,대,승용>관용,5498,538,0
202605,시군구,전북,군산시,passenger,private,118911,대,승용>자가용,5498,538,0
202605,시군구,전북,군산시,passenger,total,121014,대,승용>계,5498,538,1
202605,시군구,전북,군산시,special,private,546,대,특수>자가용,5498,538,0
202605,시군구,전북,군산시,van,business,511,대,승합>영업용,5498,538,0
202605,시군구,전북,김제시,truck,private,13997,대,화물>자가용,5498,539,0
202605,시군구,전북,김제시,special,official,8,대,특수>관용,5498,539,0
202605,시군구,전북,김제시,truck,total,15195,대,화물>계,5498,539,1
202605,시군구,전북,김제시,total,private,52006,대,총계>자가용,5498,539,1
202605,시군구,전북,김제시,van,private,1414,대,승합>자가용,5498,539,0
202605,시군구,전북,김제시,special,total,460,대,특수>계,5498,539,1
202605,시군구,전북,김제시,passenger,business,498,대,승용>영업용,5498,539,0
202605,시군구,전북,김제시,truck,official,150,대,화물>관용,5498,539,0
202605,시군구,전북,김제시,special,business,160,대,특수>영업용,5498,539,0
202605,시군구,전북,김제시,total,official,350,대,총계>관용,5498,539,1
202605,시군구,전북,김제시,total,business,1856,대,총계>영업용,5498,539,1
202605,시군구,전북,김제시,total,total,54212,대,총계>계,5498,539,1
202605,시군구,전북,김제시,van,official,59,대,승합>관용,5498,539,0
202605,시군구,전북,김제시,truck,business,1048,대,화물>영업용,5498,539,0
202605,시군구,전북,김제시,van,total,1623,대,승합>계,5498,539,1
202605,시군구,전북,김제시,passenger,official,133,대,승용>관용,5498,539,0
202605,시군구,전북,김제시,passenger,private,36303,대,승용>자가용,5498,539,0
202605,시군구,전북,김제시,passenger,total,36934,대,승용>계,5498,539,1
202605,시군구,전북,김제시,special,private,292,대,특수>자가용,5498,539,0
202605,시군구,전북,김제시,van,business,150,대,승합>영업용,5498,539,0
202605,시군구,전북,남원시,truck,private,12411,대,화물>자가용,5498,540,0
202605,시군구,전북,남원시,special,official,24,대,특수>관용,5498,540,0
202605,시군구,전북,남원시,truck,total,13058,대,화물>계,5498,540,1
202605,시군구,전북,남원시,total,private,43843,대,총계>자가용,5498,540,1
202605,시군구,전북,남원시,van,private,1074,대,승합>자가용,5498,540,0
202605,시군구,전북,남원시,special,total,296,대,특수>계,5498,540,1
202605,시군구,전북,남원시,passenger,business,376,대,승용>영업용,5498,540,0
202605,시군구,전북,남원시,truck,official,189,대,화물>관용,5498,540,0
202605,시군구,전북,남원시,special,business,75,대,특수>영업용,5498,540,0
202605,시군구,전북,남원시,total,official,460,대,총계>관용,5498,540,1
202605,시군구,전북,남원시,total,business,1067,대,총계>영업용,5498,540,1
202605,시군구,전북,남원시,total,total,45370,대,총계>계,5498,540,1
202605,시군구,전북,남원시,van,official,108,대,승합>관용,5498,540,0
202605,시군구,전북,남원시,truck,business,458,대,화물>영업용,5498,540,0
202605,시군구,전북,남원시,van,total,1340,대,승합>계,5498,540,1
202605,시군구,전북,남원시,passenger,official,139,대,승용>관용,5498,540,0
202605,시군구,전북,남원시,passenger,private,30161,대,승용>자가용,5498,540,0
202605,시군구,전북,남원시,passenger,total,30676,대,승용>계,5498,540,1
202605,시군구,전북,남원시,special,private,197,대,특수>자가용,5498,540,0
202605,시군구,전북,남원시,van,business,158,대,승합>영업용,5498,540,0
202605,시군구,전북,무주군,truck,private,4493,대,화물>자가용,5498,541,0
202605,시군구,전북,무주군,special,official,9,대,특수>관용,5498,541,0
202605,시군구,전북,무주군,truck,total,4842,대,화물>계,5498,541,1
202605,시군구,전북,무주군,total,private,14432,대,총계>자가용,5498,541,1
202605,시군구,전북,무주군,van,private,434,대,승합>자가용,5498,541,0
202605,시군구,전북,무주군,special,total,95,대,특수>계,5498,541,1
202605,시군구,전북,무주군,passenger,business,56,대,승용>영업용,5498,541,0
202605,시군구,전북,무주군,truck,official,102,대,화물>관용,5498,541,0
202605,시군구,전북,무주군,special,business,37,대,특수>영업용,5498,541,0
202605,시군구,전북,무주군,total,official,222,대,총계>관용,5498,541,1
202605,시군구,전북,무주군,total,business,392,대,총계>영업용,5498,541,1
202605,시군구,전북,무주군,total,total,15046,대,총계>계,5498,541,1
202605,시군구,전북,무주군,van,official,39,대,승합>관용,5498,541,0
202605,시군구,전북,무주군,truck,business,247,대,화물>영업용,5498,541,0
202605,시군구,전북,무주군,van,total,525,대,승합>계,5498,541,1
202605,시군구,전북,무주군,passenger,official,72,대,승용>관용,5498,541,0
202605,시군구,전북,무주군,passenger,private,9456,대,승용>자가용,5498,541,0
202605,시군구,전북,무주군,passenger,total,9584,대,승용>계,5498,541,1
202605,시군구,전북,무주군,special,private,49,대,특수>자가용,5498,541,0
202605,시군구,전북,무주군,van,business,52,대,승합>영업용,5498,541,0
202605,시군구,전북,부안군,truck,private,8743,대,화물>자가용,5498,542,0
202605,시군구,전북,부안군,special,official,15,대,특수>관용,5498,542,0
202605,시군구,전북,부안군,truck,total,9153,대,화물>계,5498,542,1
202605,시군구,전북,부안군,total,private,28908,대,총계>자가용,5498,542,1
202605,시군구,전북,부안군,van,private,747,대,승합>자가용,5498,542,0
202605,시군구,전북,부안군,special,total,192,대,특수>계,5498,542,1
202605,시군구,전북,부안군,passenger,business,171,대,승용>영업용,5498,542,0
202605,시군구,전북,부안군,truck,official,141,대,화물>관용,5498,542,0
202605,시군구,전북,부안군,special,business,53,대,특수>영업용,5498,542,0
202605,시군구,전북,부안군,total,official,320,대,총계>관용,5498,542,1
202605,시군구,전북,부안군,total,business,607,대,총계>영업용,5498,542,1
202605,시군구,전북,부안군,total,total,29835,대,총계>계,5498,542,1
202605,시군구,전북,부안군,van,official,63,대,승합>관용,5498,542,0
202605,시군구,전북,부안군,truck,business,269,대,화물>영업용,5498,542,0
202605,시군구,전북,부안군,van,total,924,대,승합>계,5498,542,1
202605,시군구,전북,부안군,passenger,official,101,대,승용>관용,5498,542,0
202605,시군구,전북,부안군,passenger,private,19294,대,승용>자가용,5498,542,0
202605,시군구,전북,부안군,passenger,total,19566,대,승용>계,5498,542,1
202605,시군구,전북,부안군,special,private,124,대,특수>자가용,5498,542,0
202605,시군구,전북,부안군,van,business,114,대,승합>영업용,5498,542,0
202605,시군구,전북,순창군,truck,private,5386,대,화물>자가용,5498,543,0
202605,시군구,전북,순창군,special,official,10,대,특수>관용,5498,543,0
202605,시군구,전북,순창군,truck,total,5549,대,화물>계,5498,543,1
202605,시군구,전북,순창군,total,private,17256,대,총계>자가용,5498,543,1
202605,시군구,전북,순창군,van,private,377,대,승합>자가용,5498,543,0
202605,시군구,전북,순창군,special,total,79,대,특수>계,5498,543,1
202605,시군구,전북,순창군,passenger,business,84,대,승용>영업용,5498,543,0
202605,시군구,전북,순창군,truck,official,100,대,화물>관용,5498,543,0
202605,시군구,전북,순창군,special,business,21,대,특수>영업용,5498,543,0
202605,시군구,전북,순창군,total,official,242,대,총계>관용,5498,543,1
202605,시군구,전북,순창군,total,business,188,대,총계>영업용,5498,543,1
202605,시군구,전북,순창군,total,total,17686,대,총계>계,5498,543,1
202605,시군구,전북,순창군,van,official,58,대,승합>관용,5498,543,0
202605,시군구,전북,순창군,truck,business,63,대,화물>영업용,5498,543,0
202605,시군구,전북,순창군,van,total,455,대,승합>계,5498,543,1
202605,시군구,전북,순창군,passenger,official,74,대,승용>관용,5498,543,0
202605,시군구,전북,순창군,passenger,private,11445,대,승용>자가용,5498,543,0
202605,시군구,전북,순창군,passenger,total,11603,대,승용>계,5498,543,1
202605,시군구,전북,순창군,special,private,48,대,특수>자가용,5498,543,0
202605,시군구,전북,순창군,van,business,20,대,승합>영업용,5498,543,0
202605,시군구,전북,완주군,truck,private,12541,대,화물>자가용,5498,544,0
202605,시군구,전북,완주군,special,official,30,대,특수>관용,5498,544,0
202605,시군구,전북,완주군,truck,total,15177,대,화물>계,5498,544,1
202605,시군구,전북,완주군,total,private,63143,대,총계>자가용,5498,544,1
202605,시군구,전북,완주군,van,private,1477,대,승합>자가용,5498,544,0
202605,시군구,전북,완주군,special,total,516,대,특수>계,5498,544,1
202605,시군구,전북,완주군,passenger,business,229,대,승용>영업용,5498,544,0
202605,시군구,전북,완주군,truck,official,218,대,화물>관용,5498,544,0
202605,시군구,전북,완주군,special,business,225,대,특수>영업용,5498,544,0
202605,시군구,전북,완주군,total,official,491,대,총계>관용,5498,544,1
202605,시군구,전북,완주군,total,business,3291,대,총계>영업용,5498,544,1
202605,시군구,전북,완주군,total,total,66925,대,총계>계,5498,544,1
202605,시군구,전북,완주군,van,official,110,대,승합>관용,5498,544,0
202605,시군구,전북,완주군,truck,business,2418,대,화물>영업용,5498,544,0
202605,시군구,전북,완주군,van,total,2006,대,승합>계,5498,544,1
202605,시군구,전북,완주군,passenger,official,133,대,승용>관용,5498,544,0
202605,시군구,전북,완주군,passenger,private,48864,대,승용>자가용,5498,544,0
202605,시군구,전북,완주군,passenger,total,49226,대,승용>계,5498,544,1
202605,시군구,전북,완주군,special,private,261,대,특수>자가용,5498,544,0
202605,시군구,전북,완주군,van,business,419,대,승합>영업용,5498,544,0
202605,시군구,전북,익산시,truck,private,24072,대,화물>자가용,5498,545,0
202605,시군구,전북,익산시,special,official,18,대,특수>관용,5498,545,0
202605,시군구,전북,익산시,truck,total,27424,대,화물>계,5498,545,1
202605,시군구,전북,익산시,total,private,145474,대,총계>자가용,5498,545,1
202605,시군구,전북,익산시,van,private,3525,대,승합>자가용,5498,545,0
202605,시군구,전북,익산시,special,total,937,대,특수>계,5498,545,1
202605,시군구,전북,익산시,passenger,business,1792,대,승용>영업용,5498,545,0
202605,시군구,전북,익산시,truck,official,213,대,화물>관용,5498,545,0
202605,시군구,전북,익산시,special,business,419,대,특수>영업용,5498,545,0
202605,시군구,전북,익산시,total,official,562,대,총계>관용,5498,545,1
202605,시군구,전북,익산시,total,business,5830,대,총계>영업용,5498,545,1
202605,시군구,전북,익산시,total,total,151866,대,총계>계,5498,545,1
202605,시군구,전북,익산시,van,official,132,대,승합>관용,5498,545,0
202605,시군구,전북,익산시,truck,business,3139,대,화물>영업용,5498,545,0
202605,시군구,전북,익산시,van,total,4137,대,승합>계,5498,545,1
202605,시군구,전북,익산시,passenger,official,199,대,승용>관용,5498,545,0
202605,시군구,전북,익산시,passenger,private,117377,대,승용>자가용,5498,545,0
202605,시군구,전북,익산시,passenger,total,119368,대,승용>계,5498,545,1
202605,시군구,전북,익산시,special,private,500,대,특수>자가용,5498,545,0
202605,시군구,전북,익산시,van,business,480,대,승합>영업용,5498,545,0
202605,시군구,전북,임실군,truck,private,4951,대,화물>자가용,5498,546,0
202605,시군구,전북,임실군,special,official,9,대,특수>관용,5498,546,0
202605,시군구,전북,임실군,truck,total,5353,대,화물>계,5498,546,1
202605,시군구,전북,임실군,total,private,15471,대,총계>자가용,5498,546,1
202605,시군구,전북,임실군,van,private,388,대,승합>자가용,5498,546,0
202605,시군구,전북,임실군,special,total,95,대,특수>계,5498,546,1
202605,시군구,전북,임실군,passenger,business,57,대,승용>영업용,5498,546,0
202605,시군구,전북,임실군,truck,official,121,대,화물>관용,5498,546,0
202605,시군구,전북,임실군,special,business,23,대,특수>영업용,5498,546,0
202605,시군구,전북,임실군,total,official,274,대,총계>관용,5498,546,1
202605,시군구,전북,임실군,total,business,427,대,총계>영업용,5498,546,1
202605,시군구,전북,임실군,total,total,16172,대,총계>계,5498,546,1
202605,시군구,전북,임실군,van,official,61,대,승합>관용,5498,546,0
202605,시군구,전북,임실군,truck,business,281,대,화물>영업용,5498,546,0
202605,시군구,전북,임실군,van,total,515,대,승합>계,5498,546,1
202605,시군구,전북,임실군,passenger,official,83,대,승용>관용,5498,546,0
202605,시군구,전북,임실군,passenger,private,10069,대,승용>자가용,5498,546,0
202605,시군구,전북,임실군,passenger,total,10209,대,승용>계,5498,546,1
202605,시군구,전북,임실군,special,private,63,대,특수>자가용,5498,546,0
202605,시군구,전북,임실군,van,business,66,대,승합>영업용,5498,546,0
202605,시군구,전북,장수군,truck,private,4525,대,화물>자가용,5498,547,0
202605,시군구,전북,장수군,special,official,7,대,특수>관용,5498,547,0
202605,시군구,전북,장수군,truck,total,4732,대,화물>계,5498,547,1
202605,시군구,전북,장수군,total,private,13401,대,총계>자가용,5498,547,1
202605,시군구,전북,장수군,van,private,317,대,승합>자가용,5498,547,0
202605,시군구,전북,장수군,special,total,86,대,특수>계,5498,547,1
202605,시군구,전북,장수군,passenger,business,32,대,승용>영업용,5498,547,0
202605,시군구,전북,장수군,truck,official,114,대,화물>관용,5498,547,0
202605,시군구,전북,장수군,special,business,23,대,특수>영업용,5498,547,0
202605,시군구,전북,장수군,total,official,241,대,총계>관용,5498,547,1
202605,시군구,전북,장수군,total,business,169,대,총계>영업용,5498,547,1
202605,시군구,전북,장수군,total,total,13811,대,총계>계,5498,547,1
202605,시군구,전북,장수군,van,official,41,대,승합>관용,5498,547,0
202605,시군구,전북,장수군,truck,business,93,대,화물>영업용,5498,547,0
202605,시군구,전북,장수군,van,total,379,대,승합>계,5498,547,1
202605,시군구,전북,장수군,passenger,official,79,대,승용>관용,5498,547,0
202605,시군구,전북,장수군,passenger,private,8503,대,승용>자가용,5498,547,0
202605,시군구,전북,장수군,passenger,total,8614,대,승용>계,5498,547,1
202605,시군구,전북,장수군,special,private,56,대,특수>자가용,5498,547,0
202605,시군구,전북,장수군,van,business,21,대,승합>영업용,5498,547,0
202605,시군구,전북,전주시 덕진구,truck,private,18730,대,화물>자가용,5498,548,0
202605,시군구,전북,전주시 덕진구,special,official,13,대,특수>관용,5498,548,0
202605,시군구,전북,전주시 덕진구,truck,total,21521,대,화물>계,5498,548,1
202605,시군구,전북,전주시 덕진구,total,private,171603,대,총계>자가용,5498,548,1
202605,시군구,전북,전주시 덕진구,van,private,3055,대,승합>자가용,5498,548,0
202605,시군구,전북,전주시 덕진구,special,total,1017,대,특수>계,5498,548,1
202605,시군구,전북,전주시 덕진구,passenger,business,2973,대,승용>영업용,5498,548,0
202605,시군구,전북,전주시 덕진구,truck,official,151,대,화물>관용,5498,548,0
202605,시군구,전북,전주시 덕진구,special,business,405,대,특수>영업용,5498,548,0
202605,시군구,전북,전주시 덕진구,total,official,426,대,총계>관용,5498,548,1
202605,시군구,전북,전주시 덕진구,total,business,6930,대,총계>영업용,5498,548,1
202605,시군구,전북,전주시 덕진구,total,total,178959,대,총계>계,5498,548,1
202605,시군구,전북,전주시 덕진구,van,official,95,대,승합>관용,5498,548,0
202605,시군구,전북,전주시 덕진구,truck,business,2640,대,화물>영업용,5498,548,0
202605,시군구,전북,전주시 덕진구,van,total,4062,대,승합>계,5498,548,1
202605,시군구,전북,전주시 덕진구,passenger,official,167,대,승용>관용,5498,548,0
202605,시군구,전북,전주시 덕진구,passenger,private,149219,대,승용>자가용,5498,548,0
202605,시군구,전북,전주시 덕진구,passenger,total,152359,대,승용>계,5498,548,1
202605,시군구,전북,전주시 덕진구,special,private,599,대,특수>자가용,5498,548,0
202605,시군구,전북,전주시 덕진구,van,business,912,대,승합>영업용,5498,548,0
202605,시군구,전북,전주시 완산구,truck,private,15482,대,화물>자가용,5498,549,0
202605,시군구,전북,전주시 완산구,special,official,21,대,특수>관용,5498,549,0
202605,시군구,전북,전주시 완산구,truck,total,17278,대,화물>계,5498,549,1
202605,시군구,전북,전주시 완산구,total,private,154835,대,총계>자가용,5498,549,1
202605,시군구,전북,전주시 완산구,van,private,2761,대,승합>자가용,5498,549,0
202605,시군구,전북,전주시 완산구,special,total,670,대,특수>계,5498,549,1
202605,시군구,전북,전주시 완산구,passenger,business,1969,대,승용>영업용,5498,549,0
202605,시군구,전북,전주시 완산구,truck,official,210,대,화물>관용,5498,549,0
202605,시군구,전북,전주시 완산구,special,business,258,대,특수>영업용,5498,549,0
202605,시군구,전북,전주시 완산구,total,official,797,대,총계>관용,5498,549,1
202605,시군구,전북,전주시 완산구,total,business,4361,대,총계>영업용,5498,549,1
202605,시군구,전북,전주시 완산구,total,total,159993,대,총계>계,5498,549,1
202605,시군구,전북,전주시 완산구,van,official,216,대,승합>관용,5498,549,0
202605,시군구,전북,전주시 완산구,truck,business,1586,대,화물>영업용,5498,549,0
202605,시군구,전북,전주시 완산구,van,total,3525,대,승합>계,5498,549,1
202605,시군구,전북,전주시 완산구,passenger,official,350,대,승용>관용,5498,549,0
202605,시군구,전북,전주시 완산구,passenger,private,136201,대,승용>자가용,5498,549,0
202605,시군구,전북,전주시 완산구,passenger,total,138520,대,승용>계,5498,549,1
202605,시군구,전북,전주시 완산구,special,private,391,대,특수>자가용,5498,549,0
202605,시군구,전북,전주시 완산구,van,business,548,대,승합>영업용,5498,549,0
202605,시군구,전북,정읍시,truck,private,14918,대,화물>자가용,5498,550,0
202605,시군구,전북,정읍시,special,official,11,대,특수>관용,5498,550,0
202605,시군구,전북,정읍시,truck,total,16003,대,화물>계,5498,550,1
202605,시군구,전북,정읍시,total,private,59101,대,총계>자가용,5498,550,1
202605,시군구,전북,정읍시,van,private,1464,대,승합>자가용,5498,550,0
202605,시군구,전북,정읍시,special,total,417,대,특수>계,5498,550,1
202605,시군구,전북,정읍시,passenger,business,637,대,승용>영업용,5498,550,0
202605,시군구,전북,정읍시,truck,official,166,대,화물>관용,5498,550,0
202605,시군구,전북,정읍시,special,business,127,대,특수>영업용,5498,550,0
202605,시군구,전북,정읍시,total,official,392,대,총계>관용,5498,550,1
202605,시군구,전북,정읍시,total,business,1880,대,총계>영업용,5498,550,1
202605,시군구,전북,정읍시,total,total,61373,대,총계>계,5498,550,1
202605,시군구,전북,정읍시,van,official,106,대,승합>관용,5498,550,0
202605,시군구,전북,정읍시,truck,business,919,대,화물>영업용,5498,550,0
202605,시군구,전북,정읍시,van,total,1767,대,승합>계,5498,550,1
202605,시군구,전북,정읍시,passenger,official,109,대,승용>관용,5498,550,0
202605,시군구,전북,정읍시,passenger,private,42440,대,승용>자가용,5498,550,0
202605,시군구,전북,정읍시,passenger,total,43186,대,승용>계,5498,550,1
202605,시군구,전북,정읍시,special,private,279,대,특수>자가용,5498,550,0
202605,시군구,전북,정읍시,van,business,197,대,승합>영업용,5498,550,0
202605,시군구,전북,진안군,truck,private,5063,대,화물>자가용,5498,551,0
202605,시군구,전북,진안군,special,official,18,대,특수>관용,5498,551,0
202605,시군구,전북,진안군,truck,total,5278,대,화물>계,5498,551,1
202605,시군구,전북,진안군,total,private,15616,대,총계>자가용,5498,551,1
202605,시군구,전북,진안군,van,private,385,대,승합>자가용,5498,551,0
202605,시군구,전북,진안군,special,total,97,대,특수>계,5498,551,1
202605,시군구,전북,진안군,passenger,business,68,대,승용>영업용,5498,551,0
202605,시군구,전북,진안군,truck,official,113,대,화물>관용,5498,551,0
202605,시군구,전북,진안군,special,business,16,대,특수>영업용,5498,551,0
202605,시군구,전북,진안군,total,official,295,대,총계>관용,5498,551,1
202605,시군구,전북,진안군,total,business,280,대,총계>영업용,5498,551,1
202605,시군구,전북,진안군,total,total,16191,대,총계>계,5498,551,1
202605,시군구,전북,진안군,van,official,49,대,승합>관용,5498,551,0
202605,시군구,전북,진안군,truck,business,102,대,화물>영업용,5498,551,0
202605,시군구,전북,진안군,van,total,528,대,승합>계,5498,551,1
202605,시군구,전북,진안군,passenger,official,115,대,승용>관용,5498,551,0
202605,시군구,전북,진안군,passenger,private,10105,대,승용>자가용,5498,551,0
202605,시군구,전북,진안군,passenger,total,10288,대,승용>계,5498,551,1
202605,시군구,전북,진안군,special,private,63,대,특수>자가용,5498,551,0
202605,시군구,전북,진안군,van,business,94,대,승합>영업용,5498,551,0
202605,시도,전북,,truck,private,175244,대,화물>자가용,5498,552,0
202605,시도,전북,,special,official,230,대,특수>관용,5498,552,0
202605,시도,전북,,truck,total,194479,대,화물>계,5498,552,1
202605,시도,전북,,total,private,969271,대,총계>자가용,5498,552,1
202605,시도,전북,,van,private,21331,대,승합>자가용,5498,552,0
202605,시도,전북,,special,total,6441,대,특수>계,5498,552,1
202605,시도,전북,,passenger,business,10998,대,승용>영업용,5498,552,0
202605,시도,전북,,truck,official,2356,대,화물>관용,5498,552,0
202605,시도,전북,,special,business,2619,대,특수>영업용,5498,552,0
202605,시도,전북,,total,official,5991,대,총계>관용,5498,552,1
202605,시도,전북,,total,business,34331,대,총계>영업용,5498,552,1
202605,시도,전북,,total,total,1009593,대,총계>계,5498,552,1
202605,시도,전북,,van,official,1328,대,승합>관용,5498,552,0
202605,시도,전북,,truck,business,16879,대,화물>영업용,5498,552,0
202605,시도,전북,,van,total,26494,대,승합>계,5498,552,1
202605,시도,전북,,passenger,official,2077,대,승용>관용,5498,552,0
202605,시도,전북,,passenger,private,769104,대,승용>자가용,5498,552,0
202605,시도,전북,,passenger,total,782179,대,승용>계,5498,552,1
202605,시도,전북,,special,private,3592,대,특수>자가용,5498,552,0
202605,시도,전북,,van,business,3835,대,승합>영업용,5498,552,0
